Year-End Class Summary Report,,,,,,,,,,,,,,,,,,,,,,,,,,,,,,,,,,,,,,,,,,,,,,,,,,,,,,,,,,,,,,
Class,Grade 3S - Year Based Grading Model,,,,,,,,,,,,,,,,,,,,,,,,,,,,,,,,,,,,,,,,,,,,,,,,,,,,,,,,,,,,,
Academic Year,January - December 2026,,,,,,,,,,,,,,,,,,,,,,,,,,,,,,,,,,,,,,,,,,,,,,,,,,,,,,,,,,,,,
Year Coursework Weight,40%,,,,,,,,,,,,,,,,,,,,,,,,,,,,,,,,,,,,,,,,,,,,,,,,,,,,,,,,,,,,,
Year Exam Weight,60%,,,,,,,,,,,,,,,,,,,,,,,,,,,,,,,,,,,,,,,,,,,,,,,,,,,,,,,,,,,,,
Total Students,1000,,,,,,,,,,,,,,,,,,,,,,,,,,,,,,,,,,,,,,,,,,,,,,,,,,,,,,,,,,,,,
Class Average,52.07,,,,,,,,,,,,,,,,,,,,,,,,,,,,,,,,,,,,,,,,,,,,,,,,,,,,,,,,,,,,,
,,,,,,,,,,,,,,,,,,,,,,,,,,,,,,,,,,,,,,,,,,,,,,,,,,,,,,,,,,,,,,
Student Year Grades,,,,,,,,,,,,,,,,,,,,,,,,,,,,,,,,,,,,,,,,,,,,,,,,,,,,,,,,,,,,,,
,,Health and Family Life Education,,,,,Spelling,,,,,Reading,,,,,Reading Comprehension,,,,,Mathematics,,,,,General Knowledge,,,,,Grammar,,,,,Language Arts,,,,,General Science,,,,,Social Studies,,,,,Agricultural Science,,,,,Home Economics,,,,,
Position,Student,M,H,T,E,Year,M,H,T,E,Year,M,H,T,E,Year,M,H,T,E,Year,M,H,T,E,Year,M,H,T,E,Year,M,H,T,E,Year,M,H,T,E,Year,M,H,T,E,Year,M,H,T,E,Year,M,H,T,E,Year,M,H,T,E,Year,Year Average
1,Ava Gray,55.4,59.8,55.3,58.2,57.7,80.9,63.4,67.4,77.0,74.4,62.0,91.3,72.8,80.5,78.4,61.9,74.0,64.1,84.7,77.5,85.4,77.8,69.6,56.3,64.8,88.4,70.0,69.4,91.1,85.0,97.6,70.4,67.0,77.5,77.8,65.7,59.0,83.3,89.4,81.4,76.0,55.4,89.2,66.8,69.5,76.4,69.9,83.7,65.6,70.0,60.3,69.9,91.6,84.3,80.2,98.9,88.5,89.9,70.6,79.3,74.67
2,Liam Gray,30.4,19.5,44.3,23.5,26.7,38.1,23.5,28.6,17.5,22.5,23.3,38.5,20.8,12.2,18.3,30.6,24.8,27.2,26.5,26.9,11.3,16.4,17.3,40.9,30.5,27.7,19.9,37.9,30.2,29.5,39.1,35.7,18.0,34.5,33.1,29.0,36.0,12.8,42.1,35.6,12.0,33.6,41.5,13.9,20.0,40.7,25.9,27.3,33.0,32.3,43.5,32.4,12.0,13.8,20.0,23.5,22.9,29.9,20.0,22.2,26.47
3,Noah Gray,99.1,87.8,98.3,80.4,86.3,99.4,94.4,77.2,92.2,91.5,98.6,90.8,72.7,97.3,93.3,57.8,85.7,86.8,92.4,86.1,60.7,87.6,57.2,88.1,80.3,56.9,67.7,87.9,81.2,77.1,61.2,59.5,66.4,56.9,59.1,87.7,71.3,59.1,78.2,76.0,71.8,58.2,82.5,93.5,84.4,69.4,72.6,69.1,73.2,72.1,88.3,56.9,88.6,88.2,84.1,83.9,67.7,99.2,88.4,86.5,81.4
4,Mia Gray,24.3,26.6,43.4,30.4,30.8,13.6,20.1,34.9,15.6,18.5,18.5,28.9,25.9,35.1,30.8,13.5,44.2,27.6,23.6,25.5,11.4,31.8,17.7,44.6,34.9,26.0,10.7,43.1,37.7,33.3,28.2,14.0,11.7,10.7,13.6,42.6,23.6,30.0,39.1,36.3,41.7,40.6,33.0,38.2,38.3,22.5,15.2,20.9,30.9,26.4,16.7,31.3,25.5,43.3,35.8,19.8,17.2,37.8,31.3,28.8,29.42
5,Ethan Gray,55.4,59.9,67.2,74.9,69.3,55.6,76.3,66.4,74.5,71.1,66.3,94.5,94.0,55.6,67.3,64.4,63.5,66.5,88.8,79.2,75.9,76.1,86.0,71.9,74.9,75.7,63.3,86.5,90.6,84.4,88.0,87.2,57.5,60.4,67.3,65.1,83.4,99.0,61.4,69.8,69.4,98.2,78.4,74.5,77.5,58.6,64.4,96.1,66.2,68.9,73.2,58.2,97.0,95.1,87.5,78.1,73.4,59.8,57.6,62.7,73.33
6,Ella Gray,25.4,25.0,15.8,29.2,26.3,16.4,12.1,33.4,24.4,22.9,24.1,23.7,18.5,11.2,15.6,31.8,33.9,22.6,39.4,35.4,25.0,41.5,25.2,26.7,28.2,17.2,23.5,43.9,36.8,33.4,28.8,31.2,43.5,29.5,31.5,41.3,22.0,31.2,44.6,39.4,10.2,33.0,24.1,37.0,31.2,36.2,19.9,35.9,39.9,36.2,25.3,14.9,32.3,34.7,30.5,26.4,30.5,21.6,31.1,29.1,29.97
7,Lucas Gray,33.8,19.9,23.6,19.7,22.1,21.4,27.6,24.0,14.8,18.6,16.5,10.3,41.3,21.1,21.7,26.9,39.1,11.4,27.2,26.6,19.0,29.7,31.7,14.9,19.7,43.0,26.3,39.0,26.9,30.6,17.3,13.8,17.2,35.6,27.8,24.9,42.8,29.5,44.8,39.8,37.9,41.2,37.0,13.5,23.6,32.9,22.0,14.8,32.4,28.7,28.2,44.7,43.7,41.5,40.4,39.6,19.3,11.2,42.4,34.8,27.87
8,Grace Gray,63.3,98.8,98.0,70.0,76.7,76.1,76.6,90.1,95.6,89.7,97.7,81.9,85.6,77.6,81.9,90.3,79.9,85.4,59.2,69.6,75.6,57.2,98.2,94.2,87.3,69.7,92.7,60.5,85.8,81.2,86.7,89.6,98.4,94.8,93.5,77.7,87.2,88.6,93.8,90.1,65.0,55.9,87.7,89.9,81.8,72.3,65.2,62.4,83.3,76.6,78.1,77.4,95.0,80.3,81.6,87.6,73.7,98.6,81.3,83.4,82.78
9,Mason Gray,71.1,97.6,99.9,93.0,91.6,55.2,77.0,71.4,64.9,66.1,97.8,83.5,97.7,62.9,74.9,64.2,90.0,62.9,80.1,77.0,79.3,79.7,80.5,88.2,84.9,72.0,67.8,73.3,85.7,79.8,97.4,93.4,64.0,78.7,81.2,73.6,69.7,70.7,77.2,74.9,63.6,77.9,57.4,73.8,70.8,66.9,97.4,84.3,83.4,83.2,81.8,66.9,98.3,65.5,72.2,78.6,99.5,55.7,88.9,84.5,78.42
10,Chloe Gray,82.2,87.1,69.2,75.4,77.0,64.6,77.8,85.7,83.5,80.5,82.9,96.4,90.4,98.4,95.0,55.3,98.2,74.1,94.1,86.8,82.5,66.4,96.7,63.7,71.0,79.9,63.2,73.0,91.1,83.5,57.6,89.0,62.6,99.6,87.7,99.8,82.6,76.1,68.2,75.4,76.3,82.8,94.3,75.0,78.8,86.2,90.5,91.5,55.6,69.1,71.9,62.5,95.0,96.3,88.4,60.3,81.5,60.8,82.9,76.8,80.83
11,Logan Gray,16.4,44.8,40.0,32.2,32.8,11.7,23.0,10.1,11.8,13.1,24.1,20.8,23.3,12.7,16.7,10.2,44.9,20.3,27.1,26.3,19.9,42.9,20.9,26.2,26.9,39.1,14.9,24.3,20.7,22.9,27.9,30.2,11.2,17.1,19.5,38.4,17.7,11.3,26.7,25.0,17.1,32.0,27.9,34.3,30.8,10.6,15.5,13.3,40.9,29.8,42.3,41.5,38.2,11.1,22.9,23.6,41.6,11.9,16.1,19.9,23.88
12,Zoe Gray,43.3,18.5,24.5,40.3,35.7,11.1,19.3,35.3,42.9,34.5,25.7,41.4,26.9,16.9,22.7,16.3,41.2,13.9,10.1,15.6,11.1,10.9,37.5,44.5,34.6,15.1,39.9,43.0,19.4,24.7,22.0,31.1,34.8,22.8,25.4,43.5,25.7,17.3,40.8,36.0,20.0,35.9,40.4,43.6,39.0,34.1,44.7,19.0,21.4,25.9,23.6,22.4,26.3,31.1,28.3,12.6,35.4,17.6,28.4,25.8,29.02
13,Henry Gray,27.9,37.4,34.9,35.4,34.6,31.5,21.5,43.8,42.4,38.3,40.8,11.4,21.8,26.2,25.6,30.5,20.4,28.8,38.5,33.7,32.0,37.1,16.6,29.3,29.0,38.1,24.5,21.2,25.4,26.4,29.8,26.3,12.5,17.0,19.3,36.2,30.1,30.4,19.2,24.4,34.2,25.1,28.0,19.1,23.1,12.3,31.2,38.3,41.4,35.7,37.1,44.0,19.9,25.9,29.0,21.7,11.6,36.0,28.8,26.5,28.8
14,Layla Gray,93.8,83.6,96.7,91.0,91.1,92.2,64.4,99.5,74.2,78.7,65.0,85.5,73.9,90.4,84.2,74.8,90.4,60.2,57.5,64.6,68.4,84.1,65.6,66.8,69.2,73.7,82.1,81.4,68.1,72.5,65.4,63.4,56.9,86.0,76.4,62.5,60.4,70.6,59.8,61.7,86.2,89.0,60.0,58.3,66.3,61.3,87.5,62.1,97.4,86.6,78.4,98.5,98.8,68.0,77.6,55.2,68.8,61.4,74.1,69.2,74.84
15,Owen Gray,42.6,23.8,42.6,30.5,32.8,29.4,12.9,39.9,24.3,25.5,37.4,16.4,40.3,27.2,28.9,21.0,25.0,24.2,13.5,17.5,24.8,11.8,30.7,40.6,33.3,11.9,25.6,37.7,38.0,32.8,40.5,12.3,27.2,18.0,21.5,31.6,20.3,18.0,36.7,31.3,21.6,34.8,13.7,23.2,23.3,37.1,23.0,22.1,34.8,31.8,21.4,37.9,35.3,18.6,23.8,21.2,32.8,11.1,36.8,30.8,27.78
16,Nora Gray,81.7,56.4,80.8,82.2,78.5,73.1,92.4,67.8,59.7,66.9,77.2,61.7,62.5,55.9,60.4,73.9,72.0,65.1,86.1,79.8,89.7,80.3,79.8,68.4,74.3,71.2,79.2,56.5,68.0,68.4,80.5,77.0,98.2,82.7,83.7,90.9,56.9,96.3,85.0,83.5,91.8,77.5,99.7,58.6,71.0,58.3,80.4,78.3,88.6,82.1,64.7,74.3,72.2,88.4,81.2,98.9,84.4,90.1,66.5,76.4,75.52
17,Wyatt Gray,16.1,19.3,38.9,22.2,23.2,15.5,43.0,13.5,12.6,17.2,42.3,33.7,30.2,39.0,37.6,15.5,43.8,19.6,34.2,31.0,43.9,18.5,38.6,44.5,40.2,40.1,20.4,13.1,20.6,22.2,38.8,27.1,44.2,18.4,25.7,20.9,10.9,35.2,23.9,23.3,12.9,24.6,21.3,21.1,20.5,32.5,15.5,42.1,36.7,34.0,38.8,40.1,43.9,22.3,29.8,13.8,34.4,21.4,42.7,34.9,28.3
18,Hazel Gray,99.6,90.9,76.5,79.8,83.5,80.5,65.4,87.2,86.7,83.1,93.9,88.6,88.9,97.4,94.6,95.7,95.7,69.4,70.4,77.0,76.7,92.1,93.8,75.6,80.4,80.3,76.5,79.8,78.8,78.8,85.2,99.5,91.4,99.5,96.5,57.6,81.9,82.7,56.9,63.8,72.6,64.4,83.8,69.6,71.2,97.6,86.1,55.7,68.0,72.7,89.6,72.1,55.0,58.1,63.8,86.1,86.9,70.6,95.2,89.6,79.58
19,Julian Gray,27.2,35.7,27.2,27.0,28.2,37.8,20.6,36.0,30.4,30.8,36.5,28.6,18.3,32.9,30.9,11.4,10.4,32.2,21.6,20.2,28.3,29.7,44.8,28.3,30.7,23.0,30.6,36.4,36.1,33.7,30.0,33.9,33.8,30.9,31.6,40.1,40.4,15.5,43.6,39.0,16.7,30.9,12.4,43.4,34.0,44.6,42.0,34.2,37.4,38.5,32.1,22.6,36.1,20.2,24.2,38.7,41.5,44.7,26.2,32.4,31.18
20,Aria Gray,28.8,38.9,21.8,14.7,20.8,29.3,20.9,13.7,19.5,20.2,42.2,37.9,16.4,35.2,34.0,34.7,18.6,11.3,40.7,33.0,17.7,35.3,27.6,21.5,23.6,17.0,32.2,43.0,33.1,32.2,17.5,26.1,15.1,31.5,26.7,32.3,39.9,34.5,28.2,31.1,30.0,34.4,23.8,38.1,34.6,38.8,38.2,13.5,14.3,20.6,16.2,14.6,29.1,35.8,29.5,19.1,34.8,32.1,25.9,27.0,27.78
21,Levi Gray,34.5,14.4,40.3,16.2,21.6,16.5,15.0,13.9,36.7,28.1,19.6,41.4,41.9,22.8,27.4,15.7,39.6,19.6,40.8,34.5,21.0,39.4,21.0,20.1,22.9,36.9,40.4,17.9,20.9,25.2,30.4,42.4,20.5,26.3,28.2,19.0,18.0,10.4,36.0,27.9,37.7,11.4,20.3,32.0,28.5,33.3,27.0,28.2,44.9,38.7,19.3,21.1,24.7,14.2,17.2,19.8,11.9,27.6,17.6,18.5,26.56
22,Ruby Gray,69.3,67.5,73.5,80.4,76.3,57.6,81.8,89.4,60.0,66.5,60.2,58.9,86.6,62.4,64.9,96.4,68.4,70.9,93.2,87.3,94.7,74.5,93.8,97.0,93.3,65.7,85.9,98.5,82.3,82.7,68.3,99.2,96.8,68.7,76.5,90.2,98.6,58.2,82.8,82.6,82.3,70.9,96.7,90.7,87.7,83.8,63.0,94.2,60.0,68.1,74.1,66.8,78.0,68.2,70.1,78.1,70.0,88.1,96.0,89.1,78.76
23,Isaac Gray,17.3,39.2,34.1,23.3,26.1,41.9,35.9,26.2,23.8,28.1,26.3,17.0,25.0,36.1,30.8,24.4,11.5,34.2,36.5,31.2,26.7,10.1,34.9,34.7,30.4,13.0,29.6,37.3,29.7,28.5,33.3,21.5,32.5,40.6,36.0,23.0,34.6,16.9,31.3,28.7,33.6,35.3,18.8,12.3,19.1,39.7,27.5,16.6,35.9,32.7,11.1,26.2,43.7,18.6,22.0,32.3,29.7,14.8,43.5,36.3,29.16
24,Luna Gray,71.4,63.9,64.9,95.2,83.8,94.5,80.7,77.2,73.8,77.9,76.6,68.9,96.5,82.9,82.0,78.7,70.9,65.0,72.3,72.0,100.0,56.2,74.0,82.6,80.3,87.8,79.3,77.0,95.5,89.8,72.0,81.8,68.8,76.5,75.6,64.5,58.9,63.7,88.3,77.9,55.6,67.7,73.6,91.9,81.4,95.2,83.3,81.1,92.6,90.2,74.0,66.8,76.6,96.8,87.1,57.0,63.6,76.7,89.9,80.2,81.52
25,Leo Gray,64.0,74.8,67.4,92.0,82.7,55.3,62.9,91.5,92.3,83.3,99.6,80.5,89.1,95.4,93.1,57.9,64.0,76.6,71.9,69.6,69.4,80.3,61.0,85.0,79.1,88.8,95.7,81.9,88.2,88.4,89.1,57.5,60.3,84.2,78.1,85.1,90.4,87.2,72.1,78.3,81.5,68.4,99.6,64.2,71.8,75.9,57.2,68.8,79.0,74.3,95.7,68.1,69.3,84.5,81.8,56.7,81.1,81.5,56.5,63.1,78.63
26,Ivy Gray,18.1,26.6,14.5,39.2,31.4,30.2,39.7,29.4,23.7,27.5,34.9,34.3,18.5,13.8,20.0,18.6,23.3,11.0,14.0,15.5,38.6,25.5,28.9,35.1,33.5,27.7,11.0,23.6,15.4,17.5,11.6,44.5,28.3,28.7,28.5,14.3,29.8,11.4,28.9,24.7,28.9,25.4,18.4,24.9,24.6,26.5,44.4,22.8,19.4,24.1,36.1,44.6,16.3,40.2,37.1,43.9,15.6,31.9,40.5,36.5,26.74
27,Elijah Gray,94.5,94.9,58.2,90.2,87.1,67.3,58.0,97.3,90.3,83.9,86.8,84.8,58.3,58.2,65.6,87.2,85.9,84.6,77.2,80.7,87.9,64.4,87.5,85.6,83.3,78.2,66.3,78.9,81.8,78.9,64.3,63.6,60.5,96.9,83.3,96.5,69.2,60.0,96.9,88.2,96.6,79.8,71.1,88.0,85.8,55.9,76.4,72.5,86.1,79.0,86.6,65.3,58.1,73.3,72.0,96.9,97.8,83.7,70.7,79.5,80.61
28,Stella Gray,11.8,45.0,38.2,12.1,19.9,11.8,19.8,31.6,12.4,15.9,11.6,35.0,25.0,13.1,17.4,41.4,36.8,23.6,15.2,22.7,42.2,30.1,39.5,44.0,41.3,24.4,20.7,42.4,25.9,27.2,10.3,34.1,23.8,30.6,27.5,40.4,38.3,22.2,21.3,26.2,19.5,32.1,31.7,44.4,37.7,17.5,27.9,44.9,27.4,28.5,11.5,12.8,21.3,42.6,31.6,22.3,27.4,11.7,24.8,23.1,26.58
29,Caleb Gray,59.3,89.7,88.1,87.9,84.4,92.8,65.2,61.4,89.7,83.1,84.1,61.2,84.5,87.2,83.0,92.2,70.7,74.0,82.1,80.8,75.8,59.7,66.2,89.3,80.5,64.6,69.1,67.6,91.6,81.8,77.3,75.5,64.8,86.3,80.8,58.8,69.9,56.6,57.0,58.9,95.1,88.6,96.6,81.4,86.2,72.3,68.3,77.1,97.1,87.3,73.5,56.5,70.4,78.3,73.7,68.6,77.0,58.8,76.0,72.9,79.45
30,Willow Gray,60.1,99.4,77.0,98.3,90.5,77.8,86.0,64.4,65.8,69.9,80.1,97.0,75.2,86.2,85.4,85.0,80.7,66.3,65.5,70.2,96.1,63.7,71.6,85.8,82.3,74.1,78.9,99.8,60.9,70.2,91.0,68.7,87.4,65.5,72.2,83.4,67.3,99.1,67.7,73.9,94.5,91.4,65.8,68.0,74.4,90.5,73.7,62.4,57.4,64.7,98.9,82.5,91.5,81.6,85.3,94.5,92.1,99.9,91.2,92.9,77.66
31,David Gray,30.1,17.2,27.9,28.6,27.2,25.3,28.0,35.0,17.4,22.2,18.3,14.7,13.2,30.3,24.3,11.5,15.1,44.1,16.4,19.3,28.2,19.1,30.4,37.7,33.0,39.9,29.0,19.8,37.5,34.3,25.7,21.2,34.7,17.4,21.3,25.4,22.3,41.4,41.5,36.8,28.1,18.5,39.5,36.1,33.1,24.8,33.6,34.8,41.6,37.4,31.0,19.3,17.3,43.3,35.0,15.3,25.7,32.5,31.4,28.6,29.38
32,Maya Gray,94.1,88.6,83.9,56.7,69.6,63.0,80.6,84.2,67.7,71.0,65.4,57.6,77.7,99.9,86.7,67.3,57.6,59.9,75.7,70.1,92.4,80.7,61.2,64.4,69.9,69.7,72.3,94.7,64.6,70.3,86.1,76.9,82.3,59.7,68.5,63.0,64.1,67.2,99.0,85.3,57.3,58.9,71.1,87.2,77.3,87.6,68.5,67.6,78.9,77.2,76.5,73.0,80.7,98.6,89.9,77.7,99.3,86.0,59.7,70.9,75.56
33,Gabriel Gray,99.7,99.1,76.5,85.6,88.1,60.0,64.9,58.9,62.5,62.0,82.6,76.7,63.4,78.8,77.0,81.7,72.6,87.6,56.7,66.3,68.1,69.4,95.1,79.0,78.4,70.6,66.2,72.0,82.5,77.3,61.7,63.4,89.6,88.4,81.7,91.9,69.6,71.5,59.5,66.8,94.0,99.1,62.9,80.1,82.2,92.4,74.0,96.1,93.9,91.3,64.0,68.7,71.9,68.8,68.6,96.2,56.9,66.2,85.9,80.8,76.71
34,Naomi Gray,77.5,77.5,76.6,74.9,75.8,73.5,86.9,98.1,66.1,74.1,62.8,98.1,63.4,79.7,77.7,56.2,94.3,65.8,79.3,76.4,65.8,100.0,83.2,71.9,76.3,56.3,68.0,74.6,92.2,81.8,94.2,97.9,60.3,63.0,71.5,75.1,93.7,67.7,58.8,66.8,96.9,89.0,59.3,89.1,86.2,82.6,95.1,90.8,58.3,70.8,66.4,56.7,64.7,83.8,75.3,94.8,82.1,77.5,87.6,86.5,76.6
35,Samuel Gray,39.8,32.6,23.5,33.1,32.6,39.6,15.3,19.1,40.6,34.2,29.2,16.0,14.4,41.6,32.9,33.6,33.5,38.5,15.6,23.4,18.9,42.8,23.8,24.6,26.2,39.1,10.4,44.5,26.1,28.2,34.4,28.8,18.7,43.8,37.2,25.7,11.2,36.9,16.6,19.8,18.8,44.9,39.9,29.5,31.5,31.7,31.6,13.3,18.3,21.2,25.8,21.8,33.6,40.7,35.2,16.6,23.2,24.1,35.5,29.8,29.35
36,Anna Gray,82.3,72.0,60.1,94.8,85.5,68.2,98.1,89.4,86.2,85.8,76.1,93.4,70.4,60.2,68.1,63.9,56.1,55.9,76.0,69.1,97.8,95.7,86.8,86.0,89.0,96.4,78.2,92.7,71.8,78.7,76.0,58.3,73.1,75.8,73.1,81.9,82.2,81.9,91.6,87.8,59.8,71.1,55.1,69.6,66.6,66.0,93.3,79.8,80.8,80.4,62.0,56.3,85.5,78.9,74.5,84.4,83.4,68.2,58.6,66.6,77.1
37,Jack Gray,95.8,61.9,71.2,76.6,76.5,90.4,94.3,84.9,93.1,91.8,78.7,97.3,55.9,65.8,70.4,95.8,86.6,70.4,92.7,89.3,75.7,92.1,75.1,69.2,73.9,82.1,87.1,70.4,55.4,65.2,99.6,90.1,60.5,80.3,81.5,99.6,80.0,90.8,94.6,92.8,78.7,71.7,86.8,85.6,83.0,61.9,67.5,92.1,66.1,69.2,85.9,86.3,56.9,89.6,84.3,79.7,82.6,95.8,74.9,79.4,79.77
38,Elena Gray,14.4,27.6,44.1,43.5,37.6,38.6,25.6,38.7,28.1,30.6,36.1,10.2,38.6,35.6,32.7,38.4,32.1,18.8,21.9,25.0,10.8,44.8,35.4,44.3,38.7,21.3,38.2,20.5,29.0,28.1,25.8,18.6,33.4,38.1,33.2,19.3,19.2,23.7,35.6,29.7,37.6,20.3,43.2,17.1,23.7,15.5,44.7,22.0,43.0,36.8,38.7,35.6,30.4,42.5,39.5,35.6,27.4,35.6,35.4,34.4,32.5
39,Carter Gray,67.8,95.6,68.1,66.8,70.9,87.9,59.2,90.8,86.6,83.7,92.8,68.0,73.7,67.6,71.8,63.3,70.8,75.5,67.7,68.6,99.5,68.2,77.0,71.3,75.4,76.9,89.3,98.8,66.5,75.2,83.2,97.2,78.1,86.2,86.2,77.7,94.7,67.1,99.5,91.6,91.7,80.0,81.5,96.0,91.4,83.2,95.6,89.6,73.2,79.7,78.5,92.6,94.8,68.7,76.7,98.6,75.4,70.1,59.6,68.3,78.29
40,Sofia Gray,62.6,79.8,96.6,99.1,91.3,84.3,90.5,70.1,69.2,74.2,56.1,91.4,76.3,94.6,86.6,82.0,95.6,86.4,76.0,80.8,76.8,64.5,98.3,93.6,88.1,85.5,69.3,64.0,61.5,66.1,94.4,72.4,79.3,65.4,72.1,74.3,78.7,63.8,85.8,80.4,71.7,70.7,83.0,95.3,87.2,78.0,98.6,59.0,90.3,85.6,84.9,65.4,84.7,81.3,80.1,84.9,56.8,82.3,75.8,75.3,80.65
41,Dylan Gray,28.2,34.6,35.4,25.0,28.1,20.5,42.9,15.0,38.6,33.6,42.2,27.8,31.2,23.2,27.4,26.7,36.1,24.1,40.1,35.6,38.0,17.1,36.5,28.2,29.1,26.6,30.8,10.4,22.1,22.3,41.1,39.3,32.5,45.0,42.1,21.1,20.0,32.0,13.7,18.0,20.2,31.3,40.3,42.7,37.9,12.0,11.7,31.3,40.5,31.6,15.4,33.2,11.2,30.0,26.0,24.6,14.7,30.0,33.1,29.1,30.07
42,Lily Gray,17.2,15.4,24.1,19.2,19.1,38.7,36.1,36.7,31.7,33.9,26.8,24.3,35.7,38.6,34.7,22.7,35.0,25.3,36.2,32.8,10.4,15.4,40.1,39.2,32.3,11.8,34.9,21.2,17.5,19.6,28.8,26.4,39.2,16.1,22.2,15.7,19.0,43.4,16.5,20.3,10.2,14.5,28.0,35.9,28.6,18.1,23.9,14.5,10.3,13.7,24.8,14.6,37.7,19.2,21.8,10.3,27.6,22.9,24.1,22.6,25.13
43,Adrian Gray,67.8,86.1,94.5,96.0,90.7,99.5,57.8,88.8,61.7,69.8,75.3,63.2,94.0,84.5,81.7,68.0,68.5,70.2,74.5,72.3,83.6,89.3,90.7,70.0,77.1,79.3,62.1,70.2,69.9,70.2,77.6,75.3,65.2,86.0,80.7,88.4,58.6,78.3,73.4,74.1,99.9,62.0,98.0,97.7,93.3,58.9,71.2,65.7,68.4,67.1,67.9,83.4,96.0,79.8,80.9,97.2,68.4,72.9,86.7,83.8,78.48
44,Hannah Gray,18.5,39.6,10.0,21.5,22.0,11.6,21.1,26.2,22.2,21.2,24.5,30.7,23.9,31.7,29.6,27.8,35.4,38.5,30.6,31.9,31.7,12.7,12.9,24.1,22.1,31.7,19.7,34.7,39.6,35.2,39.3,41.7,19.5,32.0,32.6,19.0,37.2,24.6,38.1,33.6,31.2,39.4,22.6,13.4,20.5,43.8,39.9,41.7,37.0,38.9,33.4,42.4,14.2,20.6,24.4,42.6,31.8,43.6,34.9,36.7,29.06
45,Nathan Gray,41.8,19.5,39.1,43.0,39.2,19.8,33.0,21.4,40.0,33.9,13.4,43.8,27.5,36.5,33.2,27.3,17.9,31.1,32.3,29.6,34.0,22.1,15.9,43.6,35.8,32.9,34.8,31.2,40.0,37.2,19.7,44.9,26.0,42.3,37.5,35.5,40.7,14.9,30.9,30.7,22.7,27.2,29.9,21.1,23.3,40.6,37.0,22.4,30.1,31.4,28.9,12.9,40.8,12.7,18.6,21.8,20.7,25.5,13.7,17.3,30.64
46,Claire Gray,68.9,95.2,84.2,96.4,90.9,93.1,98.0,72.2,92.1,90.4,84.4,67.0,65.6,56.1,62.6,86.9,98.7,62.8,89.6,86.9,99.8,67.1,55.5,99.7,89.5,70.5,94.4,82.1,93.2,88.9,64.3,78.5,98.6,89.8,86.1,88.5,82.4,84.4,78.8,81.3,56.4,58.1,82.1,55.3,59.4,74.3,82.2,92.2,71.0,75.8,94.4,84.2,81.3,76.0,80.3,81.9,71.1,62.5,56.1,62.4,79.54
47,Miles Gray,13.7,38.5,42.9,13.4,20.7,24.1,37.4,24.8,16.2,21.2,41.8,35.7,18.1,35.5,34.0,41.4,11.1,13.8,41.0,33.4,37.1,38.9,22.8,41.5,38.1,40.1,11.3,16.7,26.8,25.2,29.2,17.8,34.6,28.5,28.0,21.9,19.4,40.4,36.6,32.9,27.6,16.9,22.1,39.4,32.5,33.4,12.5,35.7,11.6,17.8,44.4,36.5,12.4,20.1,24.5,38.4,24.2,31.9,26.1,28.3,28.05
48,Eva Gray,39.6,11.0,36.6,38.8,34.9,23.4,32.8,43.9,37.6,35.9,40.0,31.2,21.7,17.8,23.1,41.7,36.2,38.4,29.6,33.3,12.9,42.5,21.5,34.1,30.7,43.8,15.7,24.9,17.5,21.8,41.0,21.4,28.6,23.7,26.4,23.3,38.2,21.9,18.7,22.3,44.9,39.9,16.2,15.3,22.6,16.8,27.4,29.1,42.8,35.5,44.0,31.7,18.5,11.4,19.4,16.7,29.2,30.0,25.6,25.5,27.62
49,Cole Gray,62.0,87.8,77.6,64.4,69.0,72.0,64.7,74.7,91.6,83.1,68.9,78.3,97.1,89.7,86.4,87.0,57.7,73.1,90.0,83.0,71.1,73.5,82.4,95.9,87.8,83.1,79.0,58.9,70.9,72.0,82.0,72.4,55.7,97.1,86.3,83.7,79.9,87.4,78.9,80.8,84.9,78.4,77.5,59.3,67.7,71.2,67.3,68.7,81.3,76.4,72.1,67.3,62.1,80.8,75.3,76.5,78.3,87.1,66.2,72.0,78.32
50,Piper Gray,40.9,27.6,10.3,25.5,25.8,18.6,26.6,25.3,35.6,30.8,27.2,21.1,42.0,43.4,38.1,35.5,20.1,10.3,17.3,19.2,38.7,27.8,41.6,32.7,34.0,21.4,44.1,34.4,16.1,23.0,36.4,16.3,40.5,37.3,34.8,41.4,16.1,13.1,43.0,35.2,17.6,28.2,39.6,21.3,24.2,30.5,10.2,26.4,12.4,16.4,23.3,14.9,29.0,35.5,30.3,34.7,19.4,15.8,42.2,34.6,28.87
51,Ezra Gray,26.1,19.9,36.9,19.7,22.9,43.3,19.7,17.4,38.9,34.1,19.8,43.6,35.7,18.7,24.4,43.6,20.6,29.6,15.8,22.0,10.9,31.6,44.9,30.9,30.2,35.2,21.7,35.1,39.8,36.1,12.1,10.1,18.5,22.3,18.8,38.8,17.0,27.8,15.5,20.4,36.9,11.6,18.6,24.2,23.5,31.6,44.7,18.4,26.3,28.4,25.2,17.4,31.0,29.6,27.6,18.2,16.2,10.5,25.1,21.0,25.78
52,Violet Gray,12.4,32.8,35.1,27.0,26.9,18.7,41.4,22.3,43.2,36.9,42.2,24.8,14.6,11.0,17.5,12.7,38.9,15.5,28.4,26.0,23.6,12.2,23.8,27.3,24.3,42.0,41.1,16.9,42.6,38.9,10.1,41.7,26.0,13.3,18.4,13.4,16.9,22.5,15.9,16.6,44.5,34.2,26.5,25.1,29.1,38.8,42.4,13.4,40.2,36.7,35.6,24.2,41.8,23.2,27.5,39.0,22.4,24.1,10.1,17.5,26.36
53,Felix Gray,41.6,28.7,37.1,33.8,34.6,28.9,28.5,15.7,29.4,27.4,17.1,33.7,30.2,15.1,19.9,27.1,12.9,10.4,37.9,29.5,40.1,28.3,30.8,23.8,27.5,15.3,41.7,19.7,22.2,23.5,24.6,19.4,39.1,44.6,37.8,32.2,35.5,15.5,37.4,33.5,28.8,20.8,29.3,18.1,21.4,24.5,22.7,22.8,34.9,30.3,14.4,37.9,13.6,11.7,15.8,34.0,32.9,44.6,38.5,38.0,28.27
54,Iris Gray,55.7,97.0,66.3,60.7,65.6,56.2,63.2,73.5,61.6,62.7,91.4,75.5,98.1,96.4,93.2,81.9,81.4,55.5,64.5,67.9,74.6,72.6,68.3,96.3,86.5,59.6,77.6,63.7,64.7,65.6,91.8,58.1,76.5,74.1,74.6,91.3,77.3,63.2,76.7,76.9,90.9,80.3,71.0,69.9,74.2,94.6,57.8,66.6,56.9,63.3,90.2,65.4,86.7,83.5,82.4,86.3,84.4,78.7,69.8,75.1,74.0
55,Silas Gray,66.3,61.2,93.3,56.5,63.3,77.5,74.3,90.9,97.3,90.7,93.2,76.9,86.6,75.1,79.3,64.7,91.5,60.2,65.1,67.9,60.6,86.8,72.7,57.0,63.5,63.8,85.1,59.2,56.4,61.6,71.7,69.2,62.7,56.5,61.0,77.8,88.4,57.3,78.0,76.6,64.8,55.4,64.3,78.0,71.4,83.4,64.3,88.4,90.6,85.8,62.5,99.4,68.1,69.8,72.5,70.9,66.1,97.0,56.6,65.2,71.57
56,Josie Gray,65.2,98.5,69.6,56.0,64.7,93.9,88.7,67.7,96.5,91.3,71.5,84.1,83.2,81.6,80.8,86.0,99.4,77.2,68.1,75.9,68.1,96.5,69.6,70.7,73.6,64.4,59.1,97.6,73.9,73.8,75.5,95.3,86.5,71.7,77.3,98.1,64.8,85.8,64.9,72.1,65.3,88.8,99.7,72.3,77.2,65.2,78.5,72.3,90.8,83.3,88.3,82.2,63.1,81.8,80.2,62.3,61.8,91.7,97.8,87.5,78.14
57,Milo Gray,62.1,64.1,88.2,85.5,79.9,71.5,56.2,65.2,83.9,76.1,90.2,87.4,88.5,86.9,87.6,84.0,80.5,76.2,74.0,76.5,60.8,60.5,89.8,87.8,80.8,80.6,93.8,87.7,80.8,83.4,92.7,67.6,99.0,69.1,76.0,80.7,56.6,72.5,79.8,75.9,79.0,99.0,83.6,55.3,68.1,99.8,93.1,55.9,77.2,79.5,63.0,88.4,86.6,75.8,77.2,75.7,75.5,81.9,78.0,77.9,78.24
58,Wren Gray,32.9,11.1,23.8,32.7,28.7,15.5,38.0,20.3,24.4,24.5,33.3,19.9,35.0,22.9,25.5,16.8,11.2,36.0,17.6,19.1,38.0,11.9,31.3,12.1,18.1,31.8,13.2,18.4,36.0,30.1,27.1,15.4,34.4,32.8,29.9,20.0,17.0,39.4,15.5,19.5,38.6,34.1,13.1,35.8,32.9,32.4,44.6,25.4,44.0,40.1,16.6,35.4,27.8,22.6,24.2,41.7,30.5,34.0,24.2,28.7,26.78
59,Theo Gray,36.5,23.7,11.7,16.3,19.4,19.1,29.1,11.5,44.6,34.7,19.3,41.2,39.0,19.0,24.7,19.4,16.6,30.8,41.3,33.7,29.0,18.4,33.1,19.5,22.4,19.0,21.0,27.7,20.2,21.1,31.6,25.3,28.0,14.7,20.1,40.9,11.1,27.9,37.2,33.0,16.2,13.4,20.5,42.7,32.3,26.2,43.9,14.7,42.5,36.8,28.5,35.6,11.8,13.7,18.3,11.4,38.6,36.4,17.4,22.0,26.54
60,June Gray,15.2,38.4,44.5,29.9,31.0,22.3,13.5,13.8,38.3,29.6,17.3,16.3,33.1,35.1,30.0,31.8,36.5,33.4,20.5,25.9,44.1,22.5,11.6,26.7,26.4,19.4,28.6,32.6,27.4,27.2,37.5,28.1,12.3,25.8,25.9,27.1,20.4,16.8,44.8,35.5,33.7,18.2,20.0,27.5,26.1,37.1,36.4,13.1,29.1,29.0,38.4,29.8,10.1,11.7,17.5,23.7,42.9,26.1,20.7,24.8,27.41
61,Ava Russell,61.0,99.6,70.7,73.8,75.1,74.4,65.0,85.0,68.4,71.0,77.3,92.4,55.9,84.0,80.5,92.3,92.4,80.3,63.9,73.7,92.2,94.3,92.3,55.2,70.3,60.2,62.0,55.6,75.5,69.0,58.1,75.4,88.2,99.6,89.3,98.6,75.9,76.8,75.7,78.9,82.8,88.7,62.9,76.0,76.9,73.8,98.0,57.3,69.0,71.9,94.8,83.8,83.6,68.7,76.2,69.3,57.7,74.3,66.4,66.7,74.96
62,Liam Russell,28.5,42.8,27.4,24.5,27.9,11.5,14.9,30.5,16.2,17.3,36.9,41.7,25.0,12.6,21.4,40.6,11.3,14.2,44.1,35.3,24.1,31.8,26.3,21.0,23.6,35.3,20.4,38.6,39.8,36.5,11.6,29.6,26.1,30.5,27.3,39.8,33.8,33.1,34.5,34.9,30.1,26.2,39.9,37.8,35.5,20.6,33.2,42.4,12.4,20.3,14.6,26.0,15.0,18.8,18.7,23.6,24.4,15.9,37.0,30.7,27.45
63,Noah Russell,36.9,33.5,23.5,28.0,29.3,30.5,37.1,33.2,18.4,24.5,23.3,38.1,32.8,34.0,33.0,34.4,23.2,24.6,27.2,27.3,15.6,41.2,39.0,27.3,29.2,33.1,16.7,34.7,15.7,20.7,41.3,39.7,27.1,38.9,37.8,21.2,15.4,32.2,27.4,25.6,15.7,37.5,26.1,35.1,31.6,13.8,28.6,26.7,37.1,31.5,38.1,43.2,13.5,30.1,30.7,38.1,27.5,16.2,15.4,20.1,28.44
64,Mia Russell,14.9,44.3,17.5,26.0,25.8,41.0,15.6,17.0,18.9,21.2,30.8,40.4,20.1,27.5,28.7,31.6,21.3,39.5,29.6,30.1,11.0,18.6,17.5,19.3,17.9,26.6,33.6,19.5,28.0,27.4,34.6,40.0,40.5,38.4,38.4,25.5,42.2,18.5,27.7,28.1,36.5,42.6,41.2,16.0,25.6,40.5,33.9,34.8,21.9,27.7,21.8,29.0,42.8,14.5,21.2,11.9,40.1,20.2,20.8,22.1,26.18
65,Ethan Russell,33.5,37.9,26.4,22.9,26.8,24.7,29.8,30.8,15.9,20.9,25.0,26.0,41.7,33.6,32.5,42.3,39.9,23.3,12.6,21.6,27.7,33.4,27.4,40.9,36.3,19.7,24.3,37.4,16.1,20.5,25.7,32.4,34.5,11.7,19.4,13.0,38.2,21.5,17.5,20.2,35.9,36.5,20.5,35.8,33.9,29.5,17.5,11.2,26.5,23.7,12.2,41.2,31.0,35.9,32.8,12.2,15.3,37.8,37.7,31.3,26.66
66,Ella Russell,29.6,13.1,18.5,24.9,23.1,34.3,37.6,26.9,13.5,21.3,16.3,15.7,29.8,44.7,35.1,19.3,42.4,35.7,35.0,34.0,14.5,16.8,10.7,36.1,27.3,38.1,32.6,32.3,10.9,20.3,36.3,36.6,41.6,16.6,25.2,22.5,18.9,41.6,25.9,26.6,33.1,42.1,31.5,18.9,25.6,18.0,43.1,22.8,15.5,20.5,44.4,15.4,25.9,20.2,23.5,42.4,24.7,45.0,36.5,36.8,26.61
67,Lucas Russell,61.4,75.4,59.9,58.7,61.4,90.7,64.5,68.2,85.1,80.8,56.5,83.8,90.7,66.6,70.8,80.9,98.0,66.6,58.6,67.9,77.1,99.9,83.7,58.5,69.9,93.7,87.8,70.5,62.4,71.0,74.6,85.7,68.3,70.1,72.5,82.6,56.4,85.0,75.7,75.3,75.5,81.6,83.1,84.3,82.6,96.0,97.1,68.1,90.1,88.9,98.4,90.1,81.4,71.1,78.6,58.2,57.7,66.1,57.0,58.5,73.18
68,Grace Russell,36.9,32.9,10.7,15.1,19.8,13.6,42.9,33.6,32.2,31.3,16.9,44.2,11.4,11.3,16.4,18.7,14.4,27.6,12.6,15.7,17.8,11.5,35.7,34.3,29.2,22.1,24.9,15.0,30.3,26.4,43.4,19.7,30.6,37.3,34.9,16.5,18.1,43.0,38.9,33.7,10.8,27.3,35.9,27.3,26.2,33.1,37.8,24.2,21.8,25.8,34.0,38.4,35.1,14.3,22.9,36.3,18.7,42.2,42.8,38.6,26.74
69,Mason Russell,80.0,65.5,72.2,85.7,80.4,61.9,80.5,59.4,65.1,66.0,72.3,67.8,79.0,83.3,79.2,79.9,63.2,93.6,85.9,83.1,82.1,68.6,63.3,83.8,78.8,70.8,93.8,93.2,95.4,91.6,68.0,91.7,72.5,83.0,80.8,60.8,72.9,66.1,98.9,86.0,67.9,81.3,97.1,84.9,83.8,94.6,77.5,84.6,84.5,84.9,70.2,57.7,65.9,55.2,59.0,77.0,60.3,89.6,56.5,64.2,78.15
70,Chloe Russell,90.1,58.2,71.8,84.9,80.3,55.5,65.6,71.1,83.5,75.7,75.0,59.6,71.7,57.3,61.9,92.8,93.3,57.3,56.3,66.2,77.1,77.9,98.3,98.2,92.7,91.3,95.7,87.3,65.6,75.9,69.1,94.4,60.2,79.5,77.5,56.9,71.9,68.4,74.1,70.8,74.1,59.7,95.6,57.2,64.9,72.9,74.3,90.7,59.4,67.4,63.0,81.0,96.5,82.5,81.6,71.9,77.8,68.5,70.0,71.1,73.83
71,Logan Russell,98.8,72.9,97.5,72.7,79.5,58.0,96.2,81.6,63.1,69.3,78.8,56.8,92.4,55.9,63.9,83.7,58.7,95.1,66.6,71.6,86.3,68.7,57.0,71.1,70.9,99.2,61.0,88.4,70.0,75.1,91.0,84.7,77.3,77.1,80.0,92.9,72.4,63.3,75.8,76.0,63.0,89.5,82.9,80.2,79.5,81.9,82.7,84.3,95.1,90.2,87.7,73.7,70.9,93.5,87.1,59.9,61.1,63.6,57.7,59.2,75.19
72,Zoe Russell,75.6,85.3,77.3,94.4,88.4,62.9,99.4,86.9,66.9,73.4,77.2,60.4,84.8,58.7,64.9,79.1,61.1,73.8,56.4,62.4,75.6,65.6,93.8,88.6,84.5,79.2,93.8,67.4,62.7,69.7,99.8,62.0,64.0,56.6,64.1,99.0,74.9,66.2,59.1,67.5,69.0,55.8,85.5,80.9,76.6,95.1,99.8,74.3,95.3,93.1,86.2,86.0,85.3,67.9,75.1,69.9,99.8,92.6,91.0,89.6,75.77
73,Henry Russell,65.6,64.9,91.6,67.2,69.9,98.1,91.7,77.8,98.2,94.6,96.7,89.6,59.0,98.3,91.7,64.9,58.9,84.9,57.8,62.5,61.4,79.9,57.3,97.9,85.2,80.5,73.3,94.9,63.9,71.5,81.7,90.8,98.1,88.5,89.2,57.5,60.7,96.9,82.1,77.9,84.5,67.7,70.9,56.6,63.7,83.1,85.7,85.6,89.1,87.4,59.8,58.9,64.4,61.2,61.1,68.2,58.1,77.1,66.5,67.0,76.81
74,Layla Russell,44.5,36.1,23.4,12.1,21.1,20.9,11.9,37.5,39.5,33.1,31.4,34.2,43.0,24.5,29.2,30.9,24.6,28.1,20.4,23.4,36.9,37.7,32.0,15.0,23.2,42.7,42.4,34.7,38.1,38.8,32.8,25.7,34.7,18.2,23.3,39.6,11.4,33.4,35.6,32.6,41.5,10.8,39.6,31.4,31.1,19.2,33.2,22.2,30.9,28.5,24.2,42.5,32.5,10.5,19.5,42.6,35.3,23.3,33.6,33.7,28.12
75,Owen Russell,92.5,84.9,85.3,79.9,83.0,94.6,87.2,75.8,84.1,84.8,66.2,94.1,95.4,60.2,70.2,84.2,56.6,90.0,73.5,74.9,63.9,89.1,58.2,96.0,85.8,82.4,59.3,74.0,72.3,72.1,88.1,68.5,94.9,60.6,69.9,95.7,98.9,81.0,65.6,76.1,72.9,89.8,77.8,97.4,90.5,79.0,58.2,97.8,86.3,83.1,76.2,57.3,77.3,55.3,61.3,69.6,81.9,79.8,88.7,84.1,77.98
76,Nora Russell,72.2,93.0,71.4,71.5,74.4,62.7,95.7,73.8,65.7,70.4,90.3,84.0,68.3,79.0,79.7,55.3,89.6,88.5,79.8,79.0,89.5,84.4,55.1,82.1,79.8,66.7,61.1,60.5,83.9,75.4,61.6,78.0,68.1,71.4,70.5,63.1,93.6,97.2,60.1,69.9,77.4,72.3,60.6,75.9,73.6,62.0,74.1,88.3,98.8,89.2,91.8,59.9,91.1,76.1,78.0,86.4,65.6,69.6,57.5,64.0,75.33
77,Wyatt Russell,68.4,65.9,92.7,60.2,66.4,93.8,63.7,72.1,85.2,81.7,71.3,79.2,83.1,86.3,82.9,89.5,89.6,64.2,99.0,91.8,86.9,78.9,66.6,91.4,85.8,85.9,84.4,70.8,67.8,72.8,59.3,70.9,78.0,90.5,82.1,68.0,65.3,79.3,67.0,68.5,92.7,67.6,74.2,61.3,68.0,58.7,98.7,68.0,89.2,83.6,73.7,81.7,99.9,67.0,74.2,84.8,81.9,64.9,91.0,85.5,78.61
78,Hazel Russell,19.9,32.4,41.2,42.4,37.9,42.5,30.8,35.4,26.5,30.4,15.0,38.3,42.3,36.1,34.4,28.5,27.8,20.8,34.3,30.9,11.7,15.0,33.8,12.0,15.3,22.9,29.5,12.2,35.7,30.0,12.3,25.3,17.5,17.3,17.7,12.7,11.5,23.3,38.3,29.3,28.5,21.6,25.9,39.0,33.5,14.0,39.8,27.9,18.2,21.8,32.0,25.4,23.3,29.4,28.4,35.6,43.9,43.4,27.8,33.1,28.56
79,Julian Russell,25.9,27.4,42.6,40.5,37.1,27.2,44.8,35.4,43.3,40.3,28.8,19.5,28.6,21.8,23.3,21.7,33.6,13.6,40.5,33.5,16.3,20.1,32.4,31.6,28.1,18.4,31.3,14.8,39.4,32.2,24.3,36.5,19.1,21.6,23.6,36.3,13.8,26.9,40.5,34.6,24.7,22.8,18.9,28.4,25.9,38.4,27.6,30.8,18.9,24.2,21.1,31.7,17.2,13.7,17.6,24.2,19.4,12.5,26.3,23.3,28.64
80,Aria Russell,61.6,92.1,94.0,70.3,75.2,80.5,84.1,97.2,58.0,69.7,72.8,84.2,83.9,75.7,77.5,83.5,59.3,56.8,58.8,61.9,55.7,66.2,59.5,68.9,65.5,81.4,72.8,77.0,77.7,77.4,97.9,74.5,75.7,63.5,71.2,88.2,95.8,89.8,96.5,94.4,82.6,83.1,86.7,57.5,68.2,87.9,76.8,63.4,69.8,72.3,73.3,98.3,74.1,97.9,91.5,55.1,68.0,91.9,79.2,76.2,75.08
81,Levi Russell,98.5,81.1,68.9,94.6,89.9,92.7,66.3,95.9,94.3,90.6,74.4,97.9,70.0,66.1,72.0,95.4,63.5,64.4,86.4,81.6,59.7,88.8,71.6,82.6,78.9,75.1,82.0,66.7,64.8,68.7,88.0,99.5,74.2,87.3,87.3,87.5,57.5,73.5,99.6,88.9,98.4,96.7,87.9,72.4,81.2,92.2,63.1,66.2,74.1,74.0,87.7,78.5,85.1,73.9,77.8,69.4,95.4,80.5,55.7,66.1,79.75
82,Ruby Russell,57.1,95.7,97.1,92.3,88.7,62.9,89.5,85.2,92.7,87.3,62.1,95.3,97.5,64.7,72.8,56.9,83.6,95.2,56.7,65.4,96.9,89.4,64.8,56.0,67.1,72.4,64.5,89.8,59.0,65.6,64.8,56.9,61.4,93.4,80.5,85.4,73.9,59.4,62.9,66.9,77.0,88.1,70.7,84.4,82.1,66.9,99.0,99.3,80.6,83.7,97.5,81.6,55.4,91.0,85.9,97.2,82.9,71.9,92.9,89.3,77.94
83,Isaac Russell,19.7,39.4,40.3,10.5,19.6,36.4,42.7,30.0,44.5,41.2,43.5,38.2,29.2,32.5,34.3,30.1,28.4,13.9,41.9,34.8,23.4,17.4,39.2,25.0,25.7,38.1,12.9,12.2,19.9,20.4,34.4,26.2,20.6,32.1,30.1,11.0,32.7,28.5,26.7,25.6,42.7,35.3,20.4,35.0,34.1,13.0,33.8,38.3,39.0,34.7,15.8,31.1,29.2,22.0,23.3,12.8,19.4,15.4,40.5,30.6,29.53
84,Luna Russell,11.6,34.1,18.2,34.3,29.1,32.0,35.3,43.1,44.3,41.3,30.8,22.5,36.4,34.9,32.9,16.3,17.9,31.5,36.6,30.7,30.9,28.9,38.1,32.3,32.4,25.8,32.2,31.0,15.3,21.0,42.5,29.9,19.8,14.8,21.2,23.6,38.3,33.7,19.5,24.4,25.9,36.5,36.3,42.7,38.8,20.2,33.3,15.3,44.2,35.7,12.7,34.8,40.9,32.0,31.0,16.6,40.9,31.1,19.4,23.5,30.17
85,Leo Russell,85.3,63.5,96.6,98.3,91.7,88.3,69.2,97.0,64.3,72.5,66.6,58.6,85.2,68.2,69.0,65.4,60.9,78.2,84.1,77.7,95.0,75.6,95.9,60.5,71.8,75.3,57.4,91.4,64.8,68.8,77.0,59.2,65.3,63.0,64.7,70.4,64.4,84.7,68.7,70.5,82.6,98.0,64.4,99.4,92.3,80.0,64.2,63.8,85.3,78.9,79.7,82.6,75.9,97.9,90.5,73.0,74.1,56.4,91.5,82.0,77.53
86,Ivy Russell,10.7,12.3,18.1,41.5,30.4,44.8,24.4,25.2,40.4,36.8,35.8,36.8,36.3,45.0,41.5,39.0,15.2,39.8,42.3,37.9,43.4,42.6,24.9,31.2,33.5,40.4,18.0,25.0,14.6,19.9,30.1,21.2,21.1,34.4,30.3,28.2,43.0,29.5,21.0,26.0,39.2,12.0,44.5,13.8,21.0,10.2,42.5,44.7,11.1,19.6,27.0,32.1,36.6,16.7,22.8,31.8,13.5,32.4,22.8,24.0,28.64
87,Elijah Russell,42.8,40.2,42.2,17.2,27.0,20.5,13.3,10.3,43.3,31.9,44.9,41.9,38.6,24.2,31.2,36.8,15.2,44.9,30.7,31.3,34.4,25.5,41.4,13.8,21.8,31.4,26.3,14.5,30.5,27.9,11.0,19.2,16.2,19.5,17.9,18.5,40.2,24.7,13.8,19.4,16.4,10.8,10.3,21.4,17.8,31.6,13.0,13.6,30.8,26.2,34.7,25.5,37.7,27.1,29.3,10.3,32.8,31.2,24.6,24.7,25.53
88,Stella Russell,22.8,43.8,32.8,19.6,25.0,33.8,17.7,19.6,15.0,18.5,27.4,13.7,30.5,12.1,16.8,10.2,12.4,24.5,27.5,22.8,31.5,20.7,18.1,15.1,18.4,11.4,39.0,31.8,15.6,20.3,11.6,21.1,37.3,27.0,25.5,23.0,17.8,37.3,36.2,32.1,41.6,34.6,39.7,30.2,33.6,40.9,25.0,44.8,26.3,30.5,43.4,24.4,24.9,12.5,19.9,21.8,22.8,24.7,40.0,33.2,24.72
89,Caleb Russell,99.5,82.4,77.8,77.9,81.4,55.1,81.2,71.8,92.8,83.4,64.7,63.2,87.6,81.0,77.3,74.7,73.0,78.0,78.2,77.0,96.1,66.1,72.7,88.0,84.1,76.0,73.7,74.0,61.5,66.7,84.2,89.4,77.7,55.1,66.6,95.1,68.4,98.3,92.3,90.3,74.9,69.6,58.2,87.3,79.4,78.1,94.5,97.5,77.3,82.4,77.3,79.8,68.5,90.5,84.4,69.4,61.9,70.7,90.9,81.5,79.54
90,Willow Russell,37.9,37.8,11.8,40.6,36.0,38.0,25.3,42.2,18.0,24.9,21.9,23.8,27.5,40.9,34.3,20.0,37.7,13.7,11.0,16.1,24.5,36.8,35.3,35.2,34.0,26.2,10.3,10.2,23.1,20.1,24.1,40.7,39.8,12.0,21.1,10.2,21.8,30.5,10.2,14.5,30.5,28.6,11.7,31.3,28.2,35.0,44.4,18.8,41.8,38.2,21.5,23.8,19.3,40.3,32.8,16.9,37.2,40.0,28.3,29.5,27.47
91,David Russell,65.7,82.5,88.4,91.9,86.7,84.9,78.2,65.6,64.3,69.1,84.1,69.9,65.6,59.9,65.2,68.0,90.1,60.6,79.6,76.9,98.6,59.4,67.6,93.9,86.4,87.5,68.3,66.8,81.5,78.6,98.2,92.6,70.8,86.0,86.5,87.2,77.7,74.9,78.7,79.2,85.5,68.3,77.4,79.2,78.3,56.9,76.2,67.2,89.6,80.5,75.8,64.0,79.0,69.7,71.0,99.3,73.9,78.0,83.0,83.3,78.48
92,Maya Russell,66.6,87.0,80.2,76.5,77.1,61.1,62.5,65.6,70.8,67.7,69.3,95.3,92.9,94.8,91.2,57.2,81.1,86.0,90.1,84.0,90.0,58.6,62.4,99.9,88.1,77.7,58.1,93.3,58.8,65.8,65.5,73.7,73.8,58.0,63.2,95.9,61.9,61.2,91.5,84.1,68.8,67.3,81.6,77.2,75.3,71.3,71.2,76.0,79.7,77.0,83.5,57.5,65.0,73.3,71.4,80.8,61.0,79.3,59.1,64.9,75.82
93,Gabriel Russell,36.9,43.6,21.4,35.9,35.1,41.8,43.0,39.2,27.5,33.0,24.9,35.1,43.0,43.2,39.7,16.7,18.6,19.2,32.5,26.8,17.4,29.0,21.5,42.8,34.7,36.8,23.1,30.0,36.9,34.1,14.4,27.6,38.6,44.5,37.4,10.9,43.4,34.9,36.3,33.7,14.9,36.1,44.8,42.5,38.3,43.0,10.1,16.1,37.3,31.6,13.3,44.9,39.1,19.2,24.5,37.0,12.6,30.9,38.4,33.8,33.56
94,Naomi Russell,29.8,38.8,37.4,27.6,30.7,35.7,26.4,41.3,37.1,36.0,21.2,42.5,24.4,39.2,35.3,43.6,30.6,28.5,26.3,29.5,15.9,44.5,28.2,44.0,38.2,32.3,13.0,15.9,42.5,33.7,13.0,36.6,39.5,13.1,19.7,34.0,24.5,38.1,32.1,32.1,19.7,14.1,21.8,33.8,27.7,27.3,19.8,38.8,17.2,21.8,36.1,28.1,10.9,15.1,19.1,39.9,39.8,10.5,21.0,24.6,29.03
95,Samuel Russell,55.7,78.9,60.6,93.6,82.2,65.6,66.7,76.5,81.6,76.8,83.6,96.1,90.6,73.5,80.1,94.2,82.1,85.7,75.2,80.1,74.1,59.0,76.2,76.9,74.0,75.0,82.5,65.0,98.4,88.7,63.6,81.1,65.2,62.0,65.2,65.6,61.6,81.2,91.5,82.7,80.3,82.2,96.8,81.5,83.5,88.9,69.5,63.0,55.5,62.8,91.1,58.1,92.4,97.1,90.5,79.9,98.2,82.0,85.0,85.7,79.36
96,Anna Russell,67.1,56.3,74.4,67.0,66.6,70.6,79.1,55.0,78.3,74.3,98.6,85.6,70.9,95.1,91.1,97.6,63.8,88.4,62.4,70.7,61.6,56.9,70.6,62.5,62.7,64.3,80.4,98.7,84.7,83.3,68.9,81.6,67.4,79.1,76.5,76.2,86.0,64.9,73.7,74.5,61.2,94.5,58.0,67.0,68.7,99.7,56.0,83.2,76.9,78.0,70.6,84.8,99.9,67.3,74.4,94.8,88.0,70.1,87.8,86.4,75.6
97,Jack Russell,16.2,23.8,26.8,15.4,18.1,15.7,14.6,40.3,39.4,33.1,10.4,20.9,43.6,37.0,32.2,27.0,24.5,14.6,45.0,35.8,18.7,18.7,22.3,31.9,27.1,14.8,11.2,33.2,37.9,30.6,27.8,13.0,11.8,38.9,30.4,38.8,12.5,10.6,20.0,20.3,32.4,25.2,13.7,27.9,26.2,32.9,14.3,24.4,40.0,33.5,13.9,40.7,18.9,18.7,21.0,13.2,17.5,21.4,22.6,20.5,27.4
98,Elena Russell,56.9,96.0,97.6,70.2,75.5,85.3,69.8,83.7,55.0,64.8,69.1,62.2,84.5,84.4,79.4,98.7,57.2,75.8,81.6,79.9,88.2,74.9,93.8,60.1,70.3,75.6,98.4,75.1,62.5,70.7,76.3,57.8,90.2,73.4,73.9,64.2,57.8,96.3,85.4,80.3,69.7,60.6,97.6,66.6,70.3,86.3,98.8,82.1,62.3,73.0,65.7,93.4,74.9,86.1,82.9,87.2,90.8,89.3,83.3,85.6,75.55
99,Carter Russell,81.9,96.9,58.0,56.8,65.7,94.9,79.0,55.3,83.5,80.7,56.6,61.0,97.9,59.7,64.6,72.2,61.5,76.3,87.2,80.3,73.0,96.3,91.7,83.7,85.0,62.8,61.8,94.0,68.6,70.3,98.3,94.3,95.7,81.0,87.0,56.6,65.5,63.8,90.5,79.1,67.4,62.0,81.8,95.8,85.6,77.2,56.5,58.6,83.7,75.9,61.3,89.5,62.3,74.6,73.2,79.4,99.5,56.2,72.2,74.7,76.84
100,Sofia Russell,40.4,37.4,42.7,36.1,37.7,17.9,44.0,26.5,29.0,29.2,15.0,44.4,28.8,40.3,35.9,33.7,29.0,19.1,21.1,23.6,22.7,10.2,35.9,26.2,24.9,33.1,36.8,43.7,30.4,33.4,16.3,40.4,17.6,30.7,28.3,11.3,16.1,11.7,33.8,25.5,11.5,36.6,24.5,21.4,22.5,20.7,42.6,34.3,16.1,22.7,39.4,25.0,13.6,37.5,32.9,22.5,18.1,28.8,23.1,23.1,28.31
101,Dylan Russell,67.3,87.7,78.8,69.4,72.8,75.9,75.9,72.9,72.1,73.2,60.9,77.6,73.0,87.5,80.7,72.3,60.4,83.2,69.9,70.7,83.1,88.9,70.9,59.0,67.8,70.3,99.8,93.0,69.4,76.7,99.7,68.9,61.9,59.0,66.1,72.1,76.9,95.2,74.2,77.1,73.5,80.1,66.2,58.0,64.1,73.0,74.3,72.5,76.4,75.1,85.7,79.6,97.7,60.3,71.2,79.5,58.3,96.2,95.1,88.3,73.65
102,Lily Russell,25.2,27.2,17.7,30.7,27.8,38.9,26.6,22.4,27.0,27.9,28.4,44.2,44.5,36.0,37.2,10.0,39.5,38.3,40.1,35.8,27.4,18.4,35.7,22.3,24.2,29.0,30.3,14.8,20.7,22.3,16.5,43.1,43.2,41.0,38.3,40.5,37.5,35.4,28.6,32.3,16.2,33.8,38.4,12.2,19.1,42.4,34.8,19.2,34.4,33.5,43.0,36.8,25.9,45.0,41.1,31.9,17.7,24.3,40.2,34.0,31.12
103,Adrian Russell,94.1,70.5,65.3,63.2,68.6,55.7,82.8,98.9,71.7,74.7,61.6,88.2,76.0,82.9,79.8,55.7,83.2,81.9,81.2,78.2,84.4,77.5,92.6,87.1,86.2,71.2,71.9,96.9,75.0,77.0,91.1,68.5,76.1,79.8,79.3,92.8,69.7,64.2,65.8,69.7,68.5,55.7,64.6,91.3,80.0,60.2,85.3,60.1,96.1,85.1,84.5,65.8,78.8,72.7,74.2,69.9,67.9,69.9,91.3,82.5,77.94
104,Hannah Russell,89.4,92.4,88.8,81.6,85.0,99.0,80.9,90.2,70.8,78.5,82.0,82.0,83.7,59.9,69.0,71.4,69.4,80.9,60.8,66.0,61.5,69.9,80.9,55.8,61.8,94.2,63.0,87.4,89.1,86.1,88.5,82.2,85.3,93.5,90.2,69.8,58.8,70.5,66.6,66.5,76.3,56.7,91.7,93.6,86.1,97.8,66.6,67.5,79.3,78.5,89.1,93.4,98.1,68.2,78.3,75.1,94.9,55.0,59.6,65.8,75.98
105,Nathan Russell,63.0,88.1,81.6,92.3,86.4,94.2,66.4,80.3,77.7,78.7,82.4,71.2,79.1,72.4,74.5,89.7,62.3,96.0,75.2,78.2,74.2,84.6,78.8,64.5,70.4,64.5,85.6,65.3,81.2,77.4,56.3,85.7,59.8,56.9,61.0,57.9,92.6,71.6,70.4,71.9,68.8,80.6,67.7,80.3,77.1,74.1,88.5,79.4,57.7,66.9,71.8,92.4,57.9,76.3,75.4,56.8,96.0,88.0,81.8,81.2,74.92
106,Claire Russell,11.8,28.7,19.0,38.2,30.9,26.0,39.3,11.9,32.5,29.8,21.6,19.3,14.5,17.5,17.9,14.2,40.1,24.8,14.6,19.3,17.9,10.7,33.3,25.7,23.7,18.5,23.9,23.1,15.2,17.9,23.4,20.9,32.8,23.6,24.4,42.9,16.0,16.3,25.6,25.4,17.5,30.6,29.1,34.9,31.2,25.1,44.5,21.8,40.3,36.4,27.3,20.6,18.1,10.2,14.9,23.9,37.4,39.7,33.9,33.8,25.47
107,Miles Russell,18.7,33.4,38.8,24.6,26.9,13.1,15.4,31.2,23.5,22.1,22.3,23.5,21.2,15.2,18.1,37.3,30.2,22.5,10.1,18.1,26.9,41.1,16.3,15.2,20.4,22.2,24.9,35.2,13.1,18.8,21.5,22.2,40.9,25.3,26.5,22.4,13.1,37.1,29.1,27.1,21.7,26.2,44.9,35.5,33.7,36.2,27.6,18.6,21.2,23.7,27.9,26.6,13.5,13.4,17.1,40.4,11.2,16.2,22.7,22.7,22.93
108,Eva Russell,26.4,40.9,37.4,12.5,21.5,14.7,16.2,41.3,20.6,22.0,10.5,39.1,27.3,43.5,36.4,28.8,34.5,42.2,36.2,35.8,26.0,24.6,41.8,18.3,23.3,26.7,42.2,37.3,15.0,23.2,10.7,12.1,36.1,21.2,20.6,21.9,20.3,17.1,10.1,14.0,37.5,13.3,18.4,16.7,19.2,25.6,24.6,37.6,12.7,19.3,36.4,27.3,22.5,29.0,28.9,37.8,19.0,18.4,27.1,26.3,24.21
109,Cole Russell,17.0,33.5,42.9,10.4,18.7,16.8,34.0,10.5,29.1,25.6,13.0,35.3,36.2,17.0,21.5,16.0,34.2,39.6,19.1,23.4,19.3,22.6,31.4,38.8,33.1,17.4,25.1,30.9,39.2,33.3,44.4,29.6,24.7,43.8,39.4,41.3,26.9,30.7,39.2,36.7,24.3,33.5,18.6,21.7,23.2,32.1,34.5,39.1,10.9,20.6,18.0,22.2,14.1,32.6,26.8,19.7,44.6,42.1,10.1,20.2,26.88
110,Piper Russell,66.7,89.9,82.1,77.1,78.1,80.4,85.3,95.0,94.4,91.4,88.0,72.1,57.9,68.3,70.0,72.0,64.5,85.2,76.9,75.7,72.7,86.8,93.3,99.2,93.2,76.7,66.9,96.2,86.2,83.7,63.7,68.3,82.4,84.6,79.3,75.2,70.5,70.6,77.5,75.3,74.0,65.8,79.1,87.3,81.6,60.7,74.0,74.3,94.0,84.3,84.2,81.6,82.9,71.9,76.3,94.8,95.8,80.0,72.8,79.8,80.73
111,Ezra Russell,13.7,28.4,34.8,14.0,18.7,24.4,24.5,23.1,29.5,27.3,17.2,15.8,38.3,33.9,29.8,27.5,26.6,38.8,41.8,37.5,18.5,18.4,29.1,29.1,26.3,12.0,10.8,29.6,31.9,26.1,37.3,37.6,15.3,19.2,23.5,23.5,32.4,11.0,32.9,28.7,38.4,25.2,35.9,11.2,20.0,11.3,37.2,14.4,39.5,32.1,42.6,38.0,43.9,26.1,32.3,35.6,28.1,27.9,15.1,21.3,26.97
112,Violet Russell,35.1,22.2,18.4,19.5,21.8,20.1,23.1,43.0,31.4,30.3,38.0,20.2,11.1,18.8,20.5,31.5,30.3,30.2,27.1,28.5,30.1,44.0,24.8,38.2,36.1,42.4,43.4,13.8,16.1,22.9,38.5,24.5,35.2,32.4,32.5,43.3,43.7,14.5,41.9,38.7,37.3,35.6,10.9,32.3,30.6,14.9,15.4,10.4,42.0,30.6,12.6,22.2,23.6,27.4,24.2,16.4,36.7,42.2,38.6,35.9,29.38
113,Felix Russell,94.8,68.3,99.8,69.0,76.5,57.6,56.3,81.9,62.1,63.4,70.2,56.9,63.9,62.4,62.9,77.2,63.9,93.5,75.3,76.5,61.1,74.5,73.7,92.1,83.2,76.5,69.8,76.7,90.9,84.3,86.8,79.7,79.9,62.2,70.2,97.3,91.0,75.3,86.7,87.2,95.1,95.9,57.5,97.2,91.5,71.2,82.4,92.0,98.2,91.7,89.1,65.3,95.4,61.0,69.9,64.2,75.4,71.7,69.6,69.9,77.27
114,Iris Russell,13.7,40.8,27.1,13.7,19.1,25.5,17.5,37.4,41.9,35.9,11.1,12.8,34.8,43.7,34.0,30.5,20.1,34.6,34.3,31.9,33.2,10.8,24.0,41.3,33.8,29.1,24.1,27.7,23.0,24.6,28.4,28.0,41.0,34.1,33.4,34.6,16.9,36.0,12.7,19.3,28.8,19.3,21.4,31.6,28.2,35.3,44.2,37.2,14.8,24.4,44.2,25.0,36.2,20.7,26.5,17.8,35.4,22.2,34.5,30.8,28.49
115,Silas Russell,69.6,59.0,99.0,59.2,65.9,62.5,62.0,97.1,60.4,65.8,71.4,89.5,64.7,70.3,72.3,64.1,69.7,94.2,58.3,65.4,85.7,94.4,84.1,57.9,70.0,62.9,63.8,91.5,56.3,62.9,70.3,55.3,76.8,62.4,64.4,98.9,69.7,65.1,75.4,76.4,94.5,61.5,84.9,85.6,83.5,77.1,57.6,73.8,67.9,68.5,59.8,79.4,87.9,92.8,86.0,90.4,80.6,62.6,83.0,80.9,71.83
116,Josie Russell,58.8,75.4,67.9,81.4,75.8,72.4,86.9,55.0,76.2,74.3,77.1,97.2,62.4,58.1,66.4,62.2,61.2,56.6,75.1,69.1,68.8,63.8,82.1,82.1,77.9,68.3,68.9,74.0,92.6,83.7,83.9,83.6,99.4,70.8,78.1,75.5,66.8,75.4,86.0,80.6,98.0,55.8,72.6,93.3,86.2,64.9,75.4,96.7,82.8,81.3,99.6,61.4,79.9,98.3,91.1,75.9,67.7,87.1,74.9,75.7,78.35
117,Milo Russell,88.1,71.8,95.9,73.1,78.0,97.8,85.6,83.0,99.2,95.0,80.7,82.0,93.7,99.7,94.0,64.4,89.7,75.9,90.2,84.8,93.0,80.1,55.5,56.7,64.5,84.2,86.1,77.9,95.7,90.5,96.5,61.2,85.6,55.2,65.6,93.1,64.0,96.7,61.7,70.9,85.5,93.4,85.3,75.3,80.4,95.4,67.6,59.0,61.1,66.3,95.2,55.4,75.8,58.6,65.3,57.8,95.6,74.8,91.1,85.1,78.37
118,Wren Russell,42.0,13.4,19.1,37.5,32.4,22.4,35.1,27.5,22.5,24.8,16.6,11.6,24.8,23.6,21.2,28.0,34.7,37.4,12.4,20.8,39.1,30.3,29.2,27.8,29.8,36.5,19.0,34.6,22.2,25.3,31.7,37.8,13.5,21.9,24.2,40.5,16.1,43.2,29.6,31.1,36.6,18.2,18.6,18.3,20.8,19.5,14.3,16.2,10.8,13.1,39.4,31.7,37.4,12.9,22.2,30.9,13.1,38.6,29.8,28.9,24.55
119,Theo Russell,56.6,60.9,88.2,88.6,80.6,79.1,60.6,87.5,73.4,74.3,99.6,90.8,67.8,66.9,74.6,92.7,70.3,80.8,78.1,79.4,55.0,81.8,72.5,89.5,81.6,88.4,76.6,77.6,83.3,82.3,57.1,78.2,93.8,92.5,86.0,95.9,76.7,77.0,85.5,84.6,95.8,60.8,64.9,92.3,84.9,60.1,80.0,77.1,84.8,79.8,90.7,96.6,61.6,74.3,77.8,93.6,70.6,80.2,74.6,77.3,80.27
120,June Russell,14.1,14.4,33.5,33.1,28.1,18.9,16.1,11.1,38.6,29.3,19.4,27.7,31.1,15.9,20.0,14.8,33.6,39.7,12.1,19.0,31.7,16.2,28.6,31.4,29.0,17.4,18.3,11.2,39.1,29.7,34.5,33.1,33.3,39.5,37.2,41.3,30.6,38.5,32.3,34.1,35.4,16.0,35.5,12.9,19.3,20.7,13.4,17.8,28.2,23.8,23.1,30.1,19.8,27.2,26.1,26.4,19.7,15.1,32.0,27.4,26.92
121,Ava Sanders,92.3,94.4,65.0,63.1,71.4,94.9,81.9,75.2,79.2,81.1,94.7,82.3,94.8,74.5,80.9,78.4,62.8,60.0,64.8,65.7,65.2,99.3,65.7,62.7,68.3,86.7,84.0,67.4,96.1,89.4,91.0,75.4,70.4,92.0,86.8,91.1,87.0,76.8,97.3,92.4,66.9,70.9,68.3,81.9,76.6,57.5,73.6,55.6,75.5,70.2,62.9,85.8,55.0,77.6,73.7,91.5,88.2,66.6,56.7,66.9,76.95
122,Liam Sanders,87.3,95.8,66.3,60.5,69.6,94.4,95.2,57.2,78.7,80.1,92.2,59.2,59.2,87.5,80.6,58.9,79.8,81.2,66.0,68.9,89.7,61.3,78.2,70.6,72.9,90.0,81.9,86.1,58.6,69.6,74.5,81.9,63.3,67.7,69.9,90.7,93.4,67.5,76.5,79.4,64.4,89.2,59.8,74.6,73.2,85.1,87.9,57.3,77.7,77.3,94.8,56.2,87.1,88.8,85.0,68.1,94.4,80.7,55.9,66.0,74.38
123,Noah Sanders,58.4,87.3,93.7,66.1,71.6,95.2,60.6,91.4,90.1,87.0,56.5,86.7,90.9,75.1,76.3,97.6,61.6,67.4,94.3,86.8,72.8,93.5,64.7,79.6,78.6,90.2,72.3,99.2,84.6,85.7,77.4,86.3,55.2,78.1,76.0,87.3,81.3,95.4,57.1,69.5,89.1,82.5,75.1,72.2,76.2,68.0,58.3,71.5,87.7,79.0,91.8,65.2,88.8,67.8,73.5,70.3,65.1,98.2,86.4,83.0,78.6
124,Mia Sanders,27.0,36.4,11.8,44.5,36.7,25.7,39.5,35.8,13.7,21.7,27.6,39.3,13.3,37.6,33.3,14.9,10.3,30.9,34.0,27.9,31.6,24.4,34.0,30.1,30.1,37.3,12.8,23.9,35.3,31.0,32.3,12.6,37.0,12.4,18.4,18.5,42.6,30.4,10.7,18.6,40.9,31.6,19.8,37.3,34.7,38.2,26.3,22.5,27.3,28.0,42.4,27.8,39.4,24.1,29.1,25.3,10.1,18.2,15.2,16.3,27.15
125,Ethan Sanders,98.4,81.8,92.9,90.4,90.7,76.8,84.0,95.1,92.6,89.7,70.0,55.5,68.3,99.1,85.3,88.7,79.6,94.1,74.0,79.4,73.9,56.2,63.3,66.8,65.9,77.3,90.0,94.0,80.6,83.2,68.2,66.8,67.9,78.5,74.2,70.0,70.8,66.0,66.3,67.4,60.5,95.6,99.1,66.3,73.8,85.5,86.3,86.2,57.8,69.1,59.9,63.6,94.6,74.7,73.9,98.3,87.2,83.0,89.5,89.5,78.51
126,Ella Sanders,38.3,36.8,22.7,17.1,23.3,12.5,30.7,22.4,24.0,23.1,32.2,18.6,17.0,13.5,17.1,20.8,20.4,26.0,28.1,25.8,30.4,21.5,10.3,17.8,19.0,34.5,37.7,39.5,23.1,28.8,43.8,14.3,42.4,25.6,28.8,22.6,44.1,34.2,11.2,20.2,16.4,35.2,28.1,23.6,24.8,34.9,44.5,14.9,12.2,19.9,27.4,36.9,33.6,12.9,20.8,10.1,37.6,40.5,41.8,36.8,24.03
127,Lucas Sanders,88.0,70.6,57.0,95.9,86.3,95.7,78.8,98.2,73.8,80.6,62.7,97.4,90.9,78.0,80.3,66.5,80.7,56.7,69.0,68.6,57.1,76.0,73.5,65.9,67.1,81.7,92.3,94.1,58.4,70.8,86.1,91.7,69.5,88.2,85.9,86.5,98.8,94.7,66.3,77.1,65.5,93.3,80.6,98.6,91.1,63.8,81.3,92.0,70.9,74.2,90.0,86.1,84.4,71.1,77.4,98.4,62.3,96.9,99.4,94.0,79.45
128,Grace Sanders,26.0,11.7,40.7,20.2,22.6,35.5,40.8,23.8,38.1,36.2,17.2,28.2,16.0,29.2,25.7,21.5,42.7,19.0,33.5,31.2,35.7,15.0,20.0,16.0,19.0,24.5,44.9,19.8,21.5,24.8,37.2,24.1,20.4,18.6,22.1,35.1,14.9,15.4,14.8,17.6,23.7,25.0,29.6,33.0,30.2,25.7,11.2,30.4,41.7,34.0,44.6,40.5,17.2,33.1,33.5,32.1,42.5,34.8,42.4,40.0,28.07
129,Mason Sanders,97.4,96.5,59.0,84.8,84.6,61.2,65.3,97.4,96.1,87.5,67.8,58.6,59.2,62.9,62.5,68.9,65.3,93.5,56.8,64.4,87.7,59.7,87.1,60.7,67.7,78.8,80.8,81.2,70.4,74.3,81.3,59.8,83.7,57.0,64.2,87.3,71.6,88.8,88.6,86.2,89.2,57.4,84.2,73.7,75.0,87.4,70.3,56.8,84.7,79.4,75.1,89.3,87.9,78.8,80.9,76.9,78.0,60.6,87.0,80.9,75.63
130,Chloe Sanders,42.2,19.9,39.3,31.0,32.1,41.1,37.9,13.9,27.2,28.7,24.7,23.5,15.6,26.2,24.2,28.6,27.0,21.4,38.2,33.2,24.1,11.3,41.0,36.7,32.2,43.9,37.5,43.8,11.0,23.3,38.5,34.8,15.8,28.1,28.7,42.5,41.2,23.6,15.6,23.7,10.3,20.8,13.1,23.0,19.7,34.7,27.2,10.1,31.8,28.7,26.1,24.6,33.0,34.2,31.7,18.8,25.5,44.9,40.1,36.0,28.52
131,Logan Sanders,31.0,38.4,19.5,35.1,32.9,25.3,20.4,11.3,21.4,20.4,32.8,20.4,35.3,29.3,29.4,26.0,31.8,14.6,39.2,33.2,32.5,18.3,26.8,40.5,34.6,12.7,17.4,24.1,41.3,32.0,31.8,10.7,43.7,25.8,27.0,30.9,23.1,24.4,35.0,31.5,13.9,40.9,29.0,27.0,27.4,12.3,13.6,12.4,44.4,31.7,23.2,14.7,30.9,37.7,31.8,44.5,25.9,26.9,30.4,31.2,30.26
132,Zoe Sanders,43.2,14.8,15.1,12.0,16.9,22.0,35.1,37.0,42.7,38.2,20.2,35.8,36.9,20.2,24.5,42.1,22.1,26.6,41.8,37.2,32.1,16.2,27.0,16.4,19.9,25.7,24.8,40.0,42.1,37.3,20.0,22.8,19.2,38.4,31.3,26.2,43.1,33.6,31.5,32.6,44.7,21.0,38.4,26.6,29.8,19.4,40.8,29.3,27.9,28.7,30.2,24.6,22.0,23.9,24.6,24.9,17.7,34.0,14.7,19.0,28.33
133,Henry Sanders,30.5,43.6,17.5,21.4,25.1,36.3,23.5,11.7,44.1,36.0,10.1,15.1,17.9,31.2,24.5,24.2,22.0,24.9,42.1,34.7,41.3,27.3,27.2,22.6,26.3,27.8,25.2,29.3,17.9,21.7,36.8,44.2,17.6,32.1,32.4,41.6,33.8,38.7,35.2,36.3,37.0,29.3,30.1,40.6,37.2,17.7,15.6,27.7,34.9,29.1,11.8,36.7,29.1,18.4,21.4,38.8,42.3,24.5,30.3,32.3,29.75
134,Layla Sanders,69.2,63.1,92.1,63.2,67.8,87.8,72.7,90.1,99.9,93.4,99.0,63.2,71.3,69.0,72.5,68.3,82.3,59.1,87.5,80.5,82.3,60.1,99.4,95.7,89.7,60.3,74.4,67.8,79.1,74.5,72.0,79.4,56.3,72.6,71.3,90.4,70.2,64.4,79.4,77.6,68.3,73.8,82.2,63.1,67.8,76.0,56.6,55.6,79.8,73.0,93.7,96.9,94.5,76.7,84.0,92.1,99.5,59.0,65.8,72.9,77.08
135,Owen Sanders,16.3,18.1,14.7,22.0,19.7,16.8,43.8,38.8,32.5,32.8,38.1,29.5,28.0,41.8,37.8,38.3,12.6,44.3,28.8,30.0,19.7,38.8,17.8,15.7,19.6,44.5,17.8,42.6,14.6,22.7,17.7,21.5,19.8,39.8,31.7,24.4,11.1,13.0,41.8,31.5,22.8,44.1,39.3,34.8,35.0,14.4,22.2,13.0,39.4,30.3,12.4,22.1,42.8,35.0,31.3,36.4,23.2,14.9,14.0,18.3,28.39
136,Nora Sanders,60.9,65.6,76.9,63.9,65.5,92.4,60.6,94.2,79.5,80.7,60.4,91.5,59.4,69.3,69.8,91.5,71.9,66.7,63.6,68.8,69.6,93.5,98.4,93.6,91.0,75.3,85.2,71.6,92.9,86.7,89.9,94.0,76.4,95.6,92.1,68.4,72.2,61.1,82.1,76.2,97.2,88.7,96.9,86.7,89.7,75.2,59.4,94.7,87.1,82.8,74.6,55.5,64.5,92.5,81.4,95.8,90.3,78.2,80.1,83.3,80.67
137,Wyatt Sanders,67.0,88.1,70.9,74.6,74.9,93.3,91.2,98.7,56.0,71.4,96.6,66.5,71.0,93.0,87.0,74.6,96.5,65.5,66.9,71.7,90.5,65.8,97.6,81.1,82.5,72.7,61.8,76.4,61.5,65.0,64.5,73.4,74.3,81.2,77.0,58.0,94.2,70.0,58.7,64.8,94.2,71.2,56.5,65.7,69.0,66.1,81.9,60.8,72.6,71.4,95.8,85.2,95.1,61.0,73.4,83.4,76.6,64.2,61.5,66.8,72.91
138,Hazel Sanders,67.0,60.3,57.8,92.6,80.2,96.5,94.0,83.6,69.3,78.1,67.0,72.2,91.1,68.6,71.9,80.9,67.1,55.9,61.2,63.9,58.8,99.1,87.0,76.1,78.3,78.0,85.8,85.8,73.4,77.3,68.5,92.1,95.6,97.5,92.7,75.6,89.0,70.6,85.6,82.7,86.5,75.4,80.6,69.6,74.1,58.4,55.8,95.2,78.2,74.8,85.0,72.7,93.7,98.5,92.6,72.4,89.7,76.8,83.5,82.0,79.05
139,Julian Sanders,34.7,11.2,30.8,19.3,21.8,17.0,15.1,15.4,27.0,22.5,14.8,26.7,17.3,18.4,18.9,36.9,14.0,43.7,12.7,20.2,21.4,33.1,32.5,33.2,31.5,18.8,23.5,28.9,44.3,36.1,14.9,40.8,12.6,16.1,18.8,16.0,24.7,27.5,39.4,32.7,33.2,36.1,11.8,42.9,36.6,23.9,28.4,18.9,35.8,31.0,15.0,38.6,35.3,21.1,24.5,29.3,28.6,10.9,28.7,26.4,26.75
140,Aria Sanders,61.5,88.2,86.2,69.4,73.1,77.2,88.8,92.1,60.6,70.8,99.1,56.5,56.2,77.8,74.9,75.5,99.8,98.7,56.4,70.4,91.5,78.7,90.5,69.2,76.3,64.7,89.9,96.4,91.0,88.1,71.4,64.3,72.5,63.8,66.0,89.4,91.3,99.3,76.6,83.3,92.7,65.0,84.8,96.7,90.4,94.1,55.7,64.4,64.6,67.3,98.3,87.6,87.7,92.0,91.7,67.0,70.1,82.9,70.0,71.3,76.97
141,Levi Sanders,43.7,18.2,42.5,22.5,27.4,41.0,12.9,37.9,26.2,28.0,29.6,20.8,29.5,35.5,32.0,42.0,10.3,26.6,20.4,22.8,35.6,33.1,44.4,43.7,41.3,42.7,23.5,35.5,24.5,28.3,38.6,22.4,40.1,37.6,36.0,27.0,33.6,27.1,15.7,21.1,16.9,26.0,44.4,13.9,20.0,28.2,29.1,26.8,24.6,26.0,18.8,24.3,22.5,22.1,22.0,19.8,39.2,39.1,42.3,38.5,28.62
142,Ruby Sanders,83.1,61.9,95.4,71.7,75.1,94.2,97.1,86.1,87.9,89.7,96.6,79.0,90.2,79.9,83.4,91.8,94.5,76.7,67.3,75.4,63.9,78.7,79.5,56.6,63.6,90.2,74.8,81.4,77.7,79.5,83.0,64.1,59.8,64.2,66.1,57.9,72.1,59.5,70.6,67.6,85.5,98.6,74.6,95.2,91.6,84.1,58.9,59.6,66.5,66.9,75.5,61.4,82.5,99.1,88.7,91.6,72.4,93.7,87.8,87.0,77.88
143,Isaac Sanders,18.7,43.6,24.7,30.5,29.9,33.0,26.2,38.2,10.8,19.5,13.6,11.2,31.3,22.7,21.1,21.1,11.3,20.2,30.4,25.3,30.6,35.7,19.3,24.4,26.1,31.7,11.8,39.7,29.8,29.0,43.6,18.4,13.5,11.5,17.0,20.9,38.0,11.6,18.0,20.2,16.0,35.7,20.6,38.4,32.7,23.4,24.3,44.8,26.1,28.0,41.5,26.7,18.6,35.6,32.9,30.1,40.2,40.0,12.3,22.1,25.32
144,Luna Sanders,10.6,26.0,12.5,42.6,32.1,15.4,41.6,20.7,33.6,30.5,24.0,29.9,29.5,15.0,20.1,34.3,19.0,20.1,33.7,30.0,17.3,22.3,23.4,12.8,16.1,29.2,19.5,27.7,30.5,28.5,15.3,23.9,35.6,23.1,23.8,31.4,37.5,36.3,29.0,31.4,36.4,15.5,44.4,23.5,26.9,37.7,39.6,10.9,31.2,30.5,39.7,22.4,18.0,13.2,18.6,18.0,26.7,32.3,30.1,28.3,26.4
145,Leo Sanders,38.8,43.3,41.4,19.0,27.9,40.9,21.8,42.6,32.3,33.4,42.7,26.8,28.9,30.9,31.7,35.9,10.2,27.8,36.7,31.9,42.2,18.2,36.8,37.3,35.3,15.6,20.2,21.0,28.2,24.5,29.6,17.9,37.4,41.2,36.0,36.0,20.3,14.6,26.7,25.5,12.9,21.6,17.3,25.0,21.9,13.6,44.8,36.5,43.7,38.9,41.0,18.9,44.2,13.2,21.8,22.0,43.4,29.0,44.5,39.3,30.67
146,Ivy Sanders,69.5,62.1,56.3,97.7,83.7,94.3,67.6,97.6,72.9,78.3,67.5,80.9,65.0,85.4,79.7,66.0,61.7,66.7,84.5,76.6,96.1,98.3,85.8,74.2,81.9,61.0,74.5,95.7,62.1,68.1,82.6,73.5,80.1,66.3,71.3,74.8,72.6,71.9,73.1,73.1,69.2,69.6,88.7,90.9,84.9,55.5,75.2,70.2,58.8,62.1,58.5,84.2,64.5,67.1,67.9,63.0,85.1,71.8,82.1,78.6,75.52
147,Elijah Sanders,74.4,96.9,58.1,87.2,82.9,96.3,57.8,91.8,77.0,79.0,82.9,95.4,99.2,76.3,82.8,57.1,69.9,66.6,80.2,73.9,66.9,78.8,66.9,67.2,68.7,75.5,88.3,94.5,67.0,74.6,60.3,75.1,79.1,99.6,88.4,94.4,92.6,74.4,60.3,71.0,99.9,85.8,89.5,75.2,81.8,73.9,60.1,91.7,85.9,81.6,74.0,63.4,56.1,85.8,77.3,79.7,99.9,68.1,84.1,83.5,78.79
148,Stella Sanders,59.6,92.2,65.5,92.0,84.2,66.7,99.3,68.8,91.6,86.3,75.0,96.6,69.8,62.0,69.4,90.7,84.4,88.4,62.7,72.8,81.1,77.6,96.1,77.5,80.5,55.3,93.4,82.9,68.2,71.8,98.7,61.4,78.9,96.0,89.5,61.6,74.4,88.1,84.6,80.6,97.4,85.4,64.8,63.5,71.1,83.4,99.8,94.2,88.2,89.9,83.1,55.7,96.8,59.4,67.1,72.5,75.3,91.0,97.4,90.3,79.46
149,Caleb Sanders,80.0,87.7,61.9,83.3,80.6,82.1,88.4,84.7,76.9,80.2,77.7,85.0,70.6,66.5,71.0,95.2,69.8,96.1,73.1,78.7,61.5,95.2,81.8,74.1,76.3,61.0,73.1,69.3,95.4,84.4,98.0,89.3,83.1,86.6,88.0,63.5,74.3,72.5,83.1,77.9,78.1,82.8,99.1,94.4,91.3,70.0,94.7,84.3,88.3,86.2,80.8,95.3,79.6,78.1,81.0,91.1,71.8,69.7,83.9,81.4,81.42
150,Willow Sanders,70.0,55.0,97.3,71.3,72.4,68.1,73.4,94.1,78.2,78.3,78.5,75.9,91.7,99.4,92.5,92.4,69.7,96.8,82.4,84.0,76.9,91.4,61.6,99.0,90.1,89.4,65.4,87.4,96.4,90.1,90.8,80.9,76.3,93.2,89.0,57.6,99.0,59.5,65.6,68.2,91.5,77.3,91.7,89.9,88.7,85.2,64.2,81.6,93.3,86.8,87.2,76.9,60.6,71.8,73.0,88.3,87.9,95.9,61.5,73.2,82.19
151,David Sanders,88.8,83.5,59.2,84.9,81.8,89.1,77.3,59.5,65.1,69.2,77.1,91.3,61.2,90.9,85.2,86.9,58.8,83.6,60.8,67.1,63.4,72.1,81.2,62.7,66.5,64.8,74.7,57.0,64.3,64.8,56.7,95.4,80.1,79.5,78.7,61.6,97.8,57.3,89.7,82.7,99.8,78.4,68.0,67.5,73.3,85.4,85.3,74.6,88.5,85.8,59.8,62.9,81.8,76.8,73.3,68.8,75.8,86.9,93.9,87.2,76.3
152,Maya Sanders,86.5,80.1,88.2,64.5,72.7,55.8,76.3,78.9,70.1,70.2,98.1,94.3,97.6,73.7,82.9,60.5,60.7,61.7,75.5,69.7,95.7,68.3,78.6,65.8,71.8,96.5,66.4,90.0,68.7,74.9,93.7,87.0,68.2,86.4,85.0,84.3,89.5,63.6,78.4,78.7,81.4,77.8,66.1,56.2,63.8,83.1,60.7,98.1,69.3,73.8,98.4,62.9,94.2,90.7,88.5,65.8,85.6,60.9,78.4,75.3,75.61
153,Gabriel Sanders,82.6,96.3,66.1,96.3,90.4,72.2,55.7,87.0,95.9,86.2,70.1,87.6,57.5,93.2,84.6,80.8,63.6,88.0,93.9,87.3,85.7,91.1,69.2,88.6,86.0,93.0,75.7,78.8,71.5,75.9,73.2,90.5,89.2,97.4,92.2,69.1,98.7,78.4,76.7,78.8,75.4,77.4,62.7,61.8,65.8,73.8,95.1,82.6,58.2,68.5,55.1,82.4,98.1,98.5,90.5,66.9,89.7,76.6,63.9,69.4,81.3
154,Naomi Sanders,94.3,86.1,55.4,59.1,66.9,99.1,86.8,61.0,79.4,80.6,85.9,82.1,79.0,63.3,70.9,96.3,98.5,92.9,80.7,86.8,57.6,97.6,95.9,70.1,75.5,88.3,77.8,99.5,83.4,85.5,55.1,82.3,82.8,61.9,66.5,65.1,98.4,93.3,90.0,88.2,78.9,87.2,99.6,75.0,80.4,91.5,93.3,71.9,59.3,69.8,81.1,92.3,75.0,83.0,82.9,67.6,93.7,72.0,57.0,65.3,76.61
155,Samuel Sanders,67.5,92.7,55.4,58.0,63.5,86.7,89.8,68.1,69.3,74.2,67.8,96.7,78.3,65.0,71.4,60.6,91.6,74.3,56.0,63.8,56.6,87.4,74.2,71.5,72.0,65.2,89.5,63.6,84.2,79.6,62.7,93.7,78.8,67.0,71.6,68.7,64.9,93.3,91.6,85.2,65.1,66.8,55.7,91.2,79.7,61.0,94.4,85.0,66.5,72.0,85.6,59.8,56.7,56.6,60.9,99.8,88.6,93.3,77.1,83.8,73.14
156,Anna Sanders,87.2,61.4,93.0,83.6,82.4,89.3,82.9,94.0,74.1,80.0,67.7,60.4,55.3,58.1,59.3,94.8,57.1,77.2,77.2,76.9,84.1,84.6,95.6,67.0,75.4,88.4,94.7,95.8,75.4,82.4,85.9,83.6,57.2,83.7,80.4,98.7,60.7,59.9,99.3,88.8,89.0,59.1,80.6,93.3,86.5,77.3,64.3,65.6,83.8,77.9,65.3,65.8,86.0,95.4,86.2,87.1,69.3,75.5,92.9,86.7,80.24
157,Jack Sanders,18.6,16.1,24.1,25.9,23.4,27.1,26.9,29.4,28.2,28.0,32.1,29.2,36.5,13.9,21.4,35.1,10.4,36.8,19.2,22.5,14.6,14.4,34.6,28.3,25.5,26.7,10.5,42.5,25.2,25.7,42.6,35.6,31.3,42.0,39.8,26.4,11.8,19.5,37.1,30.0,40.5,12.4,35.4,43.4,37.8,31.5,30.6,18.1,15.4,19.9,38.3,27.8,13.1,29.2,28.1,43.9,44.9,39.3,22.3,30.5,27.72
158,Elena Sanders,34.5,39.1,31.1,14.8,22.8,39.3,38.8,12.0,30.9,30.6,44.2,29.4,25.0,41.6,38.1,30.4,35.3,24.9,30.3,30.3,26.5,22.2,31.7,44.7,37.5,39.5,13.8,35.1,20.4,24.0,40.9,36.4,15.1,22.0,25.5,16.8,41.3,19.2,41.0,34.9,43.5,31.8,42.1,18.5,26.8,34.5,36.4,39.4,22.7,28.3,12.4,22.0,19.7,14.6,16.0,34.9,40.9,36.5,14.9,23.9,28.22
159,Carter Sanders,31.3,39.1,25.7,18.2,23.7,36.1,24.1,31.6,36.9,34.4,21.8,38.8,42.0,11.1,20.3,25.9,32.6,10.5,35.6,30.6,25.6,28.4,38.0,42.2,37.6,12.9,21.2,42.8,38.1,33.1,19.4,42.9,44.1,18.8,25.5,24.3,27.8,26.1,44.7,37.2,37.2,35.3,36.8,41.6,39.5,32.2,13.8,20.7,29.1,26.4,22.1,32.6,16.5,17.9,20.2,26.9,12.6,14.5,10.7,13.6,28.51
160,Sofia Sanders,70.1,78.3,79.4,82.0,79.6,87.2,78.3,94.7,72.8,78.4,80.9,71.7,93.3,92.3,88.2,94.3,97.6,64.4,90.2,88.3,99.6,59.0,59.1,65.4,68.3,70.0,89.0,57.4,92.6,84.4,67.8,95.3,76.9,64.5,70.7,78.0,83.5,64.5,90.5,84.4,75.0,59.3,83.7,70.7,71.5,90.1,64.1,87.5,87.0,84.4,94.1,70.8,99.5,74.9,80.2,63.7,71.2,74.3,88.9,81.2,79.97
161,Dylan Sanders,94.2,96.3,56.8,81.8,82.1,67.6,84.8,65.9,99.8,89.0,79.0,87.0,95.5,71.6,77.8,78.3,99.5,60.0,77.2,78.0,69.5,56.5,59.4,87.7,77.3,71.7,64.8,61.1,91.7,81.4,60.1,60.5,91.2,80.6,76.6,93.6,79.6,91.9,77.5,81.8,63.6,80.1,66.2,78.9,75.3,80.1,63.9,58.2,80.3,75.1,79.1,92.2,72.7,78.2,79.5,87.7,81.4,68.9,96.3,89.5,80.28
162,Lily Sanders,38.9,37.7,15.4,35.7,33.7,28.7,10.1,31.7,37.9,32.1,27.5,37.7,31.1,42.6,38.4,36.8,27.3,21.4,16.6,21.4,11.9,29.8,27.3,34.0,29.6,28.5,15.7,39.3,40.1,35.2,26.4,42.5,14.2,27.6,27.6,43.0,38.1,32.4,33.5,35.2,32.1,21.6,23.4,13.5,18.4,19.3,11.3,14.1,35.8,27.4,34.0,21.3,18.8,31.9,29.0,14.6,36.4,16.6,31.2,27.7,29.64
163,Adrian Sanders,38.1,32.0,38.3,22.8,28.1,38.2,35.7,28.7,34.0,34.1,26.3,23.0,28.7,19.3,22.0,43.8,30.5,29.7,37.7,36.5,35.0,41.9,25.3,10.0,19.6,33.8,23.9,42.9,23.4,27.5,30.6,30.4,23.8,11.5,18.2,37.1,12.3,21.4,38.9,32.8,24.1,21.1,14.5,33.2,27.9,40.9,18.3,15.4,16.1,19.6,20.5,23.4,25.1,24.4,23.8,37.3,39.3,35.8,44.9,41.9,27.67
164,Hannah Sanders,93.5,92.2,57.8,86.4,84.3,79.8,85.0,82.2,55.9,66.5,96.6,60.5,58.1,69.0,70.1,62.0,65.1,95.1,88.8,82.9,55.5,82.8,79.7,82.1,78.3,80.6,76.2,95.6,80.6,82.0,55.3,75.5,57.2,88.8,78.3,77.3,67.9,71.9,62.7,66.6,86.9,68.0,68.5,57.2,64.1,77.7,95.3,72.4,79.9,80.7,61.5,56.8,96.9,99.6,88.5,85.6,98.0,65.3,84.0,83.6,77.16
165,Nathan Sanders,38.8,26.0,18.0,34.9,32.0,19.2,10.5,23.4,21.7,20.1,18.6,34.7,23.8,13.6,18.4,21.2,11.9,42.6,11.0,16.7,17.3,29.1,10.4,15.2,16.7,39.4,21.2,21.4,35.9,32.5,38.1,28.2,40.9,32.4,33.7,19.8,42.2,44.2,24.4,28.8,16.6,39.0,39.1,43.2,38.5,11.3,42.8,19.5,23.6,24.0,34.5,23.3,27.2,32.2,30.7,40.7,13.4,16.5,28.5,26.5,26.55
166,Claire Sanders,56.1,81.6,83.5,62.1,66.8,69.2,98.4,74.4,64.9,71.2,55.9,80.5,55.2,88.4,78.6,91.2,88.7,98.1,88.4,90.1,99.0,82.5,67.4,69.6,74.9,90.7,74.5,97.9,86.5,87.0,75.6,80.6,83.3,95.1,89.0,86.9,83.2,58.3,66.1,70.1,67.7,66.2,58.4,81.2,74.4,56.3,67.7,98.8,99.7,89.5,85.9,98.6,90.0,80.7,85.0,58.2,67.7,80.1,68.2,68.4,78.75
167,Miles Sanders,10.2,30.4,29.4,29.2,26.9,28.5,44.5,44.1,42.9,41.4,26.8,22.8,17.8,16.7,19.0,40.2,18.2,26.8,14.1,19.8,30.5,39.9,37.7,21.2,27.1,39.2,16.0,11.9,37.8,31.6,41.3,41.7,11.4,43.5,38.7,32.0,35.8,25.3,33.2,32.3,41.9,35.9,36.5,38.0,38.0,17.4,10.2,38.7,32.7,28.5,16.3,28.9,27.0,13.6,17.8,12.9,23.6,34.9,38.5,32.6,29.47
168,Eva Sanders,25.3,19.7,44.3,26.7,27.9,15.4,38.6,13.3,17.8,19.7,19.4,44.2,15.5,31.4,29.4,20.5,17.8,34.7,14.3,18.3,23.7,31.6,11.7,14.8,17.8,12.5,24.8,18.5,25.2,22.6,26.5,11.1,40.8,15.9,20.0,29.5,42.2,39.3,36.9,36.9,23.4,28.2,28.0,40.2,34.7,19.8,17.6,41.9,22.9,24.3,32.5,15.8,16.7,26.1,24.3,16.2,13.2,31.9,26.5,24.1,25.0
169,Cole Sanders,98.9,75.4,80.1,64.5,72.6,81.2,56.4,59.5,76.3,72.1,72.5,68.8,84.0,57.0,64.2,73.6,69.9,72.1,55.8,62.2,97.2,68.8,87.0,84.8,84.6,82.8,65.8,85.1,89.7,85.0,85.3,96.0,76.4,77.7,81.0,69.4,84.1,76.1,77.5,77.1,85.1,56.6,94.7,65.3,70.7,75.8,74.6,95.8,76.3,78.6,65.4,59.1,66.7,55.2,58.6,99.2,68.6,58.6,78.2,77.1,73.65
170,Piper Sanders,78.0,88.2,89.8,85.9,85.7,73.3,94.5,99.6,75.2,80.8,92.7,56.5,91.7,69.5,73.8,93.9,94.1,93.0,63.7,75.7,60.7,95.0,78.8,93.9,87.6,64.9,98.6,89.0,64.1,72.1,67.4,96.3,94.0,83.6,84.5,89.9,81.2,75.5,71.5,75.8,90.8,64.6,62.2,87.5,81.5,67.7,57.9,96.3,87.3,82.0,80.9,83.4,65.0,73.3,74.6,98.7,61.9,92.1,95.4,90.9,80.42
171,Ezra Sanders,37.9,34.1,26.7,26.2,28.9,20.4,15.5,17.1,33.8,27.3,31.9,37.0,17.8,35.6,32.9,12.7,43.4,30.1,14.8,20.4,13.7,14.6,11.4,20.5,17.6,31.7,14.7,13.5,41.6,32.9,27.6,42.1,37.2,17.6,24.8,30.4,25.1,30.8,24.0,25.9,42.3,20.5,39.3,17.0,23.8,19.1,22.8,44.1,13.6,19.6,42.5,29.4,41.9,18.6,26.3,32.1,21.1,31.8,35.6,32.7,26.09
172,Violet Sanders,11.5,26.3,19.3,29.6,25.4,19.2,27.2,26.0,32.7,29.3,31.1,34.0,13.7,12.1,17.8,36.9,23.1,34.0,13.1,20.4,39.3,20.8,29.4,13.0,19.7,40.2,43.6,32.9,23.1,29.4,12.9,36.8,20.6,29.5,27.1,11.2,43.3,24.8,32.1,29.8,25.5,40.1,37.1,38.0,36.5,14.8,16.0,43.3,18.3,20.9,29.3,43.0,14.5,28.0,28.4,13.8,28.0,40.7,13.2,18.9,25.3
173,Felix Sanders,56.4,56.9,68.8,91.8,79.4,57.5,89.9,79.0,55.1,63.2,87.9,62.1,69.1,97.1,87.5,67.9,76.9,89.4,60.2,67.3,96.1,74.8,58.5,76.7,76.6,62.4,98.3,80.8,72.0,75.4,88.1,88.9,74.7,66.9,73.7,60.4,97.8,60.0,84.0,79.5,96.3,63.0,74.2,83.9,81.5,94.4,83.6,91.3,81.6,84.9,66.8,91.5,71.7,55.4,63.9,91.9,73.8,64.6,97.5,89.2,76.84
174,Iris Sanders,80.9,56.5,99.2,81.0,80.1,64.8,89.0,86.5,83.4,82.1,57.9,82.1,60.6,58.2,61.7,76.2,65.6,74.5,82.0,78.0,81.4,89.4,92.3,94.2,91.6,75.8,98.9,79.7,96.6,91.9,91.5,75.0,78.0,68.6,73.8,78.1,80.0,56.2,86.3,80.4,66.9,93.7,84.1,58.6,67.8,72.1,81.4,78.5,76.6,76.9,74.8,98.1,86.6,92.9,90.3,56.9,86.4,76.8,85.4,80.6,79.6
175,Silas Sanders,32.6,44.9,22.8,23.8,27.7,28.8,30.7,10.1,17.7,19.9,30.6,33.7,16.0,15.3,19.9,10.1,31.0,22.0,17.9,19.2,31.5,27.7,34.6,24.7,27.3,42.5,22.2,25.8,13.4,20.1,44.5,25.8,37.3,22.8,28.0,43.4,18.9,25.7,39.6,35.5,14.9,28.1,44.8,24.8,26.6,33.1,26.9,40.1,24.9,28.3,39.9,11.9,31.8,38.5,34.2,38.6,14.8,27.7,25.0,25.8,26.04
176,Josie Sanders,99.0,67.4,95.2,59.1,70.3,69.1,95.2,78.8,59.3,68.0,93.6,87.6,81.0,79.3,82.5,61.5,68.5,68.8,80.5,74.8,60.8,99.3,78.1,62.8,69.4,92.7,61.0,74.6,63.0,68.2,75.2,60.6,74.6,64.9,67.0,65.9,91.5,89.6,87.0,85.1,65.9,90.3,71.1,78.3,77.3,63.1,92.1,80.0,85.8,82.8,94.6,88.3,99.3,64.3,76.2,67.6,99.4,71.0,92.7,87.4,75.75
177,Milo Sanders,56.7,87.0,55.7,60.2,62.7,62.3,96.1,98.3,79.8,82.1,77.4,87.1,80.9,99.0,92.1,91.5,75.6,60.0,89.2,83.8,68.3,92.9,67.7,61.9,67.7,60.8,87.5,96.4,65.2,71.7,88.0,57.6,83.9,85.1,81.7,83.5,57.4,72.3,90.9,83.0,64.5,89.0,72.0,90.4,84.3,68.7,90.8,66.8,91.5,85.1,69.5,59.1,72.3,96.9,84.9,66.1,94.8,77.0,67.0,71.9,79.25
178,Wren Sanders,33.4,19.6,19.5,37.7,32.3,23.1,22.3,11.1,31.9,26.7,19.6,26.2,16.0,21.2,21.0,15.7,17.3,13.9,37.8,28.9,27.8,24.7,29.2,21.4,23.7,36.4,21.9,16.0,24.8,24.8,22.2,26.8,41.4,10.6,18.4,42.4,37.2,15.4,14.0,21.1,28.5,35.5,10.3,18.6,21.1,13.8,18.1,15.9,27.4,22.8,11.3,15.1,14.2,31.1,24.1,35.2,37.3,15.6,22.2,25.1,24.17
179,Theo Sanders,43.9,31.1,22.9,25.4,28.3,40.2,39.7,26.8,22.6,27.8,29.1,11.7,43.0,25.6,26.5,34.0,14.5,40.8,19.3,23.5,37.3,10.6,19.0,34.9,29.9,11.2,39.9,22.2,32.1,29.0,16.2,29.7,41.6,23.7,25.9,40.6,11.1,15.1,35.6,30.3,20.5,21.1,38.0,38.1,33.5,38.9,36.1,28.1,28.3,30.7,29.2,30.0,25.6,13.2,19.2,32.1,29.0,44.5,19.3,25.7,27.53
180,June Sanders,95.8,90.6,67.5,92.2,89.2,88.9,56.8,64.6,59.8,63.9,91.3,88.5,96.9,90.4,91.1,74.9,76.5,95.1,67.1,73.1,96.1,84.4,65.1,71.8,75.8,91.4,58.5,79.0,73.3,74.5,68.8,86.2,89.2,82.7,82.2,66.8,76.9,83.0,80.7,78.6,60.1,95.9,87.0,75.4,77.6,72.9,72.5,94.9,74.5,76.7,62.3,66.5,94.8,68.5,70.9,83.8,64.7,58.9,77.1,73.9,77.29
181,Ava Price,66.3,91.1,87.7,96.8,90.8,91.6,92.0,68.3,61.3,70.4,83.1,74.0,79.0,84.8,82.4,66.9,71.6,95.3,73.0,75.0,70.5,71.0,77.9,78.0,76.1,66.0,67.9,64.9,66.6,66.5,80.1,72.5,89.1,73.5,76.3,66.5,69.8,84.1,77.5,75.9,94.7,66.5,69.6,66.3,70.6,78.9,97.8,89.4,71.6,78.4,60.8,64.2,56.8,90.2,78.4,59.6,69.8,93.8,56.3,63.5,75.36
182,Liam Price,90.0,74.8,73.7,92.5,87.3,62.7,63.1,69.5,60.1,62.1,80.2,79.3,61.4,83.7,79.7,75.0,95.1,63.3,69.9,73.1,56.4,88.2,95.8,80.3,80.2,97.1,97.5,58.6,62.0,71.0,91.7,80.1,60.2,99.6,90.7,74.8,88.8,85.2,70.7,75.6,74.4,78.7,94.8,69.6,74.8,96.6,77.3,63.9,57.3,66.1,61.4,69.9,64.1,98.3,85.0,57.9,62.2,55.2,75.0,68.4,76.17
183,Noah Price,29.0,16.6,28.8,44.6,36.7,41.2,17.4,21.7,35.7,32.1,42.1,13.9,27.9,35.6,32.5,19.6,18.4,30.9,27.8,25.9,18.8,41.3,26.7,29.6,29.3,38.8,35.5,31.7,22.4,27.6,30.4,43.2,11.1,44.6,38.1,25.5,43.5,35.9,35.4,35.2,35.1,17.7,11.8,40.9,33.2,33.2,36.4,14.1,34.6,31.9,17.6,19.5,21.9,35.5,29.2,29.0,20.5,22.1,38.1,32.4,32.01
184,Mia Price,97.1,57.8,74.2,67.9,71.3,66.0,62.6,60.2,55.1,58.2,81.7,57.1,99.9,59.2,67.3,95.1,88.8,69.2,84.9,84.7,72.6,56.7,88.1,92.6,84.5,92.0,83.3,86.3,76.9,81.0,99.7,71.4,63.6,81.1,80.0,89.8,88.6,59.3,60.5,68.0,79.3,82.1,64.7,94.5,86.8,95.9,68.2,69.6,94.9,88.1,87.6,98.6,60.8,75.6,78.3,79.2,71.8,74.5,58.9,65.4,76.13
185,Ethan Price,73.7,88.2,66.6,74.5,75.2,90.5,70.9,71.2,55.2,64.1,85.6,81.5,73.9,71.3,74.9,65.7,58.7,88.7,59.9,64.4,84.0,91.1,68.8,61.3,69.3,86.2,94.7,97.3,77.8,83.8,85.6,88.0,92.6,97.1,93.8,68.5,92.1,78.8,68.3,72.9,89.7,84.7,92.3,60.1,71.6,65.2,89.4,70.6,76.2,75.7,98.2,84.9,61.2,94.9,89.5,96.6,76.2,58.3,95.5,88.1,76.94
186,Ella Price,19.2,24.9,16.1,16.2,17.7,36.9,15.3,19.3,40.6,33.9,24.0,32.0,29.9,35.6,32.8,24.1,44.4,36.5,27.7,30.6,15.9,28.0,17.2,29.2,25.7,34.7,34.0,13.3,22.4,24.4,24.5,33.5,28.9,25.0,26.6,41.4,26.8,40.5,22.0,27.7,24.8,10.5,23.7,37.0,30.1,29.3,44.9,30.6,25.3,29.2,17.9,42.9,11.0,23.4,23.6,32.6,22.9,35.7,18.6,23.3,27.13
187,Lucas Price,72.1,87.7,89.0,57.0,67.4,76.8,65.8,90.1,64.8,69.9,63.9,71.8,82.2,59.3,64.6,59.4,74.1,55.2,60.9,61.7,59.3,83.9,99.5,83.6,82.5,63.2,59.0,99.8,75.6,75.0,58.7,81.4,95.9,57.8,66.1,81.6,75.1,63.7,98.6,88.5,59.2,90.8,70.5,83.4,79.4,67.0,68.2,100.0,85.8,82.8,83.6,65.7,57.9,92.1,82.9,86.3,81.6,99.8,86.7,87.7,75.71
188,Grace Price,91.4,71.4,99.8,80.7,83.4,90.7,61.3,68.3,67.3,69.8,58.6,59.1,73.5,89.9,79.4,73.1,64.8,60.1,78.5,73.5,57.9,97.2,96.0,59.0,68.9,87.8,66.7,76.0,66.8,70.8,80.4,90.7,83.9,98.9,93.3,82.8,99.1,69.9,76.2,79.3,65.6,85.7,73.3,85.3,81.1,83.9,67.8,78.4,77.0,76.9,83.5,86.4,81.4,56.3,67.3,89.4,88.8,60.5,94.9,88.8,77.71
189,Mason Price,31.9,38.5,18.6,14.1,20.3,36.5,34.9,14.3,29.9,29.4,20.3,24.3,18.6,10.3,14.6,36.7,15.6,18.2,30.6,27.8,22.0,17.4,14.4,10.1,13.2,18.6,41.2,27.3,12.1,18.9,15.9,13.0,20.3,21.7,19.6,39.1,28.9,43.5,27.1,31.1,25.2,35.2,26.2,20.0,23.5,14.1,28.1,34.9,13.8,18.6,23.4,20.5,21.3,17.1,19.0,17.6,13.4,22.0,17.1,17.3,21.11
190,Chloe Price,20.1,39.9,14.5,17.7,20.6,14.1,11.8,16.7,12.7,13.3,21.0,19.9,23.6,15.0,17.6,27.7,12.0,42.7,33.4,31.0,24.1,29.8,13.9,13.1,16.9,16.0,21.6,21.3,37.0,30.1,44.6,18.3,37.5,13.6,21.5,12.8,11.2,17.0,32.3,24.8,13.5,21.6,38.8,11.2,16.6,25.1,24.8,18.7,28.8,26.4,21.5,14.0,41.5,35.8,31.7,16.6,24.5,18.3,39.0,31.3,23.48
191,Logan Price,24.5,44.8,36.7,26.2,29.9,10.7,22.0,44.9,24.8,25.2,11.2,38.9,12.0,39.3,31.9,11.4,40.1,40.3,18.2,23.2,38.0,39.7,16.3,32.5,32.0,13.3,31.1,26.5,17.5,20.0,32.3,11.0,28.8,11.1,16.3,25.1,23.7,18.8,21.7,22.0,12.6,12.7,34.1,40.6,32.3,30.9,38.1,37.8,15.9,23.8,12.6,27.1,21.0,38.0,30.9,41.7,31.3,12.9,40.1,35.5,26.92
192,Zoe Price,28.6,43.9,16.4,23.9,26.2,12.2,13.6,14.7,28.5,22.5,37.3,21.0,37.8,44.6,39.6,25.1,39.0,16.3,30.7,29.1,41.4,17.0,32.7,26.5,28.0,19.2,18.3,29.6,29.6,26.7,23.5,28.6,25.1,22.8,24.0,43.7,12.5,25.5,28.9,28.2,14.7,34.1,37.2,10.5,17.8,14.2,42.7,21.3,43.7,36.6,21.7,43.5,27.7,30.2,30.5,21.5,43.1,32.2,44.7,39.7,29.07
193,Henry Price,41.9,17.2,10.4,40.2,33.4,37.4,33.9,32.4,33.4,33.9,35.4,45.0,23.7,25.0,28.9,30.0,22.7,22.0,11.5,16.9,12.8,30.4,38.8,31.0,29.5,16.7,19.6,20.7,13.4,15.6,17.2,32.3,19.0,30.1,27.2,14.1,38.1,17.9,21.6,22.3,12.7,40.5,36.5,40.9,36.5,20.2,30.5,24.9,27.0,26.3,29.0,11.4,34.4,26.1,25.6,25.0,32.7,37.4,18.7,23.9,26.67
194,Layla Price,38.5,21.6,19.4,10.5,16.9,35.8,30.4,39.1,18.3,25.0,18.2,38.4,18.6,24.0,24.4,11.0,22.8,25.4,26.4,23.7,32.1,27.2,33.5,32.7,32.0,44.8,26.1,28.3,30.8,31.7,16.2,22.5,41.7,37.0,32.9,31.6,30.4,28.7,41.9,37.2,12.6,37.0,21.6,21.6,22.5,40.2,15.8,41.2,25.5,28.3,26.5,12.9,34.6,22.4,23.3,30.0,13.7,13.9,34.6,28.4,27.19
195,Owen Price,18.2,22.2,13.9,16.5,17.1,16.2,44.4,40.7,13.9,21.8,27.2,11.6,44.1,33.8,31.3,32.2,15.0,37.4,15.8,20.8,42.6,17.8,28.0,25.7,27.2,42.3,19.3,33.1,33.5,32.7,34.4,15.0,26.2,25.0,25.1,20.9,16.9,23.2,31.3,26.9,31.5,28.0,22.2,43.5,37.0,14.0,24.7,12.2,31.5,25.7,18.2,15.5,28.4,11.0,14.9,15.0,30.7,42.0,22.6,25.3,25.48
196,Nora Price,30.5,32.8,32.0,17.6,23.3,19.5,22.7,35.7,37.8,33.1,21.7,28.2,32.8,25.7,26.4,11.1,39.7,20.2,17.6,20.0,13.4,17.1,19.0,26.3,22.4,26.6,12.8,43.9,19.5,22.8,33.5,27.6,26.4,34.4,32.3,33.0,41.9,43.6,28.5,32.9,32.1,23.4,21.5,32.4,29.7,31.8,44.7,20.1,41.9,38.0,27.8,22.6,43.2,27.6,29.0,33.1,10.4,38.7,10.8,17.4,27.28
197,Wyatt Price,16.3,40.2,37.2,15.2,21.6,19.6,21.3,29.4,10.0,15.4,25.2,33.1,10.4,38.7,32.4,17.0,27.6,32.5,26.8,26.4,41.6,35.2,44.9,34.2,36.7,19.4,22.3,39.2,39.7,34.6,41.9,41.4,11.5,22.8,26.3,13.8,22.4,12.9,38.3,29.5,14.9,28.2,19.1,26.1,24.0,16.7,31.6,28.5,34.6,31.0,24.0,20.8,44.6,10.7,18.3,13.8,29.4,43.6,29.1,29.0,27.1
198,Hazel Price,69.1,83.7,92.1,65.4,71.9,70.9,85.6,98.3,91.8,89.1,71.6,87.8,75.2,60.8,67.8,59.2,79.5,56.2,79.2,73.5,59.5,78.4,59.1,61.6,63.2,66.2,70.2,88.5,84.4,80.6,93.8,80.1,84.4,66.9,74.6,76.8,74.2,61.7,88.2,81.3,68.8,79.7,92.4,78.0,78.9,86.4,79.5,83.9,57.4,67.7,89.4,98.6,63.6,69.7,75.4,55.7,58.8,99.5,74.9,73.5,74.79
199,Julian Price,89.6,86.0,70.6,78.6,80.0,77.8,95.8,78.2,81.9,82.7,92.7,78.8,91.1,76.1,80.7,86.7,90.9,86.6,92.4,90.7,80.3,72.3,82.8,99.3,91.0,97.4,63.7,58.5,60.7,65.7,72.2,82.5,67.8,80.4,77.9,71.3,61.0,58.4,78.6,72.6,98.7,70.8,58.1,61.1,67.0,57.4,58.0,98.0,80.1,76.5,79.2,91.4,86.5,67.9,75.0,61.3,64.2,81.8,94.4,84.3,78.67
200,Aria Price,77.1,57.7,99.6,87.1,83.5,78.9,68.2,67.7,84.8,79.5,56.9,86.7,93.0,67.2,71.9,67.4,81.6,65.2,80.4,76.8,69.5,61.1,84.4,91.3,83.4,66.4,92.5,75.3,83.8,81.5,57.5,62.4,59.9,92.7,79.6,85.7,65.4,58.7,72.9,71.7,82.4,87.9,62.8,59.7,66.9,62.6,94.4,72.8,55.4,63.9,70.9,91.0,64.9,83.4,80.3,67.6,81.1,96.2,84.2,83.2,76.85
201,Levi Price,26.7,41.4,43.9,14.0,23.3,24.1,30.9,41.0,32.2,32.1,37.5,28.7,19.9,12.0,18.7,44.0,17.4,19.3,34.3,31.3,15.3,25.8,41.1,36.1,32.6,36.9,23.5,20.0,29.1,28.2,22.7,12.4,43.0,22.4,23.9,19.6,24.4,23.5,13.3,17.0,31.6,23.0,21.5,36.0,31.7,18.0,28.4,10.1,35.0,28.5,12.0,23.7,44.6,22.5,24.2,31.2,16.7,42.3,28.4,29.1,26.72
202,Ruby Price,29.5,34.7,25.5,16.0,21.6,29.9,10.5,44.5,26.8,27.4,33.4,42.0,45.0,31.9,35.2,27.0,11.6,37.8,27.6,26.7,17.4,31.1,36.1,18.6,22.4,40.3,35.9,39.4,12.8,23.1,31.0,36.9,39.6,32.4,33.8,19.8,30.7,12.9,26.2,24.2,17.5,26.8,41.3,43.3,37.4,17.7,21.1,30.2,35.4,30.4,38.8,11.0,36.9,34.9,32.5,38.4,11.4,13.7,25.1,23.5,28.18
203,Isaac Price,26.8,26.5,24.3,28.1,27.2,27.2,15.4,34.3,35.8,31.7,36.2,28.2,30.7,11.6,19.6,40.6,44.3,15.8,36.9,35.6,25.5,20.6,40.6,17.4,22.0,24.6,18.0,13.8,43.3,33.5,25.8,26.7,17.7,25.8,24.8,16.5,29.9,27.2,24.5,24.5,20.7,22.3,42.8,31.5,30.3,21.1,18.7,34.3,11.5,16.8,33.9,25.4,40.2,35.6,34.6,33.6,30.5,24.5,15.8,21.3,26.82
204,Luna Price,29.4,15.3,23.2,25.3,24.2,12.7,28.2,23.0,42.3,33.9,18.2,11.2,35.3,25.0,23.6,14.7,16.3,43.4,27.1,26.2,39.7,30.0,33.8,11.0,20.4,10.9,17.1,24.1,42.5,32.4,30.4,44.2,11.5,16.3,21.3,20.9,25.7,30.8,12.6,17.9,13.9,41.5,44.9,11.2,20.1,44.7,37.2,41.6,36.5,38.4,32.1,18.7,41.9,18.5,23.5,33.0,34.5,26.9,36.4,34.4,26.36
205,Leo Price,14.7,10.2,15.5,18.4,16.4,13.2,13.5,26.4,21.0,19.7,14.4,35.4,38.1,19.6,23.5,12.4,13.8,16.3,30.6,24.0,21.4,33.3,44.3,20.4,25.4,34.2,34.7,13.1,37.4,33.4,31.5,42.6,33.6,10.1,20.4,33.0,28.4,20.3,43.5,37.0,16.7,28.7,37.9,35.9,32.6,14.8,35.9,43.2,37.4,35.0,25.4,32.7,34.9,35.6,33.8,34.4,22.0,25.2,44.6,37.6,28.23
206,Ivy Price,16.1,42.7,16.2,38.5,33.1,44.1,17.8,44.1,31.9,33.3,14.7,23.5,16.0,31.9,26.4,20.5,17.7,41.6,22.5,24.1,42.1,30.0,34.8,18.6,25.4,22.3,41.2,26.8,34.1,32.5,31.2,29.8,14.9,16.6,20.1,43.6,35.3,39.4,40.1,39.8,34.1,18.9,40.0,40.1,36.5,34.8,10.4,30.9,19.8,22.0,15.0,16.1,40.9,43.0,35.4,33.1,21.7,18.4,23.0,23.6,29.35
207,Elijah Price,25.4,38.4,32.1,42.9,38.5,42.2,34.4,44.8,18.3,27.2,33.0,27.2,17.9,34.9,31.4,24.7,23.1,35.4,31.3,29.9,23.3,40.6,42.0,38.9,37.5,36.3,17.0,18.0,32.8,29.2,34.6,22.2,38.9,27.3,29.1,16.9,20.0,10.4,42.1,31.6,12.0,21.5,22.7,25.6,22.9,16.7,14.2,31.5,15.3,17.5,25.6,28.1,18.7,41.5,34.6,15.4,26.3,36.6,22.4,23.9,29.44
208,Stella Price,25.1,10.8,20.7,34.3,28.1,32.4,26.5,10.7,19.6,21.0,31.4,18.8,43.8,17.2,22.9,35.9,32.9,32.8,32.3,32.9,43.9,21.0,44.7,21.8,27.7,18.4,39.2,42.5,37.0,35.5,12.6,23.4,20.8,26.3,23.4,10.2,22.7,11.2,41.9,31.0,34.5,14.7,28.8,16.3,20.2,15.6,38.0,21.3,24.2,24.5,25.4,18.7,20.3,43.7,34.8,33.1,29.9,14.8,35.1,31.4,27.78
209,Caleb Price,85.0,63.3,56.6,60.0,63.3,65.6,83.7,90.3,82.3,81.3,92.9,67.7,70.0,88.5,83.8,77.2,87.5,69.2,84.0,81.6,58.6,78.5,97.7,66.8,71.4,62.9,59.0,82.9,97.0,85.5,83.6,79.5,58.9,80.2,77.7,74.6,61.8,55.2,89.7,79.4,84.2,96.8,60.7,90.7,86.6,92.9,92.1,66.1,59.9,69.4,97.6,85.5,71.2,67.4,74.3,72.6,76.6,68.8,73.2,73.0,77.27
210,Willow Price,79.3,75.9,74.4,69.8,72.5,85.8,56.1,66.2,97.3,86.1,93.1,64.8,68.9,96.9,88.4,82.3,85.7,98.9,84.7,86.4,72.9,82.7,86.7,58.1,67.2,88.8,78.0,76.5,90.9,87.0,65.7,59.2,90.7,56.7,62.8,93.4,94.4,56.9,58.1,67.5,73.9,58.6,62.1,74.6,70.7,56.9,65.5,90.8,58.7,63.6,93.9,67.7,58.9,85.2,80.5,68.4,59.8,76.5,88.0,80.1,76.07
211,David Price,41.4,42.1,11.2,25.7,28.0,37.6,22.2,41.7,29.6,31.3,28.1,27.0,44.3,27.6,29.8,40.6,21.8,30.3,21.7,25.4,28.6,24.7,35.1,19.3,23.4,28.9,39.8,43.9,26.8,31.1,26.6,37.9,13.4,14.1,18.8,15.7,14.9,35.3,12.0,16.0,15.6,19.4,38.7,30.6,28.2,31.6,32.9,14.3,18.9,21.8,17.5,42.0,11.0,43.1,35.3,29.8,13.2,20.1,26.1,24.1,26.1
212,Maya Price,16.4,41.8,15.9,18.7,21.1,39.4,13.5,42.3,39.0,36.1,29.1,34.3,37.5,38.0,36.3,19.8,43.0,32.0,28.2,29.6,18.8,41.6,43.6,35.1,34.9,24.0,30.7,43.5,25.1,28.2,38.0,18.0,33.0,14.4,20.5,31.4,23.1,29.3,32.1,30.4,18.3,30.7,40.2,39.5,35.6,25.0,28.2,40.2,34.2,33.0,25.6,38.9,32.8,42.2,38.3,17.4,41.8,17.9,25.1,25.3,30.78
213,Gabriel Price,44.1,22.7,27.5,30.8,31.1,16.5,41.1,40.5,13.7,21.3,32.6,24.9,37.5,14.2,21.2,25.2,13.0,32.7,17.7,20.1,25.6,44.9,28.0,22.5,26.6,35.4,21.4,24.4,32.3,30.2,42.6,14.9,15.9,21.1,22.4,10.6,30.0,43.1,43.6,37.3,18.4,17.3,23.8,42.1,33.2,18.7,22.1,14.0,14.3,15.9,10.2,10.7,21.1,24.7,20.4,25.5,27.2,20.2,42.9,35.5,26.27
214,Naomi Price,40.1,23.1,27.3,12.9,19.8,34.1,37.2,24.0,30.7,31.1,29.5,16.6,40.3,20.9,24.1,14.9,40.3,26.5,33.7,31.1,20.3,36.6,16.0,31.0,28.3,15.5,27.0,28.1,41.4,34.3,42.1,25.2,21.7,42.1,37.1,34.7,32.3,40.2,10.5,20.6,18.8,39.2,31.5,33.5,32.0,31.7,24.8,19.0,14.3,18.6,19.3,37.4,16.8,32.1,29.1,44.0,42.0,27.3,19.5,26.8,27.74
215,Samuel Price,21.5,22.2,12.3,20.9,20.0,44.7,30.7,13.9,37.0,34.1,43.3,15.0,20.7,18.2,21.5,10.3,17.4,43.3,13.7,17.7,14.4,15.9,43.2,31.0,28.4,10.3,24.8,36.1,11.1,16.2,29.7,13.3,39.1,39.9,34.9,13.1,11.9,36.5,12.7,15.8,19.0,20.7,14.6,22.9,21.0,19.0,43.9,30.3,35.8,33.9,32.3,29.7,38.3,34.7,34.2,26.4,10.6,43.4,10.7,17.1,24.57
216,Anna Price,25.7,19.9,35.9,44.8,37.7,36.6,38.4,30.7,33.9,34.4,38.3,16.0,21.2,34.4,30.7,34.5,35.3,39.8,33.7,34.8,35.9,17.2,22.8,22.0,23.3,14.8,36.2,43.8,27.5,29.1,40.4,25.8,39.4,36.4,35.9,27.2,38.7,23.7,30.8,30.4,29.8,34.5,18.0,25.1,26.0,18.0,35.9,16.5,44.0,35.8,23.7,12.9,13.1,13.6,14.8,36.9,11.3,41.3,17.1,22.2,29.59
217,Jack Price,73.1,86.0,69.1,83.8,80.7,75.3,85.1,85.8,64.2,71.3,75.9,73.8,89.2,66.5,71.8,92.7,95.8,63.8,92.2,89.0,80.6,69.6,90.4,77.1,78.3,71.2,57.8,87.8,78.0,75.7,68.5,86.2,61.4,94.9,85.8,62.2,75.8,70.4,82.5,77.3,90.1,98.9,99.0,91.1,93.1,88.9,56.1,82.8,99.4,90.0,69.8,97.5,97.9,82.0,84.6,58.2,89.2,75.6,96.4,87.6,82.1
218,Elena Price,24.0,41.4,44.6,32.2,34.0,16.5,24.7,39.4,38.6,33.9,15.1,12.8,38.7,15.8,18.4,34.0,13.4,16.2,17.9,19.2,17.5,16.4,40.9,29.1,27.4,36.8,16.4,24.6,39.2,33.9,11.5,12.8,25.8,26.3,22.5,23.0,25.5,18.8,23.5,23.1,13.1,12.9,39.6,38.0,31.5,10.6,10.7,12.4,21.4,17.3,27.5,12.6,10.0,30.5,25.0,34.8,34.4,35.0,13.0,21.7,25.66
219,Carter Price,92.3,70.9,84.1,89.3,86.6,55.1,97.6,96.1,84.4,83.8,58.1,99.2,58.5,78.4,75.8,69.2,56.2,64.0,90.2,79.4,55.9,97.7,77.9,85.6,82.2,98.3,81.8,74.6,66.4,73.8,87.0,59.3,89.7,69.0,72.9,76.8,66.5,87.2,76.1,76.4,64.0,99.2,55.7,83.5,79.3,74.6,93.6,91.7,98.5,93.8,85.2,96.6,94.4,89.1,90.3,55.5,87.3,85.3,84.4,81.1,81.28
220,Sofia Price,74.2,81.0,89.4,74.8,77.5,72.3,89.4,60.1,55.8,63.1,73.0,78.7,98.0,97.9,92.0,93.2,59.9,94.2,61.4,69.8,67.9,82.5,88.8,68.3,72.9,63.7,69.9,67.4,77.8,73.5,79.0,59.3,95.9,59.6,67.0,56.9,65.7,95.3,89.9,83.0,62.0,64.6,59.6,60.2,60.9,68.5,61.9,79.7,74.2,72.5,73.8,75.6,74.5,97.4,88.3,74.7,74.4,98.3,62.4,70.4,74.24
221,Dylan Price,17.0,43.4,25.8,33.9,31.8,13.2,16.9,26.7,26.4,23.4,19.5,14.4,16.9,37.4,29.2,16.4,28.1,26.9,33.5,29.6,14.1,38.4,23.3,36.2,31.8,12.7,11.7,10.1,20.5,16.9,42.5,43.2,30.5,37.3,37.9,17.2,41.0,14.1,31.4,28.5,30.8,33.8,13.9,34.6,31.2,28.0,25.7,43.1,20.7,25.3,43.8,33.1,28.0,12.7,21.6,43.5,43.3,28.5,15.6,24.7,27.66
222,Lily Price,41.1,22.3,12.8,22.0,23.4,24.7,23.1,27.2,12.0,17.2,16.3,22.1,14.4,24.6,21.8,30.9,23.9,30.3,13.3,19.3,30.1,43.0,20.3,33.8,32.7,39.8,19.5,14.3,28.1,26.7,42.2,44.3,21.0,25.3,29.5,40.9,36.5,28.4,27.6,30.7,35.6,24.6,40.4,22.0,26.6,31.7,43.6,25.6,37.4,35.9,43.0,32.5,34.4,42.3,40.0,23.4,42.2,28.9,15.4,21.8,27.13
223,Adrian Price,16.7,42.7,32.9,43.7,38.5,12.6,32.0,10.8,31.4,26.2,14.9,12.3,13.9,10.0,11.5,23.6,22.3,18.8,38.2,31.5,41.0,39.9,19.9,30.3,31.6,38.5,23.6,25.2,16.8,21.7,38.1,13.6,34.0,35.7,32.8,18.4,37.0,37.0,17.6,22.9,34.4,20.2,25.3,35.1,31.7,40.5,32.4,30.7,29.9,31.8,44.6,39.0,32.8,35.8,37.0,18.8,40.4,19.4,37.4,32.9,29.18
224,Hannah Price,17.9,39.2,19.1,26.0,25.8,17.6,39.7,39.7,38.3,35.9,13.6,34.5,40.9,10.4,18.1,19.6,20.7,27.3,27.3,25.4,36.2,27.9,40.5,21.8,27.0,18.7,11.1,16.1,10.2,12.2,36.4,39.1,34.0,15.6,24.0,10.3,44.6,11.1,21.7,21.8,38.4,43.6,22.4,11.1,20.6,37.9,43.7,31.1,23.0,28.8,18.8,31.9,28.6,38.0,33.4,25.5,12.0,14.7,25.3,22.1,24.59
225,Nathan Price,13.7,33.4,37.0,13.5,19.3,27.7,15.2,11.0,15.5,16.5,37.4,22.3,20.3,40.2,34.8,44.5,12.7,29.7,15.2,20.7,13.4,30.9,12.8,35.9,29.2,17.2,40.4,43.3,19.0,24.9,13.6,21.2,30.5,25.6,24.1,43.1,11.9,10.8,37.4,31.2,44.0,28.0,21.5,32.6,32.0,43.8,34.1,23.8,14.7,22.4,16.5,24.4,20.6,31.8,27.3,32.4,39.4,19.1,40.1,36.2,26.55
226,Claire Price,20.3,25.0,34.1,16.7,20.6,24.2,24.1,33.6,29.6,28.7,35.0,25.9,21.0,17.4,21.4,21.6,39.5,33.1,36.3,34.3,17.8,42.8,24.6,25.0,26.4,10.7,13.7,15.7,43.6,31.5,34.2,37.3,38.7,11.3,21.5,35.6,29.4,18.7,20.2,23.3,44.7,33.3,38.4,14.3,24.1,29.1,23.3,28.4,15.9,20.3,38.5,20.8,19.6,14.3,19.1,10.2,21.2,14.6,34.7,27.0,24.85
227,Miles Price,23.6,30.8,41.8,24.5,27.5,27.0,44.4,32.2,16.3,23.6,13.2,15.7,20.1,20.0,18.5,13.8,30.8,30.5,42.3,35.4,31.5,23.4,43.9,39.2,36.7,25.6,17.3,42.3,28.2,28.3,40.8,11.8,23.5,43.1,36.0,12.1,37.3,19.3,23.6,23.3,23.3,38.0,34.3,29.6,30.5,19.2,14.8,12.7,23.4,20.3,26.4,24.2,28.2,22.3,23.9,22.0,24.4,32.7,41.1,35.2,28.27
228,Eva Price,99.7,88.7,88.2,77.6,83.4,92.6,87.5,60.1,74.3,76.6,66.8,83.2,96.8,80.7,81.3,62.5,92.5,91.6,71.4,75.7,81.7,81.8,79.0,76.2,78.1,87.7,73.1,65.5,91.6,85.1,76.5,66.9,90.1,97.4,89.6,69.5,63.7,92.4,87.6,82.6,65.6,71.9,68.0,83.6,77.6,78.9,89.2,73.6,77.4,78.7,83.9,85.5,94.5,93.2,91.1,96.7,96.4,81.3,78.3,83.6,81.95
229,Cole Price,87.4,88.9,75.6,55.4,66.8,80.2,99.1,88.6,67.8,76.4,64.7,82.7,93.9,56.8,66.3,66.8,95.0,94.3,92.8,89.8,98.1,69.0,90.5,57.3,68.7,70.2,92.9,64.8,79.9,78.3,79.4,87.4,78.8,77.5,79.2,78.4,70.9,86.4,83.1,81.3,64.0,66.1,59.0,97.7,83.8,72.7,85.5,77.5,91.5,86.3,85.2,62.6,89.3,58.3,66.6,84.9,62.4,80.7,84.7,81.2,77.06
230,Piper Price,45.0,12.1,41.5,11.3,19.9,30.8,30.0,29.3,30.4,30.3,38.4,44.4,29.2,29.8,32.8,41.4,16.8,25.0,38.9,34.4,16.2,26.3,30.8,18.2,20.7,22.8,42.6,30.6,37.9,35.5,20.2,40.4,24.7,43.2,37.3,21.2,15.5,24.3,27.8,24.8,35.2,20.6,18.1,31.8,28.9,24.5,20.6,12.6,21.8,20.8,44.7,23.3,39.6,18.7,25.6,33.4,30.5,12.6,36.4,32.0,28.58
231,Ezra Price,20.9,15.9,41.1,10.8,16.9,39.6,30.7,26.6,26.5,28.8,19.7,14.3,11.1,10.4,12.3,28.6,15.4,25.9,42.3,34.7,17.6,13.0,29.9,42.6,33.6,28.7,34.3,42.8,37.3,36.5,38.2,25.0,38.9,39.0,37.0,28.1,30.4,11.8,21.9,22.5,37.1,15.3,39.6,20.5,24.6,26.1,12.1,21.4,12.9,15.7,19.5,23.2,37.3,44.4,37.3,15.9,25.9,40.7,33.7,31.2,27.59
232,Violet Price,66.8,87.5,80.7,85.1,82.4,55.9,61.0,72.2,78.0,72.0,84.4,66.7,88.8,90.7,86.4,77.3,62.3,78.3,87.4,81.5,65.2,56.2,97.3,62.0,66.4,59.9,82.6,60.8,80.9,75.6,57.6,85.9,65.1,59.9,63.8,90.2,96.4,82.3,83.4,85.9,79.4,81.9,65.8,65.6,69.6,98.3,69.2,71.2,91.8,86.9,98.4,61.0,96.7,95.4,91.4,95.6,86.4,92.2,97.1,94.8,79.73
233,Felix Price,62.1,56.6,77.7,74.9,71.1,80.2,62.3,74.6,92.0,84.1,88.6,69.8,72.6,77.6,77.4,58.6,62.1,71.6,93.1,81.5,96.6,68.3,58.7,55.7,63.2,77.1,64.1,91.9,57.0,65.3,67.5,72.0,68.7,96.9,85.9,64.0,90.0,83.0,67.0,71.8,93.6,70.9,60.3,89.9,83.9,70.0,63.0,58.0,99.2,85.0,95.3,68.1,55.5,56.5,63.1,80.0,72.3,92.1,60.0,68.6,75.08
234,Iris Price,87.5,89.6,95.0,90.2,90.4,96.7,59.6,72.4,77.1,76.8,70.6,79.5,73.9,56.3,63.6,86.6,78.5,95.8,99.1,94.2,64.7,94.0,60.0,55.3,62.3,80.6,71.5,89.2,62.6,69.7,96.2,85.3,75.6,92.8,90.0,93.4,56.2,56.2,82.0,76.6,65.3,86.8,92.9,85.4,83.9,93.2,94.7,63.2,83.3,83.5,72.3,70.9,72.9,56.3,62.6,89.4,71.3,76.9,94.5,88.4,78.5
235,Silas Price,89.1,74.3,71.0,90.2,85.4,59.1,55.1,81.6,93.0,81.9,77.7,91.7,79.1,78.8,80.4,61.9,99.0,69.3,96.7,88.7,96.7,55.5,78.8,98.9,90.1,78.5,68.4,72.6,77.8,75.9,91.5,97.5,58.2,81.3,81.7,62.6,84.1,79.6,56.5,64.1,85.6,70.9,84.5,69.0,73.5,88.6,65.6,74.5,87.1,82.8,63.4,83.8,79.8,80.7,78.7,91.4,77.4,75.5,68.2,73.5,79.73
236,Josie Price,95.5,62.5,74.8,87.2,83.4,87.6,88.7,69.7,71.4,75.6,61.6,93.7,64.8,80.1,77.4,99.2,92.5,80.5,63.1,74.2,63.9,64.7,89.0,66.4,68.9,55.4,58.0,76.9,65.5,64.7,68.3,89.9,76.2,69.4,72.9,68.6,67.0,55.8,72.5,69.0,62.5,72.0,85.4,63.4,67.4,75.0,84.7,75.0,85.4,82.5,77.0,86.0,88.1,86.1,85.1,84.3,74.2,57.5,68.0,69.6,74.23
237,Milo Price,15.8,19.4,38.5,44.8,36.7,32.2,38.6,33.1,13.2,21.8,42.0,22.3,33.7,31.2,31.8,38.2,15.0,42.6,27.0,29.0,20.0,38.6,17.4,32.3,29.5,43.5,28.5,37.4,40.4,38.8,28.1,14.9,25.9,39.2,32.7,34.4,28.9,23.8,12.5,19.1,11.7,30.1,12.9,44.1,33.8,25.8,23.6,19.3,41.0,33.8,20.2,30.0,34.4,23.2,25.2,28.5,19.8,34.7,39.2,34.6,30.57
238,Wren Price,94.1,69.7,81.9,83.0,82.6,75.0,89.2,66.9,70.3,73.0,73.4,61.3,99.0,65.0,70.2,60.3,91.8,82.8,76.2,77.0,96.4,73.4,90.4,58.1,69.6,85.2,59.5,62.0,66.4,67.4,78.2,94.6,69.6,56.2,66.0,60.6,75.5,58.6,92.6,81.5,94.6,67.1,96.9,93.8,90.8,78.8,86.8,76.8,63.3,70.3,71.7,67.1,83.6,75.7,75.1,81.6,94.5,91.5,62.2,73.0,74.71
239,Theo Price,22.9,41.9,18.2,42.7,36.7,27.2,27.2,27.7,28.8,28.2,23.7,37.7,38.2,22.7,26.9,35.7,24.0,38.1,18.1,23.9,10.2,26.6,10.8,37.8,29.0,44.0,32.9,32.3,37.3,36.9,26.2,22.0,38.5,36.8,33.6,24.9,11.8,19.3,15.9,17.0,29.5,38.7,20.4,23.9,26.2,30.4,44.9,33.0,27.7,31.1,39.9,42.9,35.0,17.6,26.3,39.0,26.5,24.1,21.2,24.7,28.38
240,June Price,38.4,24.9,40.0,31.9,32.9,25.8,33.4,38.1,37.5,35.5,12.2,44.2,15.9,32.6,29.2,10.4,39.7,28.3,31.5,29.4,35.3,30.1,33.4,17.0,23.4,41.1,12.7,29.4,39.2,34.6,13.3,22.9,15.0,22.5,20.3,40.2,31.2,18.7,42.3,37.4,20.0,19.3,26.6,14.9,17.7,42.0,19.9,30.3,17.5,22.8,16.6,30.2,32.1,35.6,31.9,42.6,35.7,35.9,44.5,41.9,29.75
241,Ava Long,71.6,72.6,77.0,73.2,73.4,63.2,62.6,87.2,80.1,76.5,70.4,57.2,65.3,86.3,77.5,71.4,57.0,79.2,82.7,77.3,74.6,68.4,59.4,93.0,82.8,77.5,59.0,69.8,76.3,73.3,83.6,85.5,82.0,98.3,92.5,90.0,73.0,72.2,88.1,84.2,67.2,61.0,87.8,77.8,75.5,79.5,91.8,84.8,63.4,72.2,80.8,86.4,84.3,94.3,90.1,68.0,59.9,78.9,74.5,72.3,78.97
242,Liam Long,36.1,31.1,30.7,18.6,24.2,12.7,30.2,34.8,30.4,28.6,13.4,15.3,38.2,30.1,27.0,10.2,24.6,38.7,33.1,29.7,27.9,23.2,41.4,35.0,33.3,20.3,34.2,42.0,30.9,31.4,26.8,21.3,25.8,15.8,19.3,29.5,16.3,19.4,37.8,31.4,44.0,39.5,18.5,26.4,29.4,29.2,18.2,11.6,18.4,18.9,36.8,38.9,31.7,38.5,37.4,11.5,30.8,16.1,16.2,17.5,27.34
243,Noah Long,11.4,15.0,16.5,17.7,16.3,27.5,11.2,19.3,35.5,29.0,37.1,14.0,34.8,42.5,37.0,19.5,39.9,17.1,27.4,26.6,42.3,31.1,40.8,35.4,36.5,31.9,17.3,25.0,16.6,19.9,31.2,40.9,24.5,43.4,38.9,22.0,22.5,36.3,17.0,21.0,37.5,31.6,43.0,33.0,34.7,22.2,10.7,37.0,25.9,24.9,14.1,16.4,21.0,18.9,18.2,31.4,42.7,28.0,39.9,37.6,28.38
244,Mia Long,34.7,15.5,42.3,44.7,39.2,34.0,10.1,44.8,42.5,37.4,38.7,13.0,40.8,30.4,30.6,14.7,21.1,22.0,17.9,18.4,33.8,40.7,23.3,43.5,39.1,11.3,21.0,28.1,11.4,14.9,25.2,39.1,40.4,28.8,31.2,42.2,29.2,26.6,28.2,30.0,24.1,26.4,21.1,17.9,20.3,31.3,23.0,30.1,22.0,24.5,37.9,38.3,37.2,39.0,38.5,44.7,25.5,18.8,32.4,31.3,29.62
245,Ethan Long,86.4,99.8,86.2,60.5,72.6,74.5,76.5,61.1,75.2,73.4,89.9,55.6,59.9,59.8,63.3,62.3,87.8,82.4,93.2,86.9,61.1,94.6,74.3,93.8,86.9,74.2,55.4,69.8,57.0,60.8,99.8,61.3,60.1,70.9,72.0,99.3,62.1,99.4,73.9,79.1,74.2,89.1,98.1,85.3,86.0,71.5,65.6,70.7,59.0,63.1,56.7,97.7,69.1,96.5,87.7,79.1,80.4,66.8,94.5,86.9,76.56
246,Ella Long,10.9,15.1,23.1,35.5,27.8,41.2,34.8,42.7,21.1,28.5,33.1,16.0,20.7,10.3,15.5,21.2,39.1,26.7,10.1,17.7,33.4,35.7,39.8,23.7,28.7,40.6,33.4,42.2,35.4,36.7,25.9,30.5,34.3,39.6,35.9,43.7,37.7,19.0,13.8,21.7,24.0,30.6,42.7,35.1,34.0,35.8,11.8,26.9,43.7,36.2,42.6,26.0,15.4,26.3,27.0,34.4,10.9,34.7,44.3,37.2,28.91
247,Lucas Long,81.3,97.8,63.6,87.1,84.6,59.0,71.9,68.8,60.1,62.7,81.0,98.0,82.6,95.7,92.3,75.7,58.8,81.7,67.7,69.4,65.1,86.6,87.4,58.2,66.8,89.7,85.1,100.0,90.9,91.2,97.0,89.1,82.4,94.1,92.3,82.4,97.2,67.6,83.4,83.0,79.6,55.5,70.3,94.1,83.8,93.2,71.4,76.6,84.9,83.1,80.8,68.6,83.4,91.9,86.2,58.1,59.4,77.0,61.1,62.6,79.83
248,Grace Long,20.8,11.0,22.8,34.7,28.1,30.2,25.0,34.5,18.5,23.1,26.8,43.7,33.6,16.9,24.0,33.7,21.7,11.2,39.5,32.6,18.3,23.1,42.8,14.0,19.6,39.3,41.1,28.2,26.9,30.6,38.9,29.2,19.0,34.9,32.6,30.0,29.6,40.9,20.2,25.5,26.5,22.7,15.6,43.9,35.0,13.3,24.0,44.1,24.8,25.7,22.3,43.0,19.5,38.9,34.6,24.0,42.2,36.4,25.5,29.0,28.37
249,Mason Long,68.1,57.8,57.1,97.9,83.1,96.5,64.5,75.3,83.8,81.8,58.0,78.1,65.8,64.5,65.6,91.4,92.9,74.3,94.8,91.4,59.8,93.5,85.8,67.5,72.4,90.7,67.6,76.7,90.7,85.8,68.9,84.9,71.2,55.7,63.4,55.3,99.8,88.3,62.6,70.0,76.1,90.1,89.0,73.9,78.4,84.9,97.2,83.8,56.3,69.2,84.9,61.0,55.3,83.3,76.8,77.6,89.3,99.7,93.0,91.3,77.43
250,Chloe Long,89.8,58.6,66.4,79.7,76.5,78.2,59.2,96.3,76.2,76.9,69.7,86.1,82.9,88.5,84.9,85.4,99.0,64.4,95.3,90.4,71.3,55.2,94.9,55.3,62.7,82.4,55.9,86.5,81.1,78.6,69.9,69.9,72.7,92.9,84.1,98.2,73.8,58.0,96.2,88.4,76.0,98.4,95.7,90.4,90.3,74.3,92.0,83.3,71.8,76.4,68.4,92.9,77.8,88.0,84.7,68.6,94.7,68.0,93.6,87.0,81.74
251,Logan Long,18.5,19.0,28.4,31.9,27.9,17.0,11.7,15.8,28.7,23.2,12.2,27.5,28.1,30.1,27.1,35.8,24.7,26.9,22.1,24.9,37.2,22.6,10.5,30.1,27.4,12.9,35.6,17.7,10.4,15.1,12.4,35.6,12.0,28.7,25.2,25.1,32.0,20.0,43.2,36.2,33.9,32.8,23.0,10.7,18.4,22.3,41.0,23.7,42.9,37.3,11.5,19.6,19.7,31.4,25.6,23.3,19.0,10.8,32.6,26.6,26.24
252,Zoe Long,59.3,68.4,90.1,67.5,69.5,84.1,69.3,62.8,92.5,84.3,99.9,87.5,91.9,94.7,94.1,90.9,56.6,96.8,91.8,87.7,84.6,93.9,98.1,92.4,92.3,61.6,92.6,64.4,92.2,84.5,62.5,56.0,98.6,83.2,78.9,74.2,75.4,72.2,85.0,80.6,95.8,86.9,77.5,66.9,74.8,80.9,97.0,57.7,73.9,75.8,74.4,95.4,68.5,58.5,66.9,76.3,69.6,64.3,71.8,71.1,80.04
253,Henry Long,16.5,30.3,42.4,14.1,20.4,42.6,38.7,10.5,13.2,20.2,15.2,34.8,32.6,40.0,35.0,25.9,27.9,38.1,35.9,33.8,12.7,16.5,25.9,18.6,18.5,25.6,27.1,37.5,45.0,39.0,25.2,38.5,28.0,15.3,21.4,27.4,27.4,23.0,19.2,21.9,20.4,26.1,41.8,40.7,36.2,33.4,10.7,10.7,18.5,18.4,36.2,25.6,34.1,18.6,23.9,26.9,24.9,31.7,41.4,36.0,27.06
254,Layla Long,22.9,36.4,12.9,11.9,16.8,10.2,17.7,19.3,14.1,14.8,43.3,33.7,29.5,27.3,30.6,26.8,29.2,30.9,10.7,18.0,28.3,32.0,23.4,39.6,34.9,31.5,39.1,33.7,35.6,35.3,22.9,10.5,17.8,30.1,24.9,18.0,39.1,11.6,17.6,19.7,26.3,24.4,42.2,27.0,28.6,20.3,22.2,24.0,27.8,25.5,24.0,44.4,29.4,35.9,34.6,29.6,24.4,15.9,20.0,21.3,25.42
255,Owen Long,29.2,14.6,19.3,28.8,25.7,16.6,23.1,40.3,15.6,20.0,21.4,27.5,19.9,20.5,21.5,41.9,29.4,33.7,27.6,30.6,42.4,33.4,13.1,16.1,21.5,26.0,27.5,10.6,32.7,28.2,35.0,35.1,20.2,40.0,36.0,39.9,39.0,25.3,22.5,27.4,20.7,38.6,38.6,19.3,24.6,27.2,36.5,28.3,30.2,30.4,37.0,39.2,22.8,22.2,26.5,42.9,11.4,32.9,11.4,18.5,25.91
256,Nora Long,86.8,90.9,77.5,57.6,68.6,95.8,79.9,64.3,62.6,69.6,93.9,97.3,63.6,68.0,74.8,85.2,79.0,66.5,79.8,78.6,61.1,67.8,83.6,98.0,87.1,76.5,72.5,75.2,68.2,70.8,86.2,58.9,83.4,96.5,88.4,91.6,75.3,69.1,60.7,67.9,81.1,78.3,93.1,72.2,77.0,97.5,56.1,88.9,79.2,79.9,97.0,79.2,58.2,84.4,81.9,61.8,64.5,99.8,82.3,79.5,77.01
257,Wyatt Long,83.4,91.3,86.4,88.4,87.9,89.8,74.8,70.3,82.8,81.0,56.6,65.5,65.3,88.4,78.0,82.7,97.7,75.3,72.3,77.5,75.5,73.8,88.1,64.2,70.2,87.6,75.4,72.6,65.4,70.7,63.6,77.8,87.8,83.2,80.5,65.4,74.0,63.6,55.3,60.2,58.3,60.7,78.2,62.6,63.9,88.3,82.2,95.6,77.7,82.1,89.2,93.2,84.2,63.4,73.6,95.5,59.9,93.3,78.4,80.2,75.48
258,Hazel Long,66.5,88.3,82.0,92.9,87.3,74.5,66.7,74.6,99.5,88.5,93.1,98.5,78.5,91.2,90.7,77.4,83.9,73.9,95.2,88.5,69.5,55.8,79.1,64.1,65.7,98.3,91.1,89.6,58.6,72.4,95.5,86.0,84.5,83.1,85.3,58.9,84.5,82.7,97.4,88.6,65.1,71.5,87.9,64.7,68.8,71.5,78.0,80.5,85.8,82.1,99.3,65.7,68.3,75.6,76.5,76.7,71.3,73.9,92.5,85.1,81.62
259,Julian Long,14.6,24.7,35.7,21.6,23.0,32.7,14.4,39.3,23.1,25.4,40.2,40.4,20.1,19.0,24.8,12.2,34.0,37.6,19.9,23.1,18.6,37.9,44.7,22.7,27.1,43.8,26.7,10.2,19.6,22.5,31.0,22.2,12.6,13.3,16.8,36.6,20.7,11.2,13.7,17.4,42.8,24.0,27.0,44.5,39.2,27.7,27.1,20.8,27.7,26.7,42.2,23.3,42.3,29.0,31.8,20.9,34.8,19.9,35.1,31.1,25.74
260,Aria Long,38.2,25.6,29.4,43.5,38.5,38.1,41.5,15.3,18.0,23.5,10.0,17.8,19.7,18.7,17.6,41.9,39.7,30.5,18.3,25.9,41.5,41.2,14.0,32.7,32.5,27.6,12.0,33.1,16.8,19.8,31.8,42.8,18.2,38.4,35.4,28.8,36.0,12.3,12.8,18.0,12.8,38.3,11.0,20.4,20.5,27.8,15.4,17.5,23.0,21.9,20.6,10.5,36.0,11.6,15.9,34.5,32.2,10.6,44.3,36.9,25.53
261,Levi Long,33.5,37.6,13.5,33.8,31.6,30.3,44.5,31.3,37.9,36.9,18.7,31.5,44.0,37.6,35.1,26.1,12.7,36.5,20.7,22.5,38.6,44.7,32.9,43.7,41.7,36.0,21.8,43.3,15.2,22.6,23.9,26.6,28.2,31.2,29.2,13.6,29.6,28.1,43.2,35.4,26.4,42.0,35.5,44.4,40.5,35.8,12.0,33.7,36.1,32.5,24.8,23.1,39.4,10.3,17.8,14.1,42.3,41.5,12.2,20.4,30.52
262,Ruby Long,41.9,11.4,22.1,38.7,33.3,16.1,31.0,22.5,34.7,30.1,15.6,24.9,44.7,33.9,31.7,16.1,43.2,39.7,22.6,26.8,28.3,20.3,30.0,44.8,37.4,17.1,21.5,40.6,27.8,27.2,40.1,32.6,21.7,33.8,32.9,35.7,21.4,34.1,11.3,18.9,33.7,41.6,22.2,40.8,37.5,16.6,42.1,31.4,16.5,21.9,31.8,20.5,14.2,23.9,23.2,10.7,26.4,17.9,41.9,32.5,29.45
263,Isaac Long,87.1,95.6,69.9,56.0,67.3,89.8,69.2,80.6,70.7,74.4,75.2,55.5,68.2,70.5,68.8,81.6,88.0,61.0,98.4,89.8,63.5,80.4,62.9,94.0,84.0,98.2,99.3,75.2,74.4,81.0,82.2,80.6,75.1,70.5,74.0,99.8,88.2,78.4,65.4,74.8,95.2,84.2,88.5,73.5,79.8,92.7,95.8,58.6,86.6,84.9,98.6,64.1,57.3,85.2,80.5,85.5,100.0,89.8,65.6,76.1,77.95
264,Luna Long,61.6,85.8,58.5,87.7,80.1,97.1,69.6,72.2,59.1,67.3,75.0,65.6,75.7,62.1,66.1,95.7,89.0,64.1,64.3,71.8,57.3,96.1,85.9,86.6,83.9,71.2,62.2,85.9,56.7,63.3,62.3,89.8,80.9,66.2,70.8,94.3,65.6,69.1,97.7,89.2,83.8,62.0,86.2,74.9,75.9,57.1,87.3,70.9,79.9,76.6,64.5,84.0,66.3,96.9,86.8,86.3,95.7,81.5,83.0,84.9,76.39
265,Leo Long,68.9,59.5,73.3,80.7,75.3,67.2,64.2,62.3,74.0,70.2,91.0,56.9,88.8,87.2,83.9,88.2,84.5,77.0,66.4,73.1,98.4,67.0,74.7,61.3,68.8,67.7,80.1,75.9,95.0,86.8,60.0,91.4,86.3,74.5,76.4,63.3,63.4,97.7,84.5,80.6,75.6,93.6,99.5,66.0,75.4,74.7,65.1,90.4,95.8,88.2,76.1,64.5,66.2,68.3,68.6,66.4,72.5,55.1,59.9,61.8,75.76
266,Ivy Long,44.3,31.5,35.2,35.2,35.9,40.1,23.7,18.2,21.3,23.7,44.3,22.3,21.8,21.1,24.4,13.5,12.1,43.7,13.8,17.5,12.0,44.9,22.7,35.3,31.8,43.4,22.5,26.5,31.6,31.3,41.9,11.1,10.1,11.0,15.0,29.7,23.2,23.1,15.6,19.5,28.3,38.2,19.3,41.3,36.2,12.2,40.4,35.5,23.1,25.6,27.0,16.6,35.6,12.3,17.9,26.7,28.0,32.5,24.8,26.5,25.44
267,Elijah Long,25.9,17.8,20.4,20.7,21.0,24.0,18.1,12.9,17.9,18.1,12.2,31.9,32.7,26.4,26.1,44.1,41.6,41.9,37.8,39.7,41.6,36.0,20.0,21.1,25.7,34.6,21.3,44.5,23.3,27.4,28.8,27.5,35.3,18.0,23.0,24.0,34.6,23.5,41.1,35.6,15.6,44.2,29.8,21.6,24.9,28.9,14.9,16.3,20.0,20.0,26.7,29.9,41.4,40.8,37.5,17.5,35.2,27.6,43.9,37.0,28.0
268,Stella Long,40.3,28.3,35.2,44.5,40.5,18.8,19.5,14.6,15.2,16.2,38.7,34.8,32.6,34.7,35.0,25.8,30.3,15.0,30.6,27.8,34.6,23.9,41.8,13.3,21.4,35.2,36.8,11.9,33.2,31.1,37.8,32.7,23.5,31.9,31.7,24.2,22.3,19.6,11.8,15.9,13.5,10.9,26.6,34.1,27.3,44.1,36.7,42.7,43.2,42.4,33.4,13.2,18.2,21.8,21.7,39.2,16.1,23.6,31.4,29.4,28.37
269,Caleb Long,78.3,73.5,77.3,72.1,73.8,94.3,65.9,65.9,55.8,63.6,77.1,97.0,69.0,59.1,67.9,90.0,64.6,68.3,66.0,69.3,60.4,94.2,74.7,98.1,89.4,55.9,63.3,99.4,89.2,82.7,83.7,70.1,60.3,59.3,64.1,93.0,74.2,74.4,76.2,77.9,85.9,97.5,84.8,74.6,80.5,75.8,67.7,74.6,69.2,70.6,85.7,68.0,89.4,91.3,87.2,57.3,92.5,90.3,55.9,65.6,74.38
270,Willow Long,85.4,99.8,87.8,66.6,76.4,94.3,74.4,85.7,73.3,77.9,90.8,82.1,86.3,72.2,77.9,67.6,88.8,79.6,62.5,69.0,61.9,57.4,99.2,98.7,88.4,84.0,98.5,72.2,97.8,92.6,63.6,61.4,94.7,90.8,83.8,63.6,99.9,91.7,75.0,79.0,77.8,57.6,90.9,93.8,86.5,64.8,96.4,72.9,73.8,75.5,76.3,60.6,95.5,70.4,73.2,78.7,71.0,68.5,98.4,88.1,80.69
271,David Long,99.0,89.2,78.0,95.7,92.9,75.7,88.5,77.1,99.7,92.0,57.9,63.4,99.3,78.1,76.3,99.0,76.2,99.2,83.1,86.4,96.5,77.0,84.8,80.7,82.9,87.2,65.1,72.6,68.9,71.3,64.5,85.7,95.2,67.5,73.2,79.9,69.1,88.2,75.8,77.1,85.3,55.0,75.6,61.7,65.8,86.6,67.3,77.6,56.1,64.5,91.1,64.8,73.6,92.2,85.9,85.3,59.7,78.9,57.4,64.3,77.72
272,Maya Long,74.4,77.0,83.4,81.9,80.4,95.8,84.1,77.2,67.3,74.7,91.0,67.9,82.7,98.6,91.4,57.1,94.7,91.2,78.5,79.5,62.1,62.2,69.7,64.7,64.7,59.2,87.7,70.9,66.0,68.6,99.6,76.0,80.6,81.9,83.3,66.3,68.8,93.6,84.5,81.2,99.5,74.0,95.7,82.0,85.1,76.6,95.5,87.3,73.6,78.7,95.5,58.3,93.3,80.1,81.0,74.6,93.0,97.8,69.6,77.1,78.81
273,Gabriel Long,82.7,100.0,83.0,55.3,68.6,89.7,99.8,90.1,90.9,91.8,70.2,94.3,57.0,64.0,67.9,66.5,78.4,68.2,95.7,85.8,80.7,60.0,96.6,100.0,91.6,61.7,77.9,74.0,76.2,74.2,84.7,77.7,87.0,72.9,77.0,68.3,61.6,94.7,57.3,64.3,67.0,80.8,75.7,93.1,85.7,75.7,83.8,95.1,74.4,78.6,98.5,99.4,88.4,75.0,83.2,100.0,82.8,65.1,85.6,84.4,79.42
274,Naomi Long,17.8,34.4,26.7,20.9,23.1,19.0,29.5,43.4,24.9,27.2,32.9,25.7,26.4,24.9,26.3,18.7,14.0,22.2,14.4,16.0,23.0,29.9,28.3,19.7,22.6,37.0,42.7,39.7,25.8,31.4,15.8,26.1,25.2,21.3,21.7,28.5,34.3,13.9,35.2,31.3,35.0,22.5,23.0,37.2,33.1,32.8,27.3,15.6,43.8,36.4,14.0,34.0,28.9,32.1,29.5,16.4,40.8,35.4,43.4,38.4,28.08
275,Samuel Long,26.9,13.4,12.4,44.2,33.5,31.0,19.6,19.7,44.9,36.3,40.8,14.9,12.6,18.0,19.9,26.6,41.2,41.3,35.6,35.9,12.5,31.3,34.5,15.6,19.8,41.6,38.0,29.7,15.1,23.6,27.7,13.8,40.0,30.2,29.0,30.9,24.5,23.1,14.5,19.2,24.0,20.4,16.3,13.3,16.1,42.5,12.2,21.1,15.0,19.1,38.4,39.6,33.7,42.4,40.3,14.7,34.4,21.6,21.8,22.5,26.27
276,Anna Long,55.2,93.9,78.0,95.0,87.3,83.9,57.5,66.0,94.8,84.5,55.1,81.9,89.6,82.0,79.4,90.8,98.6,90.0,62.5,74.8,66.8,97.1,56.9,81.1,78.1,87.6,91.7,62.0,76.1,77.8,67.2,82.5,91.2,57.9,66.9,88.3,65.0,93.9,87.4,85.4,77.9,74.7,74.8,62.7,67.9,63.7,61.2,88.7,78.9,75.8,66.5,84.2,70.6,80.3,77.7,55.2,74.8,77.8,67.1,68.0,76.97
277,Jack Long,28.8,11.4,19.0,15.9,17.4,36.7,15.1,37.3,20.6,24.2,11.7,22.6,30.3,29.9,26.6,27.7,39.9,28.1,40.6,37.1,13.0,32.0,23.0,10.7,15.5,34.1,42.9,30.6,16.6,24.3,19.6,37.4,29.3,32.5,31.0,42.6,31.6,22.9,15.5,22.2,32.5,36.0,18.0,16.7,21.6,34.6,14.7,27.4,34.9,31.2,38.5,12.2,12.2,42.4,33.8,44.0,25.5,23.9,40.9,37.0,26.82
278,Elena Long,71.4,57.8,84.7,63.5,66.6,93.4,98.1,99.0,90.0,92.7,59.7,98.6,88.9,77.6,79.5,58.8,67.5,99.7,87.5,82.6,69.3,76.4,56.4,66.8,67.0,62.0,84.0,94.0,77.3,78.4,67.8,95.1,75.0,88.2,84.6,55.9,68.9,82.6,62.1,64.9,99.1,89.0,73.9,89.2,88.5,96.1,78.3,70.6,58.2,67.6,62.6,73.3,93.2,57.2,64.9,77.7,78.9,94.3,86.7,85.5,76.9
279,Carter Long,98.6,70.1,61.4,91.8,85.8,73.2,64.1,57.9,62.1,63.3,78.7,66.7,94.1,88.3,84.9,79.9,84.4,70.8,67.7,72.0,68.7,80.6,90.3,96.0,89.5,61.9,92.9,65.8,60.8,65.9,72.9,75.7,88.6,61.4,68.5,84.0,77.3,66.8,80.9,79.0,64.3,95.9,59.7,83.6,79.5,81.6,62.0,89.6,98.0,89.9,88.7,65.8,75.8,58.0,65.5,55.5,98.7,85.2,84.0,82.3,77.17
280,Sofia Long,72.2,68.0,81.9,82.2,78.9,78.7,85.8,96.6,63.4,72.9,97.2,96.7,59.7,56.0,67.4,98.9,58.8,99.2,98.4,93.3,94.0,79.6,85.1,97.1,92.8,72.9,96.0,79.3,89.5,86.8,90.2,95.1,67.5,62.1,71.0,89.3,75.2,87.1,100.0,93.5,76.8,62.7,62.2,71.3,69.7,85.8,62.4,87.5,55.8,64.9,69.7,99.4,81.7,58.3,68.4,68.5,90.5,78.7,68.0,72.5,77.67
281,Dylan Long,68.4,56.1,72.1,96.8,84.3,82.7,56.0,76.8,68.6,69.9,96.9,62.7,78.1,66.3,71.5,99.7,94.6,95.6,99.3,98.2,71.6,99.4,99.5,56.0,69.7,68.9,73.8,76.2,69.7,71.0,61.7,68.9,81.3,91.9,83.4,61.7,82.8,61.1,66.9,67.6,71.4,78.3,99.7,57.7,67.9,84.5,56.8,95.6,82.8,81.3,71.6,85.9,59.6,59.4,64.6,69.7,73.8,97.1,86.0,83.7,76.09
282,Lily Long,79.1,79.3,61.1,75.2,74.4,98.7,74.4,81.4,75.0,78.9,74.6,62.0,62.7,67.7,67.2,97.0,59.6,55.9,55.7,61.8,79.2,71.7,88.6,86.6,83.9,91.2,89.0,98.2,61.5,74.0,97.3,63.9,67.6,69.0,71.9,67.2,74.1,62.2,63.9,65.5,67.4,82.2,74.5,77.4,76.3,78.4,58.6,96.3,86.2,82.8,99.4,81.9,88.8,70.6,78.4,88.3,95.5,95.5,57.5,71.7,73.9
283,Adrian Long,90.2,93.9,89.7,84.8,87.4,98.9,93.0,83.7,96.4,94.6,74.6,85.9,66.0,93.9,86.5,69.1,81.1,61.7,74.5,73.0,89.6,80.4,89.7,90.4,88.9,80.0,97.4,61.4,61.0,68.4,60.0,80.4,63.9,76.5,73.1,60.7,73.7,88.0,71.3,72.4,62.7,77.7,67.8,95.9,85.3,64.9,56.9,89.7,74.7,73.0,87.7,88.3,63.4,96.3,89.7,81.9,93.0,56.2,84.0,81.2,81.12
284,Hannah Long,67.2,75.2,75.0,92.8,84.7,99.6,71.1,90.3,69.6,76.6,66.3,97.0,67.5,71.5,73.7,91.5,98.9,92.1,77.7,84.3,57.8,79.0,58.2,59.8,61.9,87.5,98.1,64.0,98.2,92.2,87.3,85.6,86.1,80.1,82.6,59.7,81.1,86.1,65.6,69.6,71.5,87.8,73.3,83.0,80.8,99.8,82.8,74.8,72.2,77.6,71.4,88.1,82.4,59.5,68.0,82.1,85.4,71.8,79.6,79.7,77.64
285,Nathan Long,24.0,31.4,20.5,44.1,36.6,21.4,36.4,12.3,40.4,33.6,36.7,14.0,11.6,21.7,21.3,38.8,28.3,34.8,27.7,30.2,10.3,33.8,14.5,42.3,33.2,18.0,11.2,14.3,31.9,24.9,25.1,16.9,23.1,19.2,20.2,12.9,11.1,26.1,31.5,25.6,29.9,14.2,39.0,44.4,37.7,26.1,24.5,24.4,39.3,33.6,42.3,23.5,11.4,12.2,17.6,18.1,38.0,43.4,11.9,20.4,27.91
286,Claire Long,20.1,10.5,41.7,37.4,32.1,24.9,38.4,38.6,37.7,36.2,19.4,37.1,20.9,12.5,17.8,29.0,30.4,14.4,44.6,36.6,19.4,31.5,16.9,21.9,22.2,43.8,42.9,39.1,41.4,41.6,43.7,40.7,17.1,17.9,24.3,24.5,12.5,30.0,40.6,33.3,31.0,30.2,32.0,23.1,26.3,30.1,43.4,39.9,34.4,35.8,44.2,33.4,28.3,12.8,21.8,44.3,19.6,12.9,21.6,23.2,29.27
287,Miles Long,67.0,79.4,87.6,65.3,70.4,92.5,97.5,55.9,77.1,79.0,63.8,74.8,86.9,65.6,69.4,95.9,85.9,64.1,96.0,90.4,94.9,86.5,58.4,55.1,65.0,68.8,63.3,78.7,57.4,62.5,71.2,93.0,78.5,55.7,65.8,57.4,87.0,84.4,88.8,83.8,69.2,97.8,99.9,84.0,86.0,90.3,69.9,58.6,84.4,79.8,95.9,70.0,63.7,98.6,89.8,82.8,66.6,83.5,86.0,82.7,77.05
288,Eva Long,86.1,56.6,84.9,68.9,71.7,80.0,67.8,94.8,76.7,78.4,93.3,76.0,57.8,71.8,73.4,59.6,80.6,93.7,67.1,71.4,84.8,91.5,79.9,88.6,87.3,55.1,91.2,57.8,59.7,63.0,73.5,81.2,62.8,83.0,78.8,90.0,69.9,63.2,65.2,68.9,55.3,57.0,60.0,83.5,73.1,81.6,74.2,83.2,97.0,90.1,60.1,59.4,83.1,60.3,63.2,60.6,60.9,66.6,56.2,58.8,73.17
289,Cole Long,59.9,64.8,95.6,76.7,75.4,94.8,74.9,66.4,75.9,77.0,69.4,97.5,69.6,93.0,87.3,55.5,61.2,80.7,90.5,80.6,77.2,76.3,58.9,63.7,66.5,59.0,59.4,84.2,62.4,64.5,56.2,68.6,79.0,58.7,62.4,98.2,85.5,98.0,96.1,95.2,58.3,64.9,80.9,87.9,80.0,78.2,77.3,92.1,93.0,88.8,79.9,94.9,91.3,96.9,93.6,86.0,55.5,82.7,70.5,72.2,78.62
290,Piper Long,86.7,92.9,63.6,96.5,90.3,90.0,74.0,73.5,88.3,84.6,69.7,93.4,82.5,89.8,86.6,82.0,77.8,84.8,79.0,80.0,71.3,99.5,87.6,82.5,84.0,60.6,97.0,85.9,57.6,67.0,94.1,86.2,75.4,76.4,79.9,68.8,86.4,62.6,84.7,79.9,62.6,76.5,97.5,85.4,82.8,55.7,80.2,98.4,97.9,90.0,96.6,88.5,90.8,79.5,84.5,85.0,57.2,65.6,70.9,70.2,81.65
291,Ezra Long,65.3,85.9,99.9,90.1,87.5,76.7,74.8,88.2,66.5,71.9,91.0,89.7,67.8,60.7,69.6,57.9,87.5,64.5,56.2,61.7,67.3,74.5,93.5,95.0,88.4,90.3,65.5,71.5,85.3,81.5,57.1,89.9,95.9,92.8,88.1,92.5,62.6,85.1,91.5,86.9,79.7,62.6,99.0,81.1,80.8,57.2,84.0,97.6,83.8,82.1,64.1,73.5,85.2,67.1,70.0,61.5,55.5,91.9,55.8,61.3,77.48
292,Violet Long,61.4,55.5,97.5,58.6,63.7,97.8,87.9,64.8,79.6,81.2,70.0,62.6,72.5,66.7,67.4,72.1,81.4,79.2,56.5,64.9,75.9,72.6,55.4,84.4,77.8,70.3,85.5,61.0,98.8,88.2,55.1,60.8,90.4,67.3,67.9,79.5,70.7,83.5,88.1,84.0,94.2,87.7,72.0,71.7,76.9,91.7,61.3,67.1,94.6,86.1,56.7,56.0,84.2,94.5,83.0,60.1,87.4,57.6,84.2,77.9,76.58
293,Felix Long,26.0,15.8,18.0,42.0,33.2,30.1,13.1,27.5,13.5,17.5,18.7,23.0,39.2,14.9,19.7,41.5,11.3,44.4,34.0,33.4,37.3,19.2,33.0,25.1,27.0,27.4,42.0,36.5,35.5,35.4,32.1,40.5,18.3,14.7,20.9,35.8,33.9,33.6,16.6,23.7,30.8,26.7,33.2,28.0,28.9,31.1,42.6,13.6,31.8,30.7,13.5,13.3,32.0,12.4,15.3,33.7,26.2,26.1,17.4,21.9,25.63
294,Iris Long,99.2,75.6,85.0,82.6,84.2,75.8,68.1,69.8,72.2,71.8,60.8,61.9,57.4,59.4,59.7,62.2,94.7,57.3,93.6,84.7,84.0,79.5,72.0,76.9,77.5,56.7,81.3,94.7,98.2,89.9,72.6,63.6,75.9,63.9,66.6,93.7,77.1,83.7,83.4,84.0,74.9,79.2,67.7,90.5,83.9,60.2,89.3,68.7,92.7,84.7,95.2,86.3,91.8,63.2,74.4,89.4,78.3,87.5,56.3,67.8,77.43
295,Silas Long,18.7,13.0,19.7,16.6,16.8,23.7,14.0,10.3,24.0,20.8,23.3,29.2,24.2,19.4,21.9,20.7,40.1,44.9,25.1,29.2,25.7,44.8,37.1,27.1,30.6,19.1,10.5,27.8,11.3,14.4,35.8,37.3,21.6,22.9,26.4,33.5,25.5,36.0,16.3,22.4,23.3,25.0,21.6,29.3,26.9,44.9,12.1,11.8,43.9,35.5,32.5,13.7,25.5,36.7,31.6,21.7,34.2,42.2,28.7,30.3,25.57
296,Josie Long,38.9,31.4,19.0,12.5,19.4,28.1,40.5,42.3,44.0,41.2,27.2,28.1,43.9,37.7,35.8,33.3,27.4,40.0,24.3,28.0,36.5,34.8,32.9,17.3,24.3,16.6,38.8,39.9,12.3,20.1,24.4,25.8,36.0,28.7,28.7,25.0,27.8,11.1,28.3,25.5,30.2,24.4,44.1,43.5,39.3,33.5,12.2,17.3,35.3,29.6,23.8,11.7,14.5,16.8,16.7,30.3,27.8,15.1,41.5,34.7,28.61
297,Milo Long,61.5,60.1,74.3,66.1,65.8,58.8,71.6,77.4,74.0,72.1,93.3,65.8,84.7,98.7,91.7,61.7,72.5,90.1,97.0,88.1,76.6,96.6,76.5,84.4,83.9,88.5,78.9,63.0,92.6,86.3,88.8,60.8,56.0,56.0,61.0,71.1,57.1,83.7,82.5,77.8,77.4,90.5,81.3,99.6,93.0,82.7,90.8,91.1,77.4,81.7,55.4,96.6,68.4,96.0,87.0,56.0,90.7,74.4,58.1,64.3,79.39
298,Wren Long,17.8,23.2,40.7,44.3,37.5,37.8,21.8,37.9,22.8,26.7,33.8,40.3,40.6,42.1,40.6,22.1,33.9,33.6,44.9,38.9,39.9,29.1,37.8,15.3,23.4,40.7,37.1,43.9,34.7,37.0,22.5,29.2,27.8,22.3,24.0,43.7,41.3,24.8,37.3,37.0,37.2,27.0,23.1,40.2,35.8,35.1,23.3,32.2,37.8,34.8,32.7,39.4,41.7,34.6,35.9,23.6,40.5,25.5,32.4,31.4,33.58
299,Theo Long,41.2,28.6,39.1,35.4,35.8,30.9,19.2,41.1,11.2,18.9,14.4,23.3,23.0,24.0,22.5,44.6,22.2,41.2,43.9,40.7,30.8,38.4,42.6,25.7,30.3,14.8,38.5,41.6,37.9,35.4,27.0,43.1,24.0,40.2,36.7,10.7,25.5,27.4,25.4,23.7,21.7,21.9,39.6,36.1,32.8,27.2,37.9,35.6,44.3,40.0,39.3,17.7,24.4,10.1,16.9,27.4,18.7,14.3,16.4,17.9,29.3
300,June Long,73.5,87.5,97.3,84.8,85.3,69.9,61.5,97.1,93.2,86.4,65.0,71.0,91.4,78.3,77.3,88.6,61.7,78.3,98.0,89.3,76.8,82.3,87.8,80.1,81.0,64.1,65.2,63.2,98.9,85.0,99.7,72.4,67.8,56.0,65.6,84.0,57.0,61.4,59.1,62.4,76.7,55.8,67.5,59.0,62.1,62.5,71.7,99.3,59.6,66.9,97.0,56.6,82.9,76.9,77.7,93.0,70.1,80.3,89.0,85.9,77.08
301,Ava Hart,88.6,73.1,79.6,70.0,74.2,97.3,69.1,76.9,80.2,80.6,97.7,59.5,92.6,78.0,80.1,83.5,78.0,98.7,77.2,81.0,66.4,56.8,80.6,59.2,62.7,79.4,56.7,63.3,92.2,81.9,56.6,57.7,98.5,89.6,82.1,69.9,59.4,72.9,93.4,83.0,98.5,79.8,98.1,87.8,89.5,92.2,59.5,58.3,60.2,64.1,78.5,99.3,72.4,66.3,73.1,59.3,80.0,75.1,61.4,65.4,76.48
302,Liam Hart,86.6,57.1,96.6,97.4,90.5,99.5,75.0,65.0,69.9,73.9,99.7,89.0,88.9,88.0,89.8,67.1,76.2,68.0,83.9,78.5,58.7,76.4,89.8,94.1,86.4,58.6,70.9,91.5,67.9,70.2,94.4,59.7,79.7,75.9,76.7,70.4,59.8,78.6,97.6,86.4,74.3,84.3,63.8,59.6,65.4,92.0,76.7,99.4,60.4,72.0,62.2,83.4,79.6,65.5,69.3,65.0,79.9,78.7,62.3,67.2,77.19
303,Noah Hart,25.0,25.2,24.0,17.5,20.4,25.5,32.5,23.9,14.9,19.9,15.7,18.3,43.0,23.7,24.5,18.8,35.0,29.8,25.1,26.2,17.5,21.0,22.4,12.4,15.6,42.7,31.7,37.2,12.3,22.3,30.4,34.0,12.5,29.9,28.2,21.7,17.5,14.7,33.4,27.2,31.9,13.2,10.5,11.4,14.3,36.2,43.2,20.2,22.8,27.0,11.5,36.2,33.6,23.0,24.6,10.4,24.0,43.7,11.9,17.6,22.32
304,Mia Hart,36.8,28.4,28.2,14.5,21.2,34.0,32.5,37.5,28.5,31.0,15.6,40.0,17.5,25.5,25.0,18.9,30.8,13.7,12.6,16.0,20.5,42.1,14.3,21.2,23.0,28.3,36.7,21.3,17.6,22.1,37.7,39.1,14.0,23.0,25.9,12.2,18.9,16.4,43.9,32.7,44.5,33.8,39.3,40.1,39.7,23.3,40.8,36.0,32.5,32.8,34.8,27.8,28.1,21.6,25.1,29.0,21.4,12.9,10.1,14.5,25.75
305,Ethan Hart,32.6,18.2,34.8,36.6,33.4,24.8,35.5,21.2,24.6,25.6,38.2,22.8,17.6,24.2,25.0,12.4,16.7,25.2,18.3,18.2,32.1,12.3,11.9,43.2,33.4,10.6,26.0,29.3,42.5,34.3,27.2,10.9,17.5,18.4,18.5,32.5,14.9,21.3,38.8,32.4,19.8,18.0,10.7,34.6,27.2,14.6,11.9,34.2,25.2,23.2,33.2,24.0,28.2,27.4,27.8,29.9,22.4,43.5,41.6,37.7,28.06
306,Ella Hart,77.3,80.1,76.6,89.7,85.0,80.4,93.0,99.9,95.0,93.4,62.8,67.4,55.9,75.6,70.2,85.6,86.6,100.0,56.5,70.2,56.3,55.8,68.8,86.3,75.9,60.0,99.6,91.2,58.4,68.5,99.8,98.9,96.3,71.0,81.9,91.6,63.7,71.3,77.4,76.7,57.4,94.9,74.8,57.0,64.5,90.1,64.5,94.8,67.6,73.8,86.9,75.4,71.5,57.5,65.7,76.7,79.6,94.5,82.8,83.1,75.74
307,Lucas Hart,37.4,20.4,10.8,27.0,25.3,22.8,21.8,11.2,29.0,24.8,30.6,21.1,33.3,43.3,37.3,38.4,30.8,32.9,42.5,39.1,44.7,26.4,21.2,20.9,24.8,43.5,22.3,13.8,31.7,29.6,34.2,16.4,15.1,39.6,32.5,11.4,35.4,24.7,28.1,26.4,24.4,13.9,19.2,29.8,25.5,28.3,21.9,25.7,25.0,25.1,21.1,14.7,17.0,18.1,17.9,42.4,35.1,11.6,40.8,36.4,28.72
308,Grace Hart,84.8,76.7,82.1,55.4,65.7,90.3,62.6,90.8,92.6,88.1,58.6,63.4,66.2,96.7,83.1,67.5,64.4,56.7,75.8,70.6,76.9,77.0,69.7,82.9,79.6,86.4,98.2,88.3,85.2,87.5,94.3,84.4,70.6,66.3,73.0,71.0,71.6,63.5,74.5,72.2,64.8,78.5,95.1,59.8,67.7,68.6,74.4,95.6,65.0,70.8,87.8,82.1,72.4,75.0,77.3,71.0,86.3,57.5,60.0,64.6,75.02
309,Mason Hart,67.9,94.9,86.8,70.5,75.6,68.3,89.6,77.7,62.1,68.7,72.9,81.5,67.3,57.5,64.1,84.6,96.6,76.6,78.6,81.5,98.2,64.9,59.8,69.1,71.2,93.1,90.5,84.6,60.1,71.8,55.3,73.3,57.4,67.7,65.4,58.6,68.1,92.5,76.2,74.9,80.2,65.4,82.3,61.0,67.0,56.8,84.2,80.9,63.2,67.5,90.1,96.7,85.3,64.0,74.7,79.8,93.9,94.7,67.8,76.5,71.58
310,Chloe Hart,94.3,76.3,67.1,58.8,67.0,92.2,88.3,98.5,60.7,73.6,70.0,92.7,57.8,56.9,63.5,63.6,57.4,63.2,92.9,80.3,90.1,83.3,97.1,99.0,95.5,87.7,83.7,93.1,79.6,83.0,76.3,63.2,88.4,55.7,63.8,57.6,60.1,61.1,55.2,57.0,76.7,83.6,89.9,57.8,68.0,72.1,58.9,74.1,81.9,76.5,62.4,89.1,58.4,70.0,70.0,91.0,64.3,95.1,90.8,87.9,73.84
311,Logan Hart,78.2,71.6,74.9,99.4,89.6,59.3,68.2,89.9,88.1,81.8,82.4,62.5,83.2,84.7,81.2,73.0,84.0,72.0,65.3,69.7,84.0,95.6,66.6,63.4,70.9,65.0,79.6,65.1,66.6,67.9,96.0,89.0,78.7,95.7,92.6,83.2,84.6,92.9,83.5,84.9,79.7,73.6,94.3,86.4,84.9,89.1,75.0,75.3,65.9,71.5,86.4,63.0,92.8,92.7,87.9,82.0,93.5,83.0,71.1,77.1,80.0
312,Zoe Hart,56.3,68.2,67.9,89.5,79.4,78.5,92.7,98.5,58.5,71.1,55.8,75.4,97.3,75.3,75.6,90.9,73.5,56.3,98.9,88.8,91.1,88.4,80.0,56.5,68.5,58.4,96.1,58.6,58.3,63.4,58.0,67.3,78.1,82.4,76.6,97.2,76.8,83.3,77.3,80.7,96.3,56.9,85.6,83.2,81.8,95.2,95.1,78.7,99.1,95.3,69.7,95.0,73.8,59.5,67.5,98.1,58.5,95.3,84.9,84.5,77.77
313,Henry Hart,75.1,65.2,65.8,63.5,65.6,69.4,96.4,68.5,66.7,71.3,91.9,71.7,55.0,63.9,67.5,99.0,72.4,66.3,76.6,77.7,90.1,67.2,70.5,89.7,84.2,99.8,91.4,98.7,88.8,91.9,85.5,62.7,63.8,80.5,76.6,94.1,99.0,61.9,99.0,93.4,78.6,78.7,96.4,90.5,88.1,76.6,65.5,56.5,60.7,62.9,69.0,96.6,72.5,69.3,73.3,92.1,67.4,95.6,94.7,90.8,78.61
314,Layla Hart,91.1,65.1,96.9,77.2,80.1,55.3,86.7,91.6,70.1,73.2,66.3,55.6,90.8,69.1,69.8,61.6,79.7,83.7,68.6,71.2,82.0,62.0,92.7,86.8,83.6,58.6,85.6,97.6,91.2,87.0,91.1,60.2,81.5,81.6,80.0,55.4,89.6,67.6,63.5,66.4,59.6,93.5,56.8,69.4,69.6,98.0,55.5,81.9,75.6,76.7,75.9,96.9,89.9,73.2,78.9,63.4,66.5,65.3,76.6,72.0,75.71
315,Owen Hart,82.1,82.0,59.9,99.0,89.3,72.2,63.1,80.2,95.4,86.0,70.1,93.2,94.9,80.6,82.8,96.6,71.9,84.7,88.5,86.9,61.7,83.1,57.3,92.5,82.4,82.7,87.0,66.3,68.8,72.7,75.3,82.6,55.3,90.8,82.9,94.8,71.1,82.0,79.2,80.6,56.8,90.4,78.5,77.4,76.5,79.9,64.1,76.4,65.5,68.7,96.8,63.5,93.4,65.0,72.8,66.5,60.5,61.2,92.3,80.5,80.17
316,Nora Hart,35.4,31.6,30.1,12.4,20.4,14.4,36.2,34.3,39.7,35.1,20.7,24.2,41.2,18.1,22.3,26.0,25.3,17.8,31.9,28.4,19.9,21.5,23.4,20.5,20.9,39.1,26.1,13.8,27.3,26.9,28.5,11.2,35.7,34.0,30.5,44.5,32.4,13.5,31.6,31.0,42.0,30.3,35.7,32.5,33.9,39.0,21.8,17.8,18.8,21.8,15.0,31.3,16.7,25.8,23.9,26.3,22.6,11.2,13.4,16.1,25.93
317,Wyatt Hart,62.4,84.4,55.7,56.4,60.8,70.7,84.3,61.3,61.7,65.9,81.4,78.5,93.4,94.6,90.5,79.5,61.4,94.1,87.0,83.5,79.7,88.9,85.5,99.6,93.6,90.1,84.2,82.9,59.5,70.0,73.3,73.8,96.6,67.3,72.9,77.6,63.3,62.1,73.6,71.2,81.5,56.1,94.4,60.6,67.3,96.0,90.5,98.3,91.7,93.0,85.3,88.0,68.6,80.8,80.7,82.2,58.8,96.7,70.9,74.2,76.97
318,Hazel Hart,72.5,99.5,77.2,59.3,68.8,99.4,98.1,58.6,61.4,71.0,58.6,77.1,59.2,75.2,71.1,61.3,85.2,83.9,94.5,87.4,83.2,73.7,79.3,59.6,67.3,57.5,85.2,77.2,83.3,79.3,95.7,94.9,87.3,66.9,77.2,55.3,93.9,73.8,95.9,87.3,98.9,76.9,58.7,80.2,79.4,65.9,90.9,62.6,94.1,85.7,78.4,68.4,71.2,59.1,64.5,72.6,92.7,76.0,68.6,73.3,76.02
319,Julian Hart,19.1,21.0,33.9,43.3,35.8,26.5,43.1,11.7,25.3,26.0,40.7,16.4,43.9,10.4,19.7,44.7,11.8,31.8,39.4,35.4,26.1,20.3,15.7,18.6,19.4,44.6,15.3,10.9,12.5,16.9,19.4,31.8,21.7,23.8,24.0,44.6,34.5,32.6,10.5,21.2,19.9,15.6,33.3,19.1,20.6,34.4,17.8,10.0,17.4,18.7,28.9,41.6,10.1,32.2,30.1,31.0,38.5,11.3,35.9,32.3,25.01
320,Aria Hart,20.9,26.4,40.3,28.7,28.9,21.3,24.5,42.5,25.9,27.3,15.6,41.2,17.0,15.8,19.3,28.4,21.2,44.6,20.4,24.8,38.1,31.4,16.4,32.4,30.9,30.1,44.9,20.0,13.3,20.6,18.5,35.4,20.0,10.9,16.4,25.4,11.4,14.5,43.6,33.0,27.0,20.0,38.8,14.2,20.0,10.3,32.1,33.3,32.1,29.4,27.7,17.5,11.2,31.2,26.2,44.0,33.0,16.2,40.2,36.5,26.11
321,Levi Hart,33.4,30.1,45.0,34.1,34.9,35.8,41.5,15.2,19.3,23.9,18.7,34.8,22.3,22.4,23.5,44.8,40.0,19.6,33.8,34.2,17.7,25.6,18.3,45.0,35.2,35.5,28.0,10.1,41.6,34.8,11.9,28.7,35.4,10.1,16.2,11.5,10.3,22.7,31.7,25.0,14.4,24.8,37.7,40.4,34.5,28.0,10.6,23.7,39.9,32.2,26.3,28.6,12.1,22.3,22.3,36.4,12.7,31.0,44.5,37.4,29.51
322,Ruby Hart,63.5,88.3,64.0,56.3,62.6,64.6,76.6,77.7,76.4,75.0,66.0,68.6,59.4,93.8,82.1,99.7,68.8,66.1,74.9,76.2,58.4,70.3,60.9,76.4,71.1,88.2,60.2,77.9,67.6,70.7,59.1,84.7,59.1,61.4,63.9,89.1,61.5,55.0,93.1,83.3,96.0,95.4,64.7,93.6,90.3,69.2,83.8,60.3,74.7,73.3,55.6,97.8,75.4,58.3,65.5,91.7,84.6,71.6,73.5,77.2,74.27
323,Isaac Hart,16.7,39.2,42.4,19.2,24.6,25.3,24.5,13.8,22.7,22.1,17.5,32.8,10.4,38.7,31.3,13.4,19.7,40.4,11.6,16.8,39.3,17.0,21.2,22.7,24.0,40.1,16.1,19.0,34.7,30.8,33.4,25.2,41.9,26.0,29.0,12.5,19.6,31.4,37.6,31.0,42.2,21.3,21.4,35.0,32.3,12.0,42.8,35.2,37.0,34.2,40.3,43.9,36.5,38.7,39.3,29.5,33.1,22.5,29.1,28.8,28.68
324,Luna Hart,80.2,72.8,85.8,59.9,67.8,67.9,78.3,86.0,97.0,89.2,71.4,61.4,78.7,65.9,67.7,96.2,71.5,77.3,74.6,77.4,71.0,85.4,64.2,99.8,89.3,74.5,70.3,69.8,98.9,88.0,63.7,73.0,89.5,79.1,77.6,70.3,80.9,95.9,68.7,74.2,98.1,96.9,62.2,56.9,68.4,83.5,75.7,93.7,67.4,74.2,65.9,90.2,79.8,74.5,76.2,89.3,63.5,73.3,90.7,84.6,77.88
325,Leo Hart,28.1,35.1,44.5,14.1,22.8,33.3,26.5,16.7,39.8,34.1,26.2,19.1,44.7,43.5,38.1,42.1,26.4,12.8,14.3,19.4,21.4,13.3,24.9,10.9,14.5,16.5,25.9,22.5,20.2,20.8,20.6,13.6,43.6,23.5,24.5,12.1,21.2,28.6,37.6,30.8,13.3,41.2,22.8,24.2,24.8,28.7,39.4,32.2,24.3,28.0,33.6,30.4,35.6,33.7,33.5,24.5,24.3,18.1,42.3,34.3,27.13
326,Ivy Hart,23.4,24.5,32.6,18.6,21.9,31.9,14.8,33.7,41.2,35.4,12.3,19.8,18.4,38.0,29.5,30.8,21.0,40.7,35.2,33.5,21.5,29.8,43.6,11.3,19.4,37.1,36.1,16.2,13.4,20.0,42.1,13.0,24.3,15.0,19.6,11.8,26.6,39.8,27.9,27.2,33.8,24.9,10.5,23.4,23.3,41.7,38.8,30.6,30.6,33.2,26.1,19.0,14.8,24.1,22.4,19.2,41.8,39.1,15.8,22.8,25.68
327,Elijah Hart,13.2,44.3,13.3,39.2,33.0,37.8,22.7,28.2,25.7,27.2,37.2,11.6,24.0,43.7,35.9,15.4,36.2,39.1,39.3,35.7,32.3,36.8,42.7,22.6,28.5,12.6,30.4,36.9,10.8,17.1,30.9,22.8,42.8,37.6,35.4,22.5,29.5,34.3,22.4,24.9,27.6,43.4,41.5,18.8,26.3,40.7,13.0,21.7,24.7,24.9,43.0,38.0,44.4,35.3,37.9,25.7,26.1,35.4,42.1,36.9,30.31
328,Stella Hart,73.1,99.0,80.6,59.6,69.5,60.3,65.9,69.3,86.5,78.0,99.8,85.3,65.0,88.3,86.3,88.8,85.2,83.1,63.0,72.1,76.9,89.3,70.7,90.4,85.8,81.2,88.6,77.8,67.3,73.4,96.0,69.6,86.3,86.7,85.6,78.4,78.1,87.0,68.5,73.6,58.8,94.1,96.6,82.9,83.0,89.3,59.0,67.0,56.5,62.6,85.9,60.9,73.3,73.4,73.4,65.2,59.5,79.6,85.4,78.5,76.82
329,Caleb Hart,75.5,57.3,93.4,90.2,84.3,98.9,98.9,99.0,63.9,77.9,74.2,74.6,65.3,72.3,71.9,64.5,81.6,73.1,71.2,71.9,56.8,82.5,91.0,70.6,73.1,56.7,66.6,60.8,84.9,75.5,59.4,96.9,73.5,82.2,80.0,74.3,92.9,56.9,72.7,73.5,85.0,68.5,88.3,68.2,73.2,55.2,60.9,61.6,62.6,61.3,58.3,73.4,63.7,61.7,63.1,99.8,74.8,92.1,85.3,86.7,74.37
330,Willow Hart,11.8,11.5,30.0,37.2,29.4,27.7,17.6,22.1,23.7,23.2,13.7,12.6,14.9,32.1,24.8,23.2,41.4,28.2,33.7,32.6,40.9,26.2,26.2,31.2,31.2,24.4,30.1,39.2,16.3,22.3,24.5,37.3,29.3,39.3,35.7,40.0,40.6,18.2,25.7,28.6,18.1,14.8,33.1,17.5,19.3,10.3,23.2,33.6,38.1,31.8,34.1,39.5,28.3,34.2,34.1,16.8,36.7,41.5,17.2,23.0,28.0
331,David Hart,97.6,99.6,68.7,90.7,89.9,57.7,92.4,92.4,71.6,75.3,89.7,95.0,90.6,71.3,79.5,71.6,68.8,58.6,95.8,84.0,65.4,99.3,76.4,99.6,91.9,88.4,60.0,81.2,80.8,79.1,93.1,93.2,95.6,67.1,77.8,65.3,81.7,56.2,89.4,80.7,70.4,87.0,56.0,57.2,62.8,94.2,89.2,93.1,62.5,74.4,81.1,61.9,93.7,71.9,74.7,74.9,80.7,95.3,85.1,84.5,79.55
332,Maya Hart,57.1,62.0,63.0,92.8,80.0,94.5,96.9,62.5,94.9,90.8,96.4,55.8,73.0,58.9,65.4,94.4,79.4,91.1,88.1,88.2,82.0,67.1,84.4,56.0,64.7,76.7,62.3,60.7,78.1,73.5,56.5,91.7,66.2,67.4,69.0,85.6,57.2,79.8,75.2,74.8,56.0,90.4,66.3,66.5,68.3,98.4,75.0,64.2,84.9,82.6,69.8,87.7,55.6,56.3,62.2,81.2,88.7,86.6,81.4,83.0,75.21
333,Gabriel Hart,77.3,71.7,80.9,99.4,90.3,58.8,70.3,84.2,96.4,86.3,95.5,70.3,62.7,79.0,77.9,59.4,56.7,61.3,70.7,66.1,89.9,71.9,58.8,95.1,86.5,68.2,58.9,88.6,60.5,65.1,81.8,75.3,85.4,55.2,65.5,78.6,75.0,94.2,76.2,78.8,73.8,62.5,55.5,91.6,80.5,66.7,57.6,97.3,55.4,62.8,73.3,86.3,84.0,58.6,67.6,95.9,86.3,95.9,98.3,96.1,76.96
334,Naomi Hart,90.5,65.5,68.7,67.5,70.5,99.8,65.3,72.0,56.4,65.5,88.2,75.5,69.4,66.8,71.2,94.0,83.2,84.8,99.2,94.5,76.5,95.5,81.4,62.3,71.2,78.0,57.9,95.4,63.1,68.7,95.3,93.3,86.5,81.0,85.3,98.4,92.5,88.6,96.3,95.0,85.4,71.7,60.4,76.9,75.1,90.5,84.5,85.4,75.1,79.8,85.5,76.2,86.6,59.7,68.9,86.7,87.3,85.0,55.5,67.8,76.12
335,Samuel Hart,43.2,29.9,44.6,22.4,29.1,29.1,30.5,40.6,15.0,22.4,30.3,15.5,30.8,10.5,16.5,24.5,23.9,11.8,10.3,14.2,28.9,20.4,20.3,23.7,23.5,17.5,21.2,23.3,29.9,26.2,19.9,29.5,43.6,33.6,32.6,39.9,27.9,15.8,41.6,36.1,10.1,21.7,31.9,30.9,27.0,22.5,28.1,11.6,35.5,29.6,22.3,44.2,15.5,11.0,17.5,11.4,11.7,18.8,14.7,14.4,24.09
336,Anna Hart,14.7,30.2,33.9,41.0,35.1,36.6,18.6,14.5,22.0,22.5,31.6,10.3,42.3,12.8,18.9,38.4,34.4,29.9,21.2,26.4,11.8,43.6,23.0,36.2,32.2,16.0,28.1,19.8,31.1,27.2,30.5,15.5,27.3,26.1,25.4,15.2,42.1,12.6,19.8,21.2,12.5,11.5,44.8,34.2,29.7,44.2,36.7,37.3,39.2,39.3,26.5,43.5,19.6,10.4,18.2,40.6,14.6,33.8,19.8,23.7,26.65
337,Jack Hart,11.3,14.6,31.1,42.2,32.9,26.9,34.3,29.9,37.8,34.8,43.1,41.3,28.3,36.9,37.2,17.4,34.8,37.0,42.0,37.1,13.2,26.6,32.0,28.8,26.9,33.4,41.8,10.8,20.0,23.5,28.1,18.3,27.9,38.5,33.0,40.0,18.9,30.3,31.7,30.9,11.3,39.2,20.7,40.2,33.6,34.2,34.2,38.5,19.0,25.7,37.2,16.1,11.5,26.7,24.7,14.1,12.6,14.8,18.4,16.6,29.74
338,Elena Hart,74.8,59.2,57.5,56.3,59.3,85.1,78.8,68.2,63.4,69.0,59.3,85.2,99.4,75.2,77.6,63.1,77.0,55.7,79.3,73.7,56.6,85.3,76.5,59.2,64.6,56.1,97.5,68.8,96.2,87.4,70.7,86.4,92.9,55.4,66.6,58.4,96.5,64.0,72.9,72.9,90.1,78.8,57.3,80.4,78.4,65.4,63.0,76.5,75.6,72.7,83.7,70.3,86.6,78.2,79.0,69.3,79.8,68.0,57.4,63.4,72.05
339,Carter Hart,98.3,80.7,66.9,58.1,67.6,90.9,80.3,91.9,63.2,73.0,96.9,64.4,61.2,81.1,78.3,67.1,90.3,97.3,59.0,69.4,76.2,84.1,56.0,66.2,68.6,63.2,90.3,85.9,90.8,86.4,99.4,77.8,87.6,97.1,93.6,81.3,86.2,81.0,74.6,77.9,61.5,67.2,79.8,56.1,61.5,86.1,56.5,80.7,81.9,78.9,70.1,78.4,79.9,79.0,77.9,65.8,87.9,70.2,67.5,70.4,75.29
340,Sofia Hart,14.3,22.3,23.6,36.5,29.9,41.1,41.7,27.0,28.8,31.9,22.5,41.0,35.7,24.4,27.9,42.9,25.2,41.8,23.4,28.7,18.6,21.8,22.2,43.9,34.7,40.0,14.5,19.5,12.3,17.2,39.7,40.5,38.7,43.5,42.0,44.3,41.1,27.8,35.0,36.1,41.5,39.6,26.0,37.1,36.5,12.5,24.5,13.9,11.1,13.4,19.4,43.5,22.9,14.4,20.1,31.2,19.7,11.8,34.0,28.8,28.93
341,Dylan Hart,62.9,69.3,95.0,81.2,79.0,73.8,68.8,80.4,73.3,73.7,59.9,79.6,59.6,81.0,75.1,99.5,90.4,92.7,63.5,75.8,76.6,97.4,96.6,93.9,92.4,66.4,98.5,62.9,95.3,87.6,82.0,80.6,68.2,61.0,67.4,67.5,83.7,55.9,92.4,83.1,66.1,66.7,86.0,69.6,70.9,74.9,88.5,93.9,68.7,75.5,99.2,66.3,72.8,91.2,86.5,56.2,96.7,62.9,94.1,85.2,79.35
342,Lily Hart,35.5,29.8,19.2,28.7,28.5,16.3,33.9,23.6,39.2,33.4,15.3,14.0,27.8,28.6,24.8,40.6,24.0,39.0,10.3,20.0,30.3,14.3,24.9,43.5,35.4,12.5,16.8,18.4,14.4,15.0,23.0,20.2,12.4,42.9,33.2,41.6,15.4,24.4,17.8,21.5,24.6,21.6,42.3,15.6,21.2,33.3,26.7,33.9,39.5,36.2,24.5,27.2,22.5,23.0,23.7,10.6,35.8,15.3,35.0,29.2,26.84
343,Adrian Hart,18.1,11.7,32.9,42.6,33.9,42.9,40.7,42.9,18.8,28.1,17.5,26.6,32.8,13.2,18.2,13.2,35.9,21.3,44.1,35.8,38.0,43.3,40.1,35.6,37.5,35.9,18.2,42.6,14.4,21.5,32.9,11.1,19.1,36.0,30.0,34.4,32.7,17.9,44.1,37.8,16.1,30.3,23.5,36.6,31.3,12.4,33.6,34.2,42.3,36.1,41.1,40.8,23.8,32.3,33.5,18.0,33.8,37.7,23.8,26.2,30.82
344,Hannah Hart,21.6,26.2,41.9,36.4,33.8,34.7,41.3,27.7,39.0,37.2,18.6,26.3,39.3,24.2,25.7,33.2,13.8,28.9,10.6,16.5,41.8,43.7,16.2,10.2,19.7,30.1,28.7,13.6,18.7,20.9,23.5,28.1,19.1,37.8,32.1,27.6,32.0,42.1,35.3,34.7,16.3,22.7,39.9,33.2,30.4,14.1,15.8,11.9,34.5,26.3,44.5,11.8,33.7,21.8,25.1,35.1,13.6,29.0,35.0,31.4,27.82
345,Nathan Hart,17.4,36.5,14.1,23.1,22.9,38.4,29.7,33.3,38.5,36.6,20.4,24.1,37.4,12.3,18.3,32.2,29.2,35.3,29.0,30.3,14.4,15.0,18.9,11.5,13.3,33.5,38.0,24.3,21.7,25.8,14.3,30.2,37.7,33.1,30.8,15.5,21.2,11.1,10.4,12.6,27.8,35.8,21.6,20.0,23.4,14.1,35.1,25.8,18.9,21.3,38.7,34.1,15.3,18.4,22.8,16.9,13.8,17.4,40.0,30.4,24.04
346,Claire Hart,90.7,60.4,88.5,83.3,81.9,94.9,58.5,90.5,99.4,92.2,70.0,92.7,73.2,94.5,88.2,94.6,61.8,92.0,75.7,78.5,79.6,74.2,71.7,83.7,80.3,62.6,62.9,85.5,73.1,72.0,96.5,63.7,67.6,82.9,80.1,70.3,80.8,82.6,71.5,74.1,81.3,72.4,90.6,62.5,70.1,64.3,90.3,96.5,79.5,81.2,70.4,70.2,94.5,78.3,78.3,74.5,95.8,85.0,60.4,70.3,78.93
347,Miles Hart,24.2,31.1,27.6,32.0,30.3,44.0,20.3,33.4,28.5,30.1,36.8,32.6,12.8,15.9,20.5,34.8,10.1,23.3,16.9,19.2,20.7,32.2,23.7,43.1,36.1,19.5,39.6,26.0,38.2,34.3,34.8,40.5,34.4,26.1,30.3,32.0,11.2,26.3,28.8,26.5,20.6,19.4,35.1,41.6,35.0,13.3,17.5,28.8,21.1,20.6,27.7,37.6,18.1,43.8,37.4,42.2,18.7,10.0,12.6,17.0,28.11
348,Eva Hart,31.9,35.7,31.9,10.4,19.5,24.0,36.2,31.4,26.8,28.3,14.7,35.4,12.5,29.2,25.9,34.3,20.4,29.5,40.1,35.3,26.3,28.1,12.1,40.3,33.0,38.0,15.6,27.9,42.4,36.3,22.8,21.7,13.9,40.6,32.1,25.2,24.7,36.5,12.7,19.1,31.0,11.2,33.6,28.7,27.3,37.6,30.5,37.6,41.2,38.8,35.6,43.2,21.0,22.6,26.9,20.3,30.5,31.9,19.7,22.8,28.78
349,Cole Hart,99.3,86.6,72.2,84.0,84.8,77.6,62.2,70.1,78.7,75.2,62.2,78.2,64.7,64.5,66.0,91.0,74.8,83.9,57.8,68.0,97.7,69.8,88.0,95.2,91.2,75.2,78.9,58.9,91.2,83.1,77.0,69.0,90.0,89.1,84.9,68.5,55.1,87.6,59.4,63.8,92.4,65.9,64.1,63.6,67.8,84.1,72.2,78.0,55.0,64.2,78.9,90.9,93.4,64.4,73.7,68.3,73.8,82.7,81.9,79.1,75.15
350,Piper Hart,67.8,74.3,75.6,89.6,82.8,55.5,93.5,84.7,60.3,67.3,93.1,68.7,92.8,70.6,76.3,59.9,84.9,70.9,82.7,78.4,81.2,72.0,97.3,62.4,70.8,62.3,55.2,55.8,76.5,69.0,57.6,57.4,86.8,62.4,64.3,73.7,86.9,78.5,66.5,71.8,92.8,67.7,82.4,70.1,74.4,62.8,58.5,83.6,72.0,70.5,61.2,75.9,77.1,89.0,82.0,76.4,67.7,66.5,64.9,67.0,72.88
351,Ezra Hart,94.8,62.5,82.2,56.2,65.7,70.8,78.3,72.0,96.2,87.2,83.0,86.6,83.0,76.3,79.5,73.0,71.3,91.1,74.1,75.8,88.7,55.4,94.9,95.6,89.2,81.1,88.0,70.0,86.1,83.5,81.3,95.7,56.4,75.6,76.5,72.8,75.5,61.4,62.4,65.4,59.4,93.5,71.6,71.8,73.0,70.2,97.5,79.4,68.5,74.0,65.3,97.5,74.5,74.5,76.3,81.1,62.2,81.3,66.4,69.8,76.33
352,Violet Hart,21.5,24.2,33.6,32.0,29.8,43.9,41.7,29.5,23.5,29.4,30.5,31.9,33.8,34.0,33.2,29.0,40.0,15.5,34.3,31.8,38.5,31.6,42.9,19.3,26.6,19.3,30.1,13.7,29.2,25.9,16.0,27.1,24.0,10.6,15.3,33.9,35.0,40.9,15.1,23.7,24.6,40.9,42.4,18.0,25.2,35.6,25.2,20.4,34.5,31.5,40.1,21.1,27.2,40.4,36.0,27.4,23.4,21.8,26.7,25.7,27.84
353,Felix Hart,31.0,14.9,39.7,31.0,30.0,28.7,35.5,28.1,15.5,21.6,12.9,44.9,40.0,35.3,34.2,41.5,13.3,44.5,27.2,29.6,34.0,24.9,44.6,19.0,25.2,19.9,20.9,18.3,24.0,22.3,40.9,37.4,36.1,34.3,35.8,13.1,13.8,36.4,41.2,33.2,43.5,21.4,26.7,20.9,24.8,40.7,22.7,31.0,36.4,34.4,35.4,11.3,35.6,24.0,25.4,28.9,16.0,44.5,18.5,23.0,28.29
354,Iris Hart,57.2,89.5,96.9,62.7,70.1,93.4,93.9,79.2,79.5,83.2,62.9,84.0,92.8,82.8,81.6,72.7,77.3,56.3,90.5,81.8,88.2,58.1,89.2,79.6,79.2,78.7,92.5,98.2,64.5,74.6,79.1,68.8,55.2,59.9,63.0,63.7,56.1,58.9,87.1,76.1,73.0,73.8,66.6,66.7,68.5,94.5,92.3,73.6,84.4,85.4,59.3,93.9,93.6,81.6,81.9,95.6,93.6,64.7,96.8,91.9,78.11
355,Silas Hart,39.1,37.6,32.5,37.8,37.2,15.1,37.0,44.8,35.4,34.2,12.2,27.9,43.8,15.5,20.5,18.8,13.3,23.2,14.9,16.3,30.4,44.2,14.1,12.6,19.4,25.4,12.4,37.6,13.1,17.9,32.8,12.9,43.0,20.8,24.3,33.7,39.8,11.0,29.7,29.1,28.5,35.2,19.9,23.0,24.9,26.0,37.7,33.1,38.6,36.1,12.5,44.9,28.5,13.8,19.7,31.5,32.0,15.2,14.2,19.0,24.88
356,Josie Hart,65.7,97.6,97.2,77.4,81.2,60.9,97.0,86.8,75.3,77.8,64.7,78.9,79.1,90.7,84.1,93.7,63.1,55.5,76.1,74.0,63.2,96.3,67.8,60.4,66.5,79.8,94.6,56.1,96.2,88.5,58.7,76.8,69.1,99.4,86.9,81.6,71.4,91.8,89.0,86.0,63.6,71.6,81.1,67.9,69.6,74.8,97.5,71.8,56.1,66.2,89.5,60.0,96.1,66.3,72.5,63.5,68.6,81.0,73.9,72.8,77.17
357,Milo Hart,58.6,55.9,89.4,70.5,69.5,87.4,68.0,96.6,77.9,80.3,93.5,69.2,85.9,77.3,79.5,55.0,70.6,63.1,73.8,69.4,70.8,91.1,98.5,85.1,85.8,70.7,90.4,69.1,61.0,67.3,64.7,78.0,70.5,59.6,64.2,65.3,96.5,89.5,77.7,80.1,76.1,74.0,61.6,71.4,71.1,64.5,59.5,94.0,80.1,77.1,61.9,94.9,88.4,74.7,77.5,69.7,94.7,74.4,92.5,87.3,75.76
358,Wren Hart,14.3,31.5,31.6,10.5,16.6,21.7,27.4,29.5,33.9,30.8,14.0,22.8,44.3,22.9,24.6,26.5,23.8,29.4,31.6,29.6,35.6,32.9,40.8,23.5,28.7,20.3,12.1,31.4,31.0,27.1,14.9,23.5,37.8,11.8,17.2,37.1,38.9,34.2,38.0,37.5,20.2,39.2,34.2,12.2,19.8,43.2,29.2,36.2,21.5,27.4,37.2,19.6,40.8,29.5,30.7,31.4,23.2,16.8,33.2,29.4,26.62
359,Theo Hart,64.8,86.9,61.6,86.0,80.0,69.5,61.6,58.0,78.2,72.1,58.6,89.3,91.2,88.1,84.7,93.2,95.4,97.0,80.5,86.4,90.0,79.4,71.4,60.1,68.2,67.4,96.1,65.5,99.1,90.0,74.7,57.3,79.9,83.0,78.1,64.1,86.6,78.2,73.9,74.9,62.4,57.1,59.3,64.6,62.6,97.3,69.4,79.8,95.8,90.3,55.9,64.7,83.1,87.6,79.7,58.9,79.5,72.7,80.1,76.2,78.6
360,June Hart,13.0,24.8,31.5,40.9,33.8,20.9,41.7,16.2,24.6,25.3,15.8,26.3,41.8,16.5,21.1,15.4,13.0,24.2,30.1,25.1,23.3,41.3,28.4,39.6,36.2,40.4,37.6,20.4,36.7,35.1,31.5,21.4,25.2,11.8,17.5,14.6,12.3,32.1,32.4,27.3,21.1,18.9,29.1,33.0,29.0,25.3,24.5,14.8,13.2,16.5,38.6,24.4,43.0,23.2,28.1,44.2,39.1,17.2,29.1,30.9,27.16
361,Ava Dean,21.0,17.5,39.2,17.9,21.1,31.7,15.0,41.3,44.9,38.7,23.1,33.3,11.8,22.3,22.5,12.1,35.6,14.0,35.1,29.3,25.5,36.7,31.4,37.1,34.7,19.9,26.4,30.2,26.5,26.1,20.3,43.3,27.1,33.1,32.0,41.9,36.6,16.1,17.9,23.4,44.0,17.0,31.0,38.4,35.3,17.9,37.8,13.3,15.7,18.6,16.0,28.7,20.7,26.2,24.4,27.7,44.4,28.5,35.0,34.4,28.38
362,Liam Dean,81.0,76.5,83.8,67.8,72.9,92.6,72.1,64.9,56.7,64.6,69.1,87.9,76.4,68.6,72.3,90.5,82.0,85.2,75.5,79.7,96.3,98.2,92.6,97.9,97.0,97.5,93.8,94.8,64.7,77.0,88.0,77.0,78.8,58.9,67.8,92.5,68.9,93.3,55.6,67.3,65.1,93.0,89.7,61.5,69.9,67.7,77.9,83.0,78.1,77.3,58.9,99.2,70.7,97.5,89.0,75.3,80.5,65.8,80.3,77.7,76.04
363,Noah Dean,39.6,15.1,12.7,30.0,27.0,36.6,11.4,24.1,37.7,32.2,19.0,41.6,39.4,35.1,34.4,37.9,35.4,20.7,30.7,31.0,21.7,25.8,10.1,35.8,29.2,14.7,13.6,15.2,33.1,25.7,22.5,19.4,26.7,22.3,22.5,24.1,37.7,31.6,38.4,35.5,25.7,25.3,12.6,34.6,29.2,44.3,23.0,13.7,42.9,36.5,40.1,36.3,39.0,16.3,25.2,39.5,36.3,39.7,32.2,34.7,30.26
364,Mia Dean,76.5,75.6,77.7,57.4,65.1,99.0,55.1,71.8,97.4,88.6,70.1,94.7,88.1,75.5,79.0,86.9,83.1,78.1,92.7,88.7,75.6,68.5,56.0,72.4,70.1,82.9,97.0,77.6,84.6,85.1,64.4,85.7,98.4,94.5,89.8,88.2,85.8,67.2,92.6,87.7,84.4,69.4,93.7,61.4,69.8,70.5,91.7,78.3,61.0,68.7,67.5,95.0,87.3,84.4,83.9,62.8,91.4,77.0,72.5,74.3,79.23
365,Ethan Dean,80.6,76.1,85.2,82.8,81.9,85.8,70.9,82.3,79.3,79.4,58.8,73.7,88.2,89.2,82.9,71.4,69.6,99.6,63.7,70.3,84.4,58.1,56.8,56.4,60.4,71.8,73.5,93.9,87.1,84.2,59.1,74.5,59.6,69.8,67.6,99.8,79.0,92.8,68.1,77.1,77.5,90.7,59.3,94.4,87.0,58.2,97.8,70.3,95.1,87.2,88.6,72.6,68.5,78.8,77.9,97.0,60.4,96.3,57.9,68.6,77.04
366,Ella Dean,39.9,13.8,19.1,20.3,21.9,40.5,34.3,18.7,13.7,20.7,30.5,14.3,29.4,21.1,22.6,21.6,38.7,34.7,26.8,28.7,41.8,10.5,35.2,34.7,32.5,23.2,40.3,15.3,23.1,24.4,24.1,30.0,25.8,41.9,35.8,10.6,41.7,27.5,15.4,19.9,44.4,44.5,38.4,34.4,37.6,44.0,43.6,23.8,33.6,35.0,20.6,35.1,32.1,28.0,28.5,20.0,16.8,26.7,23.6,22.6,27.52
367,Lucas Dean,17.9,25.2,27.7,27.3,25.8,22.9,29.4,35.4,29.9,29.6,27.5,18.9,29.6,22.9,23.9,15.5,10.2,11.6,17.7,15.6,41.0,25.9,43.7,17.7,25.4,28.5,16.7,24.3,33.8,29.5,33.4,10.6,12.5,42.1,32.8,34.5,32.5,29.6,22.9,26.6,38.2,43.7,15.6,33.6,33.2,24.8,36.8,15.9,12.8,18.0,28.1,41.2,42.1,10.1,20.9,27.0,30.7,36.7,41.6,37.5,26.57
368,Grace Dean,64.1,95.3,89.0,57.3,67.5,61.5,63.5,91.1,91.4,83.7,61.6,81.3,91.0,81.0,79.8,65.1,91.6,90.3,80.5,81.2,90.1,89.8,99.7,64.5,76.0,72.0,90.3,56.1,83.0,78.9,80.1,88.8,74.0,68.0,73.2,86.8,70.5,89.2,83.1,82.7,74.7,72.1,84.3,89.1,84.3,87.5,60.2,84.3,70.7,73.4,96.9,60.2,89.5,70.7,75.3,66.6,90.3,69.1,55.7,63.6,76.63
369,Mason Dean,13.4,39.9,15.4,30.6,27.5,39.6,41.2,43.5,34.8,37.5,19.5,26.8,36.9,39.7,34.9,27.5,33.1,15.6,25.9,25.7,32.7,40.7,20.8,26.5,28.5,24.0,16.1,41.8,25.8,26.4,10.5,37.9,40.6,42.7,37.5,39.8,23.7,36.9,36.1,35.0,39.3,21.2,37.9,18.1,24.0,35.2,26.9,19.0,29.3,28.4,26.9,23.6,17.9,28.0,25.9,44.4,38.5,12.9,22.5,26.3,29.8
370,Chloe Dean,71.6,83.5,67.4,55.1,62.7,70.9,60.9,70.9,73.4,71.1,62.9,96.7,65.2,69.2,71.5,86.0,83.7,65.8,86.7,83.4,56.6,91.6,86.8,62.1,68.6,93.4,83.8,99.4,91.9,92.0,90.7,82.3,98.1,76.6,82.1,64.1,99.8,90.1,65.1,72.9,97.2,67.2,80.0,70.4,74.8,58.5,57.4,59.7,59.2,58.9,94.7,93.3,93.9,85.3,88.8,91.5,70.9,87.3,63.3,71.3,74.84
371,Logan Dean,56.0,94.4,86.1,64.5,70.2,96.9,86.7,65.3,97.1,91.4,84.7,97.9,82.8,75.3,80.6,65.1,76.4,67.1,57.6,62.4,99.4,62.1,91.6,91.2,88.5,62.5,98.6,76.9,60.2,67.9,64.9,82.7,59.2,78.4,74.6,76.8,82.8,57.1,89.3,82.5,57.5,57.3,61.5,92.9,79.2,90.2,74.3,57.2,81.4,78.4,94.9,98.2,62.1,94.0,90.4,71.2,71.9,94.2,58.8,66.9,77.75
372,Zoe Dean,94.5,96.7,77.8,63.4,73.9,81.5,73.2,62.6,91.6,83.9,69.3,94.9,88.5,77.0,79.9,65.0,71.0,68.9,89.4,81.0,66.3,73.2,88.2,88.8,83.6,96.7,94.0,61.0,55.3,66.7,83.7,71.0,72.2,61.1,66.9,80.0,59.9,92.0,77.6,77.5,90.0,61.1,97.7,67.3,73.6,60.2,77.7,81.9,89.6,83.1,63.3,70.0,87.5,96.4,87.3,64.5,90.9,91.1,58.0,67.7,77.09
373,Henry Dean,25.9,25.4,18.7,28.8,26.6,26.2,36.1,41.5,34.9,34.8,10.3,29.6,29.8,25.9,24.8,43.1,41.4,37.0,16.6,26.2,24.3,31.4,38.3,34.7,33.4,21.1,26.0,25.2,35.3,30.8,40.7,13.9,27.0,30.0,28.9,31.8,14.6,41.6,32.1,31.0,33.4,28.4,18.0,14.7,19.5,14.7,36.9,37.4,14.5,20.6,36.8,17.9,32.8,14.3,20.2,19.3,28.5,28.8,16.0,19.8,26.38
374,Layla Dean,42.7,23.6,21.0,37.8,34.3,34.3,37.1,21.6,25.4,27.6,31.5,26.5,26.6,29.3,28.9,15.3,39.1,22.3,19.5,21.9,21.0,34.1,15.0,35.1,30.4,20.0,38.8,20.4,38.4,33.6,14.2,12.6,38.1,10.5,15.0,44.6,12.1,34.6,19.4,23.8,43.8,39.2,12.0,34.0,33.1,13.6,25.4,22.3,33.0,28.0,35.0,23.8,12.4,17.1,19.8,20.7,25.3,36.2,33.4,31.0,27.28
375,Owen Dean,16.8,23.3,24.9,27.1,24.9,31.1,42.6,40.5,11.7,22.2,33.2,19.8,20.7,34.2,30.3,19.4,43.0,10.3,36.1,31.4,39.5,34.9,43.1,36.8,37.7,43.0,15.9,38.3,16.3,22.7,14.8,24.7,35.6,35.1,31.1,14.2,16.4,12.4,43.2,31.7,19.5,15.5,16.7,13.9,15.2,21.3,29.4,34.2,35.9,32.9,11.0,11.2,23.6,28.8,23.4,44.0,29.9,12.6,44.3,38.1,28.47
376,Nora Dean,96.9,66.8,57.1,83.2,79.4,71.2,77.9,67.8,84.3,79.5,89.2,97.3,97.9,89.3,91.5,60.2,62.0,66.6,61.1,61.8,73.4,73.7,88.6,61.5,68.3,98.6,67.3,90.9,78.0,81.0,86.4,92.3,75.6,76.2,79.6,64.3,57.4,95.1,69.6,70.7,79.2,81.8,62.8,96.1,87.5,83.6,61.3,78.1,73.3,73.7,60.4,98.7,63.0,67.3,70.0,56.6,63.5,64.6,57.3,59.0,75.17
377,Wyatt Dean,13.0,18.0,12.9,14.4,14.5,44.1,25.5,25.0,13.1,20.5,13.2,26.9,40.2,14.8,19.6,32.2,35.9,43.0,12.3,22.2,12.4,19.3,13.9,26.1,21.7,30.9,39.8,36.3,37.9,37.0,42.6,27.8,26.5,10.5,19.2,27.8,35.4,42.2,44.5,40.8,11.6,42.7,41.8,36.3,34.6,27.5,25.6,10.8,31.1,27.2,34.6,22.4,29.3,29.1,29.0,22.8,23.6,14.7,16.5,18.0,25.36
378,Hazel Dean,95.2,98.0,97.9,69.8,80.7,89.9,96.8,86.0,70.2,78.5,83.1,88.4,64.2,69.4,73.1,72.3,93.0,93.1,55.7,67.9,64.4,77.1,62.8,91.8,82.3,71.3,83.7,80.5,82.5,80.9,59.9,71.6,87.9,59.0,64.7,74.5,77.7,72.5,71.6,72.9,91.7,73.4,94.2,56.7,68.6,85.1,75.7,79.0,80.2,80.1,63.8,75.5,94.4,80.8,79.6,84.8,72.3,78.7,69.9,73.4,75.23
379,Julian Dean,15.6,26.6,39.4,44.6,37.6,34.8,22.8,28.6,17.2,21.8,42.0,21.9,16.2,20.7,23.1,22.5,25.7,42.4,36.3,33.9,31.2,34.2,23.2,21.7,24.8,21.6,22.9,24.7,28.0,26.0,19.6,27.2,38.1,36.8,33.4,39.3,25.4,13.2,11.4,17.2,39.7,39.6,29.6,15.5,23.8,30.8,16.4,28.4,36.8,32.2,31.8,36.1,41.0,43.3,40.5,38.3,19.2,18.3,17.3,20.5,27.9
380,Aria Dean,68.9,81.1,96.7,91.5,87.8,93.1,86.5,57.9,83.6,81.8,98.3,87.9,79.6,67.1,75.7,80.4,80.4,56.9,95.7,86.4,71.3,88.6,62.4,83.7,79.9,56.0,76.5,78.8,55.8,61.7,64.1,94.6,83.7,55.6,65.7,61.8,78.9,97.6,89.9,85.7,99.2,67.9,70.9,94.5,88.4,90.3,91.3,91.7,80.1,84.5,74.4,83.7,98.3,96.8,92.3,93.6,70.3,67.1,78.1,77.7,80.63
381,Levi Dean,18.5,31.3,14.7,13.6,16.8,36.5,27.0,25.4,13.8,20.1,11.1,33.0,31.1,15.3,19.2,14.2,20.1,18.4,28.9,24.4,17.2,32.2,44.3,24.6,27.3,11.1,14.7,16.0,26.8,21.7,44.3,27.1,35.0,15.8,23.7,13.4,34.2,25.2,20.0,21.7,15.9,13.5,17.4,26.7,22.3,17.1,22.1,15.4,34.0,27.7,16.1,33.6,33.0,23.5,25.1,31.7,29.1,32.6,24.2,27.0,23.08
382,Ruby Dean,64.6,81.2,82.1,72.6,73.9,82.1,69.4,58.7,86.3,79.8,78.5,82.1,81.5,70.6,74.6,81.7,81.0,84.3,69.3,74.5,94.3,72.5,95.1,80.6,83.3,57.4,97.7,76.1,59.1,66.3,81.1,87.0,70.9,94.4,88.5,95.0,78.4,61.3,64.5,70.0,75.0,56.1,58.6,83.9,75.6,55.2,58.0,92.9,86.4,79.3,58.4,59.0,87.4,69.8,69.2,64.8,75.1,58.4,89.9,80.4,76.28
383,Isaac Dean,36.5,13.8,15.0,42.3,34.1,22.1,14.7,26.8,17.8,19.2,36.6,36.4,15.0,38.2,34.7,12.3,15.4,33.4,27.8,24.8,32.3,28.9,29.6,25.6,27.5,14.9,38.3,21.2,11.9,17.1,22.6,32.5,32.4,42.4,37.1,12.2,11.5,41.9,18.4,19.8,12.9,26.3,20.2,13.6,16.1,30.6,25.1,42.6,25.1,28.2,33.7,28.1,29.8,28.4,29.3,35.2,35.6,28.2,29.0,30.6,26.54
384,Luna Dean,10.8,33.4,39.0,34.4,31.7,40.7,10.6,12.4,17.2,18.8,41.4,32.9,26.2,34.4,34.0,43.5,31.2,25.8,12.8,21.1,20.7,36.4,12.9,33.8,29.6,28.7,12.2,13.4,22.7,20.9,30.3,16.2,13.3,19.7,19.8,19.3,26.4,24.5,14.3,17.9,10.1,30.4,26.2,34.2,29.4,11.6,15.5,20.2,28.2,23.2,41.1,17.4,16.9,21.1,22.7,29.4,44.8,28.4,11.8,20.8,24.16
385,Leo Dean,82.7,83.7,98.6,84.5,86.0,80.3,74.0,90.9,68.7,73.9,56.6,72.0,89.7,79.9,77.0,88.0,82.7,65.7,85.1,82.6,86.7,69.5,85.4,78.5,79.3,59.4,60.8,79.1,90.1,80.6,93.3,85.9,59.5,69.7,73.6,68.5,64.0,71.4,64.6,65.9,83.6,98.0,74.8,62.4,71.6,77.2,74.1,63.1,87.3,81.0,76.4,73.9,61.9,79.1,75.8,61.4,75.0,61.6,90.0,80.4,77.31
386,Ivy Dean,80.3,97.6,97.5,91.7,91.7,59.2,67.1,78.3,94.7,84.1,70.6,88.9,84.7,79.6,80.3,82.2,98.7,98.6,94.2,93.8,73.8,55.7,72.1,64.1,65.3,67.1,95.7,66.1,78.9,77.9,82.9,57.6,87.8,67.2,70.8,65.2,77.2,64.4,55.0,60.6,65.4,75.0,86.1,66.1,69.9,88.1,98.2,78.8,59.5,71.0,86.6,96.0,82.6,98.2,94.3,69.6,92.1,60.9,64.1,68.1,77.32
387,Elijah Dean,62.4,64.2,61.6,61.6,62.1,87.4,66.5,72.7,60.6,66.6,88.9,64.3,85.3,81.2,80.5,65.4,70.9,84.2,82.5,78.9,76.0,65.1,96.9,78.8,79.0,56.1,78.9,68.9,83.4,77.2,97.3,81.3,83.1,95.4,92.1,73.3,60.3,78.8,97.4,86.8,69.0,71.7,57.8,64.5,65.2,61.3,59.3,73.3,79.3,73.4,77.0,58.2,57.6,88.3,78.7,56.0,58.0,58.0,89.8,76.8,76.44
388,Stella Dean,39.7,30.2,14.0,15.2,20.3,39.0,43.3,44.1,17.2,27.2,39.9,42.2,14.8,11.1,19.6,29.0,16.7,15.2,43.7,34.3,41.7,30.8,10.5,24.9,26.0,32.0,43.0,20.9,15.4,22.0,18.0,42.6,34.5,14.2,21.2,30.1,12.2,35.3,32.4,29.8,40.9,30.0,22.8,19.5,24.2,18.5,11.4,39.3,42.3,34.6,35.8,36.4,27.6,34.7,34.1,38.1,23.6,26.2,34.4,32.4,27.14
389,Caleb Dean,37.2,44.9,11.0,10.4,18.7,26.0,26.9,38.8,32.9,32.0,27.6,18.0,18.6,43.9,34.9,13.3,20.3,25.7,25.9,23.4,44.4,17.9,28.7,40.1,36.2,39.0,12.1,32.0,37.5,33.6,28.5,23.5,30.3,14.7,19.8,27.2,36.6,18.9,44.4,37.7,19.7,28.7,28.7,24.3,24.9,24.1,10.0,16.0,23.3,20.7,37.4,29.3,25.6,41.3,37.1,19.0,32.4,25.7,32.4,29.7,29.06
390,Willow Dean,58.6,91.7,69.1,91.9,84.4,81.2,69.3,82.7,79.6,78.9,55.3,88.3,56.7,94.8,83.6,92.0,96.2,82.9,77.3,82.5,79.4,55.2,78.9,66.4,68.3,69.6,89.1,79.5,99.1,91.2,89.0,58.3,64.6,93.7,84.5,67.2,65.1,56.3,68.2,66.1,90.4,95.5,79.0,98.5,94.4,77.3,95.4,68.7,79.0,79.6,63.2,67.9,59.7,77.3,71.8,85.1,68.5,81.5,60.9,67.9,79.43
391,David Dean,44.7,37.0,13.1,37.3,35.0,26.6,29.0,41.6,45.0,40.0,39.0,33.9,23.9,27.3,29.3,44.3,44.0,23.7,22.4,28.4,25.6,34.9,26.1,12.5,19.0,24.6,18.7,10.2,30.9,25.7,31.8,29.1,25.0,27.4,27.9,34.2,10.1,13.9,24.2,22.3,29.8,33.2,32.3,15.1,21.8,40.5,32.4,18.2,24.6,26.9,19.6,43.3,20.3,39.5,34.8,24.4,21.5,27.8,30.9,28.4,28.29
392,Maya Dean,19.0,32.4,33.2,41.7,36.3,31.5,14.9,36.2,23.7,25.2,30.3,13.1,40.0,40.4,35.4,22.7,26.9,14.0,25.8,24.0,22.8,35.3,24.9,32.6,30.6,27.5,24.2,37.2,40.6,36.2,13.9,10.6,30.0,33.0,27.1,42.1,21.0,44.9,20.6,26.8,32.9,13.7,10.2,33.1,27.4,18.0,34.4,16.2,40.9,33.7,39.4,38.9,15.4,34.1,33.0,34.8,27.6,15.5,33.2,30.3,30.5
393,Gabriel Dean,16.2,23.4,15.6,37.4,29.8,23.5,37.4,34.2,38.8,36.0,29.0,22.9,31.8,20.8,23.6,37.6,35.7,16.6,44.0,38.4,30.1,26.5,30.8,23.1,25.5,15.8,21.3,11.3,40.7,30.9,12.4,15.3,20.9,36.7,28.5,19.3,15.6,37.0,11.7,16.6,35.8,37.1,19.0,21.4,25.1,18.5,18.0,17.8,12.2,14.6,31.0,14.3,16.2,42.1,33.5,43.6,44.7,13.6,29.7,31.4,27.82
394,Naomi Dean,72.3,66.9,57.0,66.0,65.8,60.0,67.5,77.9,84.1,77.8,80.1,68.7,78.9,67.6,70.9,93.5,60.1,66.6,88.6,82.5,83.0,81.3,78.0,80.4,80.5,89.8,81.3,83.4,74.2,78.5,92.6,71.9,82.6,67.1,73.2,73.1,93.2,91.4,66.5,74.3,93.1,97.4,82.5,88.4,89.4,80.2,95.1,57.1,82.5,80.5,72.0,58.1,86.1,82.2,78.1,78.7,71.7,99.7,66.2,73.1,77.05
395,Samuel Dean,55.9,86.9,76.2,97.9,87.9,93.9,86.1,66.9,72.2,76.2,60.7,63.0,95.8,63.6,67.4,62.9,95.9,79.9,90.0,85.8,74.0,89.4,97.3,77.2,81.1,70.5,61.6,68.4,71.6,69.7,73.5,94.0,78.0,59.0,68.1,64.3,98.1,78.9,68.2,73.1,60.4,82.8,65.4,58.4,62.9,57.4,91.6,73.9,78.1,76.6,96.1,60.9,67.7,62.5,67.5,85.8,88.4,85.3,57.7,69.2,73.79
396,Anna Dean,75.1,91.9,61.9,55.0,63.5,88.9,61.5,73.8,94.6,86.7,77.6,73.6,94.2,76.1,78.4,69.2,89.5,95.0,97.8,92.5,83.5,89.7,65.3,92.2,87.1,95.7,97.8,81.1,71.1,79.3,66.2,96.4,94.4,90.5,88.6,71.6,74.3,98.2,83.7,82.8,92.5,91.3,75.8,77.6,81.2,83.5,67.6,79.9,78.7,78.0,91.9,62.3,80.0,60.6,67.6,56.1,70.1,71.6,97.1,84.6,80.86
397,Jack Dean,38.9,41.1,36.8,42.3,41.0,30.9,26.0,13.8,32.7,29.0,25.6,43.1,21.3,26.1,27.7,10.5,28.6,43.2,17.7,21.6,42.7,35.4,27.3,27.9,30.8,37.2,29.0,17.9,26.5,27.1,33.7,38.0,31.5,25.7,29.2,35.1,41.9,22.6,44.8,40.2,13.3,25.8,15.0,38.0,30.0,30.2,44.2,10.1,29.7,29.1,43.9,11.3,14.0,14.2,17.7,25.8,31.4,44.0,42.8,39.2,30.22
398,Elena Dean,99.6,90.0,68.7,96.5,92.3,98.9,84.1,98.4,71.2,80.2,99.9,69.9,87.2,62.4,71.7,77.3,95.0,77.4,74.9,78.2,61.9,71.6,64.8,88.4,79.5,70.6,85.8,79.9,81.1,80.2,72.3,77.7,69.4,68.4,70.3,68.5,64.6,80.8,71.7,71.5,68.1,89.4,72.7,77.0,76.9,82.9,61.1,74.3,80.8,77.6,65.4,60.1,86.0,66.9,68.3,57.0,80.7,66.5,84.6,78.0,77.06
399,Carter Dean,86.7,70.8,88.1,81.4,81.6,95.4,70.7,75.8,81.9,81.4,62.6,98.6,90.6,72.8,77.3,73.6,96.6,65.7,58.3,66.4,86.5,61.8,63.7,86.1,79.9,94.5,55.0,75.6,81.9,79.2,92.9,91.3,97.6,86.9,89.7,88.3,77.8,65.1,70.1,72.9,57.4,89.1,91.5,85.0,82.7,60.2,74.6,60.8,66.9,66.2,57.7,58.0,67.4,73.7,68.6,56.9,56.0,71.2,76.8,70.6,76.38
400,Sofia Dean,26.3,16.7,17.1,25.1,23.1,42.6,16.3,36.3,27.9,29.4,15.5,33.9,38.4,39.5,35.4,10.6,18.8,24.5,41.1,31.8,15.7,24.2,42.3,34.6,31.7,15.1,19.3,16.3,41.2,31.5,34.2,15.6,39.7,23.5,26.0,14.1,16.7,39.0,22.7,22.9,17.1,39.4,31.5,10.3,17.9,44.4,13.7,35.5,11.7,19.5,20.4,27.3,29.2,34.2,30.8,44.9,16.1,24.0,32.8,31.0,27.58
401,Dylan Dean,71.5,87.5,98.7,64.8,73.2,95.9,86.0,58.8,79.0,79.5,75.5,58.2,64.8,92.8,82.1,57.7,62.0,97.8,89.7,82.8,58.1,93.3,97.6,95.3,90.4,87.2,68.6,79.2,74.0,75.7,77.5,97.4,67.1,71.9,75.4,73.8,65.8,65.6,85.8,78.8,70.2,93.3,96.9,76.8,80.8,74.8,81.1,99.8,98.3,93.1,88.6,96.5,66.6,82.5,83.1,59.3,83.4,80.5,63.1,67.6,80.21
402,Lily Dean,73.3,62.7,93.0,87.3,82.9,92.8,60.3,80.5,99.3,90.7,67.4,59.3,99.2,69.1,71.6,70.7,78.6,85.7,62.8,69.0,65.7,96.6,66.0,80.9,79.0,94.4,67.4,61.3,84.6,80.5,56.4,97.3,91.6,59.2,68.2,83.9,100.0,79.0,94.3,91.6,99.1,76.1,84.7,57.1,68.9,56.0,90.7,64.2,97.2,86.4,75.1,97.9,79.5,65.7,73.1,66.7,94.0,61.8,95.8,87.1,79.08
403,Adrian Dean,61.4,78.3,60.7,94.4,83.4,78.4,80.9,57.7,65.0,67.9,98.8,77.8,88.7,81.4,84.2,70.6,76.8,66.5,86.8,80.6,60.1,89.6,87.0,77.0,77.8,85.9,74.6,64.1,61.2,66.7,92.3,91.0,55.0,71.0,74.4,79.1,92.2,82.4,90.9,88.4,90.5,99.1,91.9,57.1,71.8,95.8,87.3,60.3,80.5,80.8,59.8,59.0,85.0,82.5,76.7,97.4,99.2,71.9,98.0,94.6,78.94
404,Hannah Dean,44.3,27.7,29.5,29.4,31.2,39.5,40.4,23.1,41.5,38.6,37.6,21.9,43.6,26.6,29.7,34.8,10.0,22.4,14.6,17.7,23.5,14.0,10.2,13.4,14.4,10.6,41.2,17.5,19.5,20.9,12.8,10.4,11.4,27.2,20.9,33.6,13.9,11.9,36.1,29.6,41.2,20.2,27.2,21.7,24.8,34.1,15.9,22.9,14.7,18.5,40.9,43.9,42.9,33.3,37.0,28.6,17.3,17.5,15.3,17.6,25.07
405,Nathan Dean,39.2,25.5,12.7,30.0,28.3,11.0,41.8,16.2,35.1,30.3,37.9,10.9,26.0,31.2,28.7,26.3,19.4,23.8,23.5,23.4,41.1,33.3,41.6,10.2,21.6,44.3,19.1,26.3,37.7,34.6,19.8,29.4,41.4,19.6,23.8,38.8,35.8,20.7,31.8,31.8,23.1,19.7,24.1,10.6,15.3,12.5,39.2,11.1,26.4,24.2,19.2,35.2,37.7,24.4,26.9,11.4,33.7,25.6,17.9,20.2,25.76
406,Claire Dean,31.7,34.7,37.0,28.6,30.9,12.1,19.1,38.7,12.6,16.9,29.4,23.4,13.9,24.0,23.3,10.3,41.6,22.7,39.5,33.6,15.2,21.2,24.7,41.0,32.7,41.4,15.0,44.8,11.5,20.4,17.2,23.3,41.7,15.9,20.5,31.6,37.0,27.9,13.7,21.1,31.1,37.4,15.9,35.2,32.4,31.9,11.2,15.8,25.3,23.0,23.6,41.7,10.6,36.7,32.1,17.5,19.2,38.5,43.0,35.8,26.89
407,Miles Dean,79.7,71.4,73.4,78.0,76.7,87.4,88.9,70.9,73.3,76.9,62.7,63.5,67.4,98.2,84.7,84.9,69.9,77.5,94.8,87.9,85.6,100.0,80.6,77.8,82.2,97.6,79.5,89.5,67.6,76.1,99.8,80.7,62.1,59.2,67.9,93.4,83.7,61.7,65.3,71.0,74.8,83.4,60.1,80.0,77.1,79.8,61.8,91.0,63.8,69.3,79.6,95.4,94.4,94.8,92.8,78.2,79.7,95.4,68.9,75.1,78.14
408,Eva Dean,64.0,80.2,86.1,69.0,72.1,84.4,80.1,88.1,89.6,87.4,97.8,85.0,85.4,74.8,80.6,88.0,97.1,58.6,55.9,66.0,86.4,77.2,70.5,84.0,81.6,79.9,60.2,94.7,77.0,77.5,82.3,88.8,82.2,83.0,83.6,70.3,83.0,98.6,96.4,91.4,68.9,82.9,66.3,87.6,81.6,77.7,55.9,72.4,78.3,74.4,80.4,71.1,71.9,71.1,72.4,57.8,62.3,57.8,66.1,63.4,77.67
409,Cole Dean,75.9,62.6,70.5,99.7,87.7,57.4,67.9,63.1,91.5,80.0,81.4,64.7,86.1,86.5,82.9,57.5,92.9,66.3,87.5,81.4,88.6,90.1,74.9,86.6,85.8,59.8,80.7,86.0,77.1,76.5,99.4,71.6,57.1,98.4,89.5,63.9,76.5,75.6,80.8,77.3,62.4,72.9,69.0,84.5,77.9,84.7,83.8,89.3,65.0,73.4,78.9,60.2,91.9,86.9,82.9,78.2,81.9,70.1,71.0,73.3,80.72
410,Piper Dean,91.4,59.1,84.0,99.3,90.8,75.2,67.5,96.8,94.1,88.4,71.5,86.5,76.7,92.8,87.0,81.5,82.9,71.1,65.4,70.6,78.4,57.4,60.5,63.3,64.2,66.0,73.4,66.8,59.6,63.3,96.3,90.4,86.9,99.9,96.4,64.6,99.3,98.4,86.5,86.9,86.6,76.7,81.3,70.2,74.7,97.4,86.7,80.9,60.6,71.7,65.1,93.9,60.1,75.6,74.6,93.0,97.3,78.9,59.4,71.5,78.34
411,Ezra Dean,43.1,18.2,18.0,11.6,17.5,25.8,28.5,39.4,19.1,24.0,32.2,24.4,18.6,33.3,30.0,11.6,38.2,23.4,37.5,32.3,11.6,37.5,33.6,21.7,24.0,31.4,13.8,17.4,44.5,35.0,19.4,14.9,43.5,34.3,31.0,19.6,16.4,12.8,14.7,15.3,30.7,11.2,30.7,25.7,25.1,10.1,36.8,20.1,20.0,20.9,43.2,29.2,25.9,37.2,35.4,15.1,12.5,24.0,26.6,22.8,26.11
412,Violet Dean,63.4,60.9,71.2,95.6,83.4,99.0,76.4,90.9,56.9,69.6,93.4,71.2,66.4,68.5,71.9,90.3,71.7,92.1,71.4,76.7,97.2,57.6,77.6,85.8,82.5,80.3,63.8,65.3,65.8,67.4,93.4,69.6,93.8,98.7,93.5,78.9,93.3,94.6,86.4,87.4,79.6,66.2,57.4,71.8,70.2,67.6,63.5,81.2,74.5,73.0,75.8,81.8,82.8,84.9,83.0,82.8,80.3,72.1,73.8,75.6,77.85
413,Felix Dean,35.8,25.6,26.0,16.8,21.7,27.1,40.6,20.8,16.0,21.4,41.1,23.2,37.4,15.6,22.9,35.7,24.6,41.4,36.5,35.5,34.8,28.0,38.3,22.7,27.1,34.0,33.8,15.0,17.3,21.4,30.2,29.6,21.1,27.0,27.0,28.9,14.9,16.2,42.2,33.3,11.7,23.2,43.5,32.8,30.1,42.5,21.7,33.3,20.5,25.3,23.6,18.2,43.6,14.8,20.3,16.5,19.0,22.1,25.7,23.1,25.76
414,Iris Dean,38.3,21.7,39.3,10.8,19.7,20.0,11.8,15.7,42.5,31.8,36.0,10.9,36.1,37.5,33.6,27.8,32.5,18.7,24.6,25.3,11.6,18.4,42.3,24.1,24.1,16.4,38.3,20.9,41.8,35.2,28.8,22.2,37.5,23.7,26.0,41.4,36.8,12.8,12.8,19.8,44.5,19.6,33.9,34.0,33.5,22.1,21.0,26.1,28.5,26.3,26.5,14.9,21.5,12.0,15.6,27.3,43.4,28.7,14.5,22.0,26.08
415,Silas Dean,99.5,96.7,76.2,79.7,84.1,91.5,85.4,87.7,82.5,84.8,88.7,58.5,76.0,82.8,79.4,66.9,56.7,82.6,90.8,82.0,78.9,75.3,96.7,76.9,79.6,72.0,55.1,76.7,99.8,87.1,58.7,79.1,66.5,74.5,71.9,81.9,58.4,74.7,56.2,62.4,91.3,96.2,91.1,84.4,87.8,75.4,79.6,82.0,70.2,73.7,69.3,66.2,76.2,95.1,85.3,74.5,78.4,95.9,57.0,67.4,78.79
416,Josie Dean,72.9,57.4,61.9,89.1,79.1,72.4,82.1,56.4,65.3,67.3,71.4,98.0,80.1,68.7,74.5,88.7,96.3,65.6,84.2,83.9,57.6,89.9,57.1,55.1,60.3,66.9,61.8,67.4,71.7,69.2,83.8,97.1,99.9,55.3,70.6,95.4,57.3,60.6,87.8,81.1,95.7,91.0,97.8,62.6,75.5,77.1,74.3,60.3,88.7,81.4,56.0,74.3,65.0,56.5,59.9,81.3,62.9,60.3,59.7,63.1,72.16
417,Milo Dean,66.1,64.6,97.3,72.0,73.6,65.3,61.1,94.8,88.4,82.5,98.7,71.1,76.6,58.1,67.7,67.1,56.8,94.7,64.3,67.7,90.1,99.9,78.5,63.5,73.9,56.4,86.4,91.5,64.6,70.0,79.1,62.0,75.0,66.3,68.6,99.1,82.9,66.3,72.5,76.6,88.9,55.0,92.5,77.9,78.3,68.3,92.2,100.0,75.8,80.2,92.4,60.0,92.9,57.1,67.0,91.9,81.8,94.5,56.9,69.9,73.0
418,Wren Dean,12.1,18.7,22.4,19.6,18.9,23.8,16.1,44.6,14.6,20.0,25.9,24.2,39.3,44.7,38.7,27.2,10.3,30.1,27.0,25.2,33.3,33.0,35.6,20.1,25.6,21.6,40.6,12.5,19.4,21.6,40.1,21.7,33.7,36.2,34.5,17.3,13.9,24.8,39.9,31.4,43.9,18.5,33.1,20.3,24.9,13.9,10.4,19.7,15.5,15.2,34.1,28.3,24.5,37.3,34.0,33.6,13.4,26.8,38.8,33.1,26.93
419,Theo Dean,33.5,20.9,43.4,18.8,24.3,18.7,36.1,19.8,10.5,16.2,22.3,24.8,20.2,39.6,32.7,19.0,30.5,19.7,33.3,29.2,28.3,20.5,44.3,12.8,20.1,18.1,14.9,24.7,17.6,18.3,20.1,34.9,14.6,26.1,24.9,29.7,21.6,40.8,10.2,18.4,13.8,35.6,20.3,18.7,20.5,34.1,12.7,13.3,14.4,16.7,38.6,18.6,41.5,38.9,36.5,24.2,18.9,31.8,20.0,22.0,23.32
420,June Dean,78.1,92.5,58.6,61.3,67.3,92.1,72.6,85.4,79.7,81.2,64.6,71.3,65.2,75.1,71.9,90.7,65.9,60.4,71.6,71.9,80.1,98.0,84.6,96.0,92.6,90.8,61.6,63.5,55.8,62.3,69.2,60.9,63.8,67.0,66.1,59.3,64.0,81.6,82.9,77.1,84.9,98.6,62.0,88.2,85.7,92.2,85.0,80.1,97.3,92.7,65.7,76.9,89.2,87.6,83.5,72.5,87.4,76.4,82.6,81.1,77.78
421,Ava Shaw,25.8,42.6,21.3,19.4,23.6,12.0,37.1,22.1,23.2,23.4,42.9,27.5,20.4,24.4,26.7,15.6,24.6,24.3,38.7,31.8,26.1,24.7,29.0,32.8,30.3,34.6,14.9,24.5,30.9,28.4,22.2,22.5,26.7,12.9,17.3,37.6,15.7,44.9,18.8,24.4,33.5,10.6,15.1,37.4,30.3,32.5,29.9,32.0,22.6,26.1,15.1,15.7,30.9,20.0,20.2,25.0,20.6,13.0,19.5,19.5,25.17
422,Liam Shaw,86.8,83.4,60.4,86.6,82.7,89.4,62.6,59.7,99.5,87.9,67.6,97.1,85.6,72.8,77.1,93.1,71.8,76.4,63.5,70.3,56.1,61.0,97.9,77.4,75.1,92.6,62.2,92.8,83.9,83.4,75.9,88.4,75.2,82.6,81.5,80.9,84.6,88.2,98.8,93.1,73.6,64.5,57.8,71.1,68.8,73.3,94.0,71.2,63.3,69.8,55.2,58.5,95.6,77.7,74.5,87.9,98.0,64.9,98.5,92.5,79.73
423,Noah Shaw,82.6,96.7,92.7,82.2,85.6,56.5,57.0,55.4,72.0,65.7,85.4,68.3,84.0,58.1,66.6,90.2,78.2,93.8,75.5,80.3,80.0,69.6,81.8,64.4,69.5,91.3,64.7,58.2,75.4,73.8,70.2,63.9,94.9,94.3,87.1,89.6,66.0,92.2,58.2,68.0,81.1,64.0,95.1,91.5,86.9,99.3,68.5,96.2,89.9,89.1,62.2,55.6,55.3,86.4,74.9,99.7,77.5,71.9,71.9,76.4,76.99
424,Mia Shaw,29.8,19.6,24.2,20.5,22.1,28.1,12.2,25.6,25.1,23.8,19.2,19.4,33.0,44.5,36.2,27.4,36.8,10.7,11.9,17.1,21.4,36.1,37.0,42.6,38.2,25.8,14.0,30.9,42.2,34.7,39.2,34.2,23.0,21.4,25.7,39.9,40.0,26.6,29.3,31.8,44.0,23.4,18.4,12.9,19.2,31.6,26.8,22.6,33.3,30.8,15.6,28.8,10.5,31.4,26.2,44.8,32.6,15.7,42.1,37.7,28.62
425,Ethan Shaw,71.2,71.8,87.2,57.3,65.1,57.6,93.1,98.7,85.6,84.6,74.7,77.4,88.8,59.6,67.9,84.5,89.9,75.6,99.8,93.2,72.4,73.4,78.8,80.8,78.4,90.8,59.1,61.2,77.6,74.7,80.4,77.9,65.9,83.3,79.9,94.8,82.1,66.0,70.9,74.9,55.5,81.1,85.8,82.8,79.3,63.8,79.6,88.5,63.6,69.1,66.9,61.0,94.6,96.7,87.7,74.1,63.2,81.8,59.7,65.0,76.65
426,Ella Shaw,81.5,85.7,59.2,80.8,78.7,66.1,96.1,69.0,96.8,88.9,92.0,63.0,81.5,96.8,89.6,97.6,55.8,87.8,58.9,67.5,93.9,79.8,96.7,83.6,86.2,98.4,59.8,88.4,75.8,78.4,92.1,94.6,82.7,60.5,72.2,94.8,81.4,99.5,78.4,83.8,67.9,67.3,77.8,88.5,81.5,64.6,69.9,79.8,59.9,64.5,81.6,62.7,73.3,82.6,78.6,65.0,76.1,78.7,80.9,77.8,78.98
427,Lucas Shaw,43.8,16.1,18.1,15.2,19.5,17.3,36.5,11.7,29.8,26.6,12.5,30.7,21.7,25.1,23.7,27.0,40.8,30.0,18.3,24.0,27.1,18.8,43.0,20.9,24.4,29.3,21.1,29.5,18.3,21.6,27.2,21.9,41.0,25.3,27.2,15.1,12.1,27.1,15.7,16.7,15.3,21.3,26.5,15.1,17.5,42.4,32.5,29.4,11.5,20.8,39.1,28.6,11.2,26.4,26.4,17.2,35.7,38.8,22.4,25.7,22.84
428,Grace Shaw,37.5,20.7,17.9,38.4,33.2,44.8,37.1,33.9,23.2,29.4,38.7,40.2,17.8,38.8,36.2,28.3,29.8,12.7,42.5,34.9,32.5,10.6,39.3,24.4,25.6,21.3,37.6,23.1,37.1,33.2,10.5,35.3,31.0,36.5,32.1,34.5,21.4,40.9,12.8,20.6,34.1,28.3,11.0,40.9,34.3,44.0,20.2,21.8,19.6,23.2,40.8,33.0,10.2,41.3,36.0,33.6,20.6,34.4,16.3,21.6,30.03
429,Mason Shaw,65.5,67.9,87.6,58.7,64.7,79.5,91.8,79.3,61.9,70.6,89.2,73.9,64.7,81.6,79.3,89.2,85.2,61.3,62.5,68.9,59.3,89.3,81.3,79.1,78.1,77.6,92.8,74.5,80.3,80.8,95.5,60.8,76.4,69.6,72.8,85.3,94.0,86.8,71.2,78.2,57.5,64.3,94.1,98.5,87.9,70.6,55.1,79.2,67.9,68.1,89.8,66.8,80.5,80.3,79.8,67.2,67.3,79.6,96.5,86.4,76.3
430,Chloe Shaw,31.9,34.8,30.7,11.6,19.9,15.3,16.4,29.1,13.4,16.1,37.6,26.2,33.2,29.5,30.6,27.5,26.0,14.3,26.1,24.7,14.2,29.2,43.9,27.6,28.2,29.0,12.4,40.6,14.6,19.7,39.6,16.7,40.7,44.6,39.7,40.3,29.0,18.6,20.2,23.8,40.9,33.2,39.9,17.4,25.6,24.0,29.1,44.7,36.4,34.9,25.0,44.5,36.3,43.2,40.0,27.6,42.2,38.7,41.5,39.4,28.55
431,Logan Shaw,70.9,73.0,67.4,78.2,75.1,78.8,72.7,73.5,92.5,85.5,81.6,71.6,56.9,57.0,62.2,99.6,93.3,90.3,63.3,75.7,56.8,91.8,70.4,99.2,88.7,81.9,87.0,64.0,71.7,74.1,64.9,55.3,70.0,91.6,80.3,74.4,85.9,88.1,94.7,89.9,62.0,85.9,62.3,98.1,86.9,86.9,97.7,93.9,73.9,81.5,66.8,98.8,92.8,88.6,87.6,83.0,89.1,95.9,66.3,75.5,80.25
432,Zoe Shaw,29.1,16.8,10.7,42.5,33.0,28.1,17.3,15.5,21.2,20.8,32.0,43.0,35.4,34.1,35.2,14.5,17.7,17.2,19.0,18.0,15.5,10.6,35.4,43.7,34.4,27.1,43.0,10.6,20.6,23.1,20.9,14.5,14.8,44.6,33.5,42.5,14.1,12.9,26.7,25.3,39.0,24.6,40.8,39.5,37.6,12.8,15.0,31.8,42.6,33.5,42.3,11.8,31.0,36.9,33.5,14.8,29.5,42.5,35.1,32.6,30.04
433,Henry Shaw,74.8,78.2,81.8,67.1,71.6,61.5,64.9,61.1,73.2,68.9,61.8,59.2,81.8,79.9,75.0,79.5,57.0,83.8,97.6,87.9,57.6,80.0,97.3,70.3,73.5,97.4,68.6,68.1,96.6,89.2,79.9,70.7,89.2,68.0,72.8,77.6,59.5,74.5,77.2,74.5,98.1,60.5,77.2,99.0,90.8,60.7,79.9,76.6,91.9,84.1,89.2,68.9,99.0,81.2,83.0,98.6,71.1,62.9,93.0,86.8,79.84
434,Layla Shaw,26.1,44.2,32.8,39.2,37.3,42.9,24.5,35.9,26.5,29.7,25.5,28.0,44.7,43.0,38.9,20.3,37.5,21.5,29.2,28.1,44.9,15.4,23.6,16.3,21.0,16.9,12.0,32.7,23.6,22.4,40.9,33.7,32.2,14.2,22.8,12.8,33.2,24.6,12.4,16.9,42.6,36.7,40.9,40.6,40.4,19.7,29.0,17.9,16.6,18.8,23.2,43.9,20.1,16.0,21.2,30.8,10.2,25.7,12.3,16.3,26.15
435,Owen Shaw,68.5,74.9,90.8,69.9,73.2,84.0,87.4,56.3,80.6,78.7,70.6,84.2,98.2,79.8,81.6,95.1,91.0,55.9,57.8,66.9,91.4,95.3,86.9,61.3,73.3,58.6,72.4,96.0,95.9,87.8,59.8,70.1,78.4,56.3,61.6,71.4,55.5,94.4,62.2,66.8,57.3,89.8,78.7,57.1,64.4,61.0,96.2,78.9,65.1,70.5,90.6,69.5,93.4,97.0,92.0,84.7,60.8,56.8,58.0,61.8,73.22
436,Nora Shaw,15.3,40.7,41.9,26.4,28.9,10.4,32.3,32.1,39.7,33.8,32.1,15.3,43.1,38.6,35.2,14.8,23.7,11.5,15.6,16.0,34.7,22.3,18.7,29.0,27.5,12.0,12.3,28.2,37.3,29.4,41.4,24.6,32.5,10.0,19.1,21.8,34.7,41.6,18.9,24.4,12.2,43.6,25.3,12.7,18.4,33.4,21.3,32.4,10.4,17.9,32.0,35.0,19.7,11.6,18.5,29.7,21.1,25.0,30.5,28.4,24.79
437,Wyatt Shaw,19.4,19.0,43.0,19.9,22.8,22.8,15.3,24.9,15.3,17.6,14.5,38.5,23.6,25.4,25.5,18.2,23.1,39.5,32.0,30.0,12.1,44.6,31.8,43.0,37.6,34.2,25.4,13.7,19.9,21.7,21.0,23.4,24.8,16.8,19.3,33.6,41.0,26.3,12.7,21.1,15.3,33.1,27.8,36.5,32.1,34.2,17.9,31.7,13.9,19.5,36.4,28.4,39.7,16.2,23.7,39.7,22.5,13.2,22.7,23.7,24.55
438,Hazel Shaw,22.6,10.7,15.5,41.1,31.2,43.7,16.5,42.3,21.1,26.3,26.0,16.8,15.2,11.2,14.5,30.3,35.5,37.9,35.3,35.0,12.6,28.0,21.2,44.6,35.0,16.6,29.0,43.5,29.6,29.6,20.1,26.7,40.9,26.6,27.7,25.9,28.1,42.7,12.6,20.5,20.8,43.9,42.8,19.4,26.0,30.5,26.3,36.0,35.7,33.8,23.9,10.7,24.2,40.1,31.9,23.1,35.3,16.5,15.4,19.2,27.56
439,Julian Shaw,91.5,76.2,90.9,55.2,67.6,97.7,72.2,60.7,59.5,66.4,81.3,65.7,90.4,89.3,85.2,80.2,86.5,97.8,96.6,93.2,76.9,70.6,72.9,73.2,73.3,84.3,61.9,88.9,97.4,89.8,87.9,81.4,99.2,57.4,70.2,77.3,65.6,61.2,59.6,63.0,91.8,98.2,95.8,84.3,88.7,83.2,91.8,63.8,72.0,75.0,70.1,91.8,94.1,89.9,88.1,59.0,89.0,91.7,77.7,78.6,78.26
440,Aria Shaw,73.1,76.0,83.6,74.5,75.7,60.0,73.0,65.7,84.2,77.0,62.3,95.9,93.9,99.0,93.0,85.2,99.7,88.3,97.7,95.0,57.2,74.7,59.6,85.3,76.7,84.8,61.3,77.2,94.9,86.7,56.9,95.3,81.5,71.0,73.8,80.7,78.6,62.9,70.9,72.2,90.6,78.7,88.9,82.8,84.1,79.4,90.6,79.6,77.4,79.7,58.6,65.8,67.9,77.6,72.2,57.8,90.7,93.3,98.8,91.5,81.47
441,Levi Shaw,41.9,37.4,28.5,22.2,27.7,33.1,14.2,10.2,33.9,28.0,34.4,14.7,39.6,38.3,34.8,11.5,38.7,33.9,35.6,32.6,40.2,39.6,36.4,38.4,38.5,31.9,29.9,12.2,38.8,33.1,27.6,41.3,24.5,30.6,30.8,43.0,30.1,40.3,21.3,27.9,18.5,40.3,11.7,26.1,25.1,30.2,42.4,18.7,43.1,38.0,23.0,41.0,26.1,16.8,22.1,30.4,21.7,15.8,19.0,20.5,29.93
442,Ruby Shaw,19.1,31.8,42.7,16.1,22.1,16.9,14.5,34.4,42.7,34.4,43.6,34.4,30.2,16.1,24.1,11.5,36.5,14.7,29.7,26.2,22.0,13.0,36.7,14.2,18.1,41.1,16.3,43.9,12.1,20.8,20.0,39.1,20.7,38.2,33.6,39.0,37.2,28.6,18.5,25.1,22.5,12.0,31.8,38.2,31.8,33.7,17.5,43.4,36.5,34.5,30.2,28.5,32.7,28.8,29.5,43.9,44.0,26.1,27.5,31.7,27.66
443,Isaac Shaw,25.9,44.7,21.5,31.2,31.0,29.1,36.8,25.2,14.6,20.9,18.7,15.9,12.0,19.3,17.8,44.6,29.6,22.0,31.4,31.7,19.1,42.7,26.9,38.9,35.2,40.9,13.2,26.4,27.7,27.4,21.1,30.5,41.5,24.0,26.8,44.5,23.2,35.0,36.1,35.4,34.3,36.7,26.4,12.8,20.7,29.0,15.3,39.8,25.1,26.3,36.4,27.5,32.1,32.2,32.1,41.5,22.0,33.1,21.2,25.6,27.57
444,Luna Shaw,72.2,59.6,56.2,80.8,73.5,67.2,55.2,80.9,70.0,69.1,82.2,93.9,66.2,61.4,69.1,96.8,67.4,65.2,63.7,68.8,55.9,76.8,89.2,77.1,75.8,79.0,97.1,67.0,70.7,74.8,55.1,87.8,94.8,92.6,87.3,86.2,55.9,93.3,74.8,76.3,82.4,92.2,76.6,92.3,88.9,71.7,94.2,56.8,64.4,68.3,94.5,92.6,74.9,96.5,92.8,77.8,90.6,92.4,69.6,76.5,76.77
445,Leo Shaw,83.7,99.0,74.7,72.7,77.9,72.0,81.6,99.4,86.5,85.6,68.6,96.7,67.0,90.8,85.5,63.9,65.9,70.5,86.6,78.7,77.2,82.1,75.7,91.1,86.0,76.2,59.9,88.3,86.1,81.6,87.9,99.6,63.7,83.2,83.4,64.6,91.1,61.5,72.9,72.7,85.0,90.4,89.8,82.2,84.7,87.3,59.7,65.3,67.8,69.0,67.3,60.7,55.2,97.5,82.9,88.5,91.2,80.8,97.5,93.2,81.77
446,Ivy Shaw,13.0,16.5,24.6,23.6,21.4,22.0,44.1,35.0,22.7,27.1,41.6,35.6,36.3,11.9,22.3,42.0,15.8,12.6,42.1,34.6,16.7,40.2,37.1,38.9,35.9,37.2,29.5,42.3,36.5,36.4,11.5,23.2,19.1,18.8,18.5,37.2,28.8,20.3,33.1,31.4,22.2,12.4,24.6,25.0,22.9,40.8,21.6,17.5,10.8,17.1,34.6,14.1,11.0,16.4,17.8,30.3,42.8,43.8,25.6,30.9,26.36
447,Elijah Shaw,66.5,81.0,87.3,96.4,89.1,87.4,78.7,94.5,71.0,77.3,56.6,56.9,80.8,96.3,83.7,97.0,97.8,71.5,61.5,72.4,94.5,99.1,98.0,95.8,96.4,94.1,86.3,91.7,81.7,85.3,96.6,66.5,92.7,98.9,93.4,68.7,99.2,92.7,79.8,82.6,78.7,99.0,77.9,70.9,76.6,57.8,78.0,69.7,71.0,70.0,78.9,74.9,92.9,58.8,68.2,74.8,56.4,98.3,92.5,86.1,81.76
448,Stella Shaw,16.5,19.8,17.8,20.5,19.5,23.7,31.8,34.3,25.7,27.4,19.6,12.8,25.1,26.4,23.5,16.5,33.8,21.0,24.9,24.4,24.0,25.6,30.7,18.9,22.0,13.7,14.6,13.8,29.9,23.6,32.5,33.8,22.4,34.2,32.3,42.5,21.5,26.3,33.6,32.2,13.1,10.4,21.4,24.9,20.9,11.2,31.2,27.1,38.5,32.4,35.9,31.0,44.3,36.2,36.5,44.9,29.5,13.9,30.1,29.8,27.04
449,Caleb Shaw,25.7,29.7,31.1,36.4,33.4,22.0,22.3,21.6,12.8,16.5,10.1,18.4,12.6,10.1,11.5,28.2,36.5,33.9,38.4,36.2,40.3,26.3,10.2,20.5,22.5,24.5,28.2,29.4,18.2,21.9,15.5,26.6,22.9,19.1,20.1,14.4,19.8,28.7,13.6,16.5,22.0,20.3,21.6,35.4,29.8,33.2,39.3,31.4,37.4,36.3,29.3,10.9,36.1,29.7,28.0,35.5,32.7,10.2,32.3,29.8,25.21
450,Willow Shaw,78.6,93.2,85.6,85.3,85.5,98.7,93.9,70.0,70.3,77.2,97.1,55.7,59.0,76.2,74.0,76.2,83.4,91.4,65.8,72.9,88.2,87.4,100.0,70.2,78.9,64.4,67.3,69.0,94.1,83.2,67.5,92.1,77.3,92.2,86.9,87.6,73.6,78.1,70.6,74.3,71.2,61.3,89.7,72.0,72.8,94.7,90.3,55.8,76.8,78.2,86.3,89.3,69.5,55.2,65.8,77.9,90.4,73.1,88.3,85.2,77.91
451,David Shaw,58.8,56.2,84.3,64.2,65.1,61.2,94.3,77.6,83.3,81.1,86.1,70.8,58.5,99.6,88.5,64.9,71.3,93.0,87.4,83.0,78.2,74.8,67.9,68.0,70.3,82.6,75.3,73.2,60.4,67.1,56.2,68.1,63.5,78.8,72.3,80.8,66.9,73.5,68.0,70.3,95.6,62.8,65.4,60.4,66.1,66.2,65.0,64.9,91.1,80.8,75.0,56.2,66.3,69.0,67.7,78.8,88.7,78.2,71.0,75.4,73.97
452,Maya Shaw,31.1,32.0,10.8,30.5,28.2,19.8,43.5,33.4,17.1,23.2,18.1,24.7,39.9,26.3,26.8,19.6,24.2,29.4,12.5,17.3,21.6,14.7,24.2,36.7,30.1,38.4,37.0,41.7,14.8,24.5,27.3,27.5,20.0,18.2,20.9,18.4,26.6,16.0,13.2,16.1,41.6,32.3,18.0,38.5,35.4,15.7,34.1,11.2,34.1,28.6,28.8,22.3,28.8,43.7,36.9,29.4,11.1,44.1,20.7,23.7,25.97
453,Gabriel Shaw,29.4,32.0,41.6,14.8,22.6,13.3,14.4,12.2,26.1,21.0,21.9,16.2,43.9,22.5,24.4,26.6,15.7,27.8,33.4,29.4,42.6,38.8,29.0,11.2,21.4,27.8,23.7,12.1,28.4,25.5,31.1,29.7,37.8,10.3,19.3,28.9,27.3,15.2,23.5,23.6,21.2,39.4,18.4,35.3,31.7,10.8,32.8,44.8,10.3,18.0,41.6,25.3,22.8,43.4,38.0,44.5,25.9,43.1,41.3,39.9,26.23
454,Naomi Shaw,87.5,72.8,85.7,84.1,83.3,73.0,60.8,61.1,56.1,59.6,62.8,79.6,67.4,81.5,76.9,75.1,59.2,83.9,95.3,86.3,94.4,76.0,82.2,58.5,68.8,83.5,99.1,57.6,96.7,90.0,74.2,96.0,73.2,59.0,67.9,97.9,63.2,58.8,89.4,83.0,65.9,87.1,71.0,97.6,88.4,62.5,57.3,73.5,68.6,66.9,72.9,74.9,69.4,58.3,63.9,55.5,97.2,58.1,59.8,64.0,74.92
455,Samuel Shaw,64.2,98.1,77.6,79.5,79.7,71.5,57.3,79.7,88.1,80.7,63.7,59.7,67.6,96.7,83.5,86.4,69.8,82.5,56.5,65.7,81.4,57.0,88.2,99.1,89.7,90.7,67.4,88.9,64.4,71.6,88.7,62.2,86.7,70.9,74.2,60.4,97.7,95.9,64.5,72.6,57.7,63.1,59.8,91.9,79.2,90.0,75.8,73.8,78.3,78.9,87.0,72.5,67.1,60.0,66.2,67.8,99.4,89.8,70.0,76.3,76.52
456,Anna Shaw,89.8,86.3,99.9,61.2,73.5,98.2,76.3,90.3,72.7,78.9,65.1,91.9,63.7,91.2,84.1,61.5,62.5,93.6,69.0,70.4,85.2,80.9,86.7,99.0,93.1,72.0,95.0,72.5,95.8,89.4,80.6,68.0,79.6,57.5,64.9,92.4,91.4,64.9,85.8,84.6,82.4,92.4,72.8,59.8,68.9,60.1,58.3,95.9,73.7,72.8,79.0,93.1,94.9,57.9,70.3,98.8,67.4,90.8,83.0,84.1,77.92
457,Jack Shaw,69.6,62.6,65.6,82.4,75.8,73.2,92.3,72.1,71.3,74.5,84.0,76.3,84.3,68.4,73.7,92.0,97.3,77.0,74.5,80.2,77.4,64.7,66.3,97.1,86.0,79.6,75.0,93.3,95.2,90.2,72.9,73.6,86.7,55.4,64.3,69.5,80.0,82.7,76.7,77.0,74.9,57.3,98.8,88.9,84.1,67.0,57.4,95.7,99.6,89.1,89.6,89.9,86.5,64.6,74.2,66.7,68.5,57.1,85.6,77.0,78.84
458,Elena Shaw,82.7,56.8,92.6,68.0,71.7,76.3,95.1,65.5,76.0,77.2,85.5,61.3,93.4,65.9,71.6,86.1,57.5,77.2,89.8,83.3,69.6,55.7,91.3,72.4,72.3,75.4,59.4,62.3,92.6,81.8,87.9,79.3,75.3,77.2,78.7,97.0,87.2,99.7,92.1,93.1,73.0,79.1,72.2,96.7,87.9,94.2,95.8,91.6,62.1,74.8,62.3,87.2,89.8,97.0,90.1,80.7,69.3,69.1,91.7,84.2,80.56
459,Carter Shaw,28.9,34.0,24.1,24.1,26.1,29.7,35.7,41.6,28.6,31.4,34.4,23.7,14.7,15.4,18.9,32.6,23.2,18.3,25.7,25.3,38.2,21.9,11.1,18.8,20.8,30.7,39.9,42.4,28.3,32.0,44.1,35.6,16.3,13.6,21.0,30.5,28.4,26.9,30.6,29.8,13.3,28.6,37.7,31.7,29.6,24.4,43.5,39.1,40.6,38.6,44.3,41.7,35.2,25.9,31.7,34.4,39.3,37.0,18.7,26.0,27.6
460,Sofia Shaw,27.2,13.9,35.1,11.7,17.2,38.2,44.1,34.4,37.8,38.2,18.1,18.2,11.0,17.7,16.9,37.7,38.6,26.0,44.7,40.5,14.5,34.1,35.7,22.6,24.8,30.0,21.1,40.2,17.5,22.7,21.1,25.5,33.2,41.9,35.8,37.4,19.4,26.5,31.9,30.2,33.4,19.1,40.8,11.2,19.2,17.5,26.2,43.2,23.0,25.4,19.5,30.0,15.3,34.5,29.3,34.0,41.1,36.7,21.2,27.6,27.32
461,Dylan Shaw,13.8,37.7,41.1,42.6,37.9,30.8,18.0,23.2,28.9,26.9,43.0,38.1,39.1,23.5,30.1,41.8,33.6,19.0,40.2,36.7,37.0,17.8,33.1,10.6,18.1,44.0,33.9,27.9,26.8,30.2,43.2,35.5,19.5,17.8,23.8,28.2,32.5,42.0,44.5,40.4,23.1,19.7,19.2,14.3,16.8,32.8,34.3,36.2,41.3,38.6,27.1,28.9,27.8,35.7,32.6,22.7,34.5,31.7,39.0,35.3,30.62
462,Lily Shaw,17.5,40.4,12.4,26.1,25.0,36.6,25.8,28.2,31.0,30.7,29.1,14.8,38.9,33.2,31.0,41.8,16.4,43.7,34.0,34.0,19.2,32.4,12.2,37.9,31.2,35.0,36.8,22.1,21.1,25.2,38.4,44.3,34.7,11.6,22.6,12.3,14.0,23.5,37.1,28.9,29.6,26.8,11.5,28.3,26.0,43.2,36.2,41.9,33.4,36.2,30.3,41.8,38.2,38.1,37.6,37.6,22.1,41.0,20.0,25.4,29.48
463,Adrian Shaw,94.7,63.1,94.1,99.2,93.1,58.5,69.8,79.4,62.9,65.4,63.9,88.9,96.5,57.3,67.6,89.4,82.8,75.3,70.6,75.4,96.5,94.2,96.7,84.9,89.3,94.7,74.4,70.2,56.8,66.0,68.2,64.4,68.2,94.3,83.4,71.0,70.2,58.4,72.6,70.2,66.4,67.5,67.0,83.7,77.0,98.2,58.2,65.7,86.5,81.5,74.4,64.1,81.1,62.1,66.5,68.2,66.7,88.7,57.4,64.3,74.98
464,Hannah Shaw,78.8,60.5,87.4,64.6,69.0,71.5,87.3,55.5,60.6,64.9,83.6,85.6,67.7,67.5,72.1,70.7,85.0,89.2,75.2,77.8,60.2,92.9,68.9,81.9,78.7,75.4,60.9,68.2,60.9,63.8,88.9,91.8,87.3,60.1,71.8,83.7,68.8,63.8,90.9,83.4,61.0,55.5,89.3,59.1,62.9,77.0,72.6,66.3,55.4,62.0,65.8,93.0,78.1,98.4,90.6,99.0,63.3,67.2,64.4,69.2,72.18
465,Nathan Shaw,57.7,70.7,93.7,76.4,75.5,55.9,57.0,88.0,93.1,82.6,88.6,66.7,75.4,86.3,82.5,87.4,97.3,96.5,84.5,88.2,87.7,96.7,79.6,97.9,93.9,66.9,86.3,70.8,70.9,72.4,57.8,69.6,86.3,65.3,67.7,85.3,92.6,55.6,86.4,83.0,86.2,65.2,58.7,65.5,67.3,80.6,62.7,58.9,84.6,77.7,90.4,79.1,57.3,71.4,73.1,65.9,77.4,76.4,73.6,73.5,78.12
466,Claire Shaw,64.9,86.4,69.8,64.4,68.1,95.6,81.2,94.5,60.9,72.7,75.7,71.0,55.6,76.2,72.7,62.5,92.8,56.3,69.0,69.6,72.5,77.6,98.1,89.1,86.6,83.4,64.1,81.5,88.8,83.8,56.0,77.3,59.7,70.5,68.0,63.2,57.8,62.6,76.7,70.5,60.3,76.5,71.4,66.3,67.5,89.1,84.6,75.9,96.7,91.3,98.4,55.4,93.8,78.8,80.3,96.2,74.5,75.6,55.8,66.3,74.78
467,Miles Shaw,64.1,82.9,74.6,89.8,83.4,98.7,68.7,79.4,70.3,75.1,73.7,58.0,63.0,62.2,63.3,77.5,85.2,95.3,90.7,88.8,63.9,98.8,99.8,84.5,85.7,90.9,55.4,82.2,92.1,85.7,75.1,69.5,96.1,57.9,66.8,83.7,76.0,67.2,98.4,89.3,84.3,93.9,96.3,91.7,91.6,84.4,80.7,98.6,85.5,86.5,67.1,59.4,82.5,73.9,72.2,98.5,64.9,94.9,76.5,80.3,80.73
468,Eva Shaw,40.0,41.4,35.7,26.6,31.6,35.0,15.8,28.2,25.8,26.0,26.0,38.3,37.6,22.3,27.0,19.3,31.3,43.6,14.7,21.4,13.6,29.1,14.2,44.2,34.1,36.2,15.2,10.7,16.1,17.9,14.4,23.9,18.2,33.3,27.5,26.3,41.7,13.9,15.1,20.0,41.5,40.1,19.6,12.1,20.8,12.3,33.7,16.7,14.4,17.0,29.1,27.8,38.2,22.0,25.9,28.2,24.3,38.6,22.9,25.9,24.59
469,Cole Shaw,72.5,67.2,97.0,98.4,90.6,77.6,56.3,82.6,98.7,88.1,95.0,82.8,65.8,99.9,92.4,63.3,62.4,99.1,67.2,70.3,75.0,78.4,96.0,76.4,79.1,85.3,84.5,79.1,88.2,86.1,67.9,97.8,68.8,77.5,77.8,89.6,57.8,55.0,59.4,62.6,73.0,93.1,69.4,96.1,89.1,62.4,91.1,64.2,57.9,63.8,72.3,88.8,66.4,63.0,68.1,84.9,59.2,63.8,89.6,81.5,79.12
470,Piper Shaw,62.1,57.8,79.4,99.7,86.4,75.3,99.3,64.7,69.6,73.7,89.1,90.4,59.7,64.8,70.8,55.9,72.6,98.4,62.8,67.9,79.1,78.9,67.0,92.2,85.3,99.8,64.1,79.4,83.8,82.7,66.6,80.2,80.4,80.3,78.5,88.6,74.8,70.4,63.8,69.5,90.8,73.5,85.0,70.8,75.7,72.4,74.7,59.8,83.6,77.7,63.7,64.0,57.9,82.2,74.1,91.6,99.4,88.8,92.3,92.7,77.92
471,Ezra Shaw,97.0,61.7,61.3,56.7,63.4,60.6,69.8,97.2,93.9,86.7,62.2,62.6,71.6,97.5,84.7,69.5,80.7,67.4,82.2,78.3,64.0,55.4,86.4,97.1,85.7,88.3,59.5,58.0,59.4,63.1,89.4,65.1,88.4,87.4,84.8,75.8,75.4,86.4,66.2,71.4,61.8,89.2,80.2,90.6,85.2,78.8,75.8,58.7,69.9,70.4,72.8,72.4,93.3,69.6,73.6,72.8,59.8,85.2,85.3,80.2,77.29
472,Violet Shaw,68.9,55.9,78.1,82.1,76.3,71.6,88.3,93.9,99.8,93.7,56.1,98.7,91.1,80.8,81.3,67.1,62.0,69.8,64.4,65.2,62.6,97.6,83.5,99.4,92.1,89.1,83.4,83.1,85.1,85.1,77.4,77.8,90.3,63.7,71.0,55.6,61.1,95.4,80.2,76.4,65.3,69.6,99.6,74.4,75.9,79.5,84.4,73.7,77.3,78.1,75.8,86.3,93.4,55.1,67.1,98.1,92.2,72.2,92.0,90.2,79.37
473,Felix Shaw,85.3,58.0,87.8,84.9,81.8,81.7,80.0,68.0,96.2,88.3,85.6,58.8,60.4,60.1,63.4,61.0,98.4,80.0,72.2,75.2,79.8,97.1,96.8,68.9,77.8,76.2,98.9,93.3,99.6,95.5,95.6,78.0,60.6,93.3,87.2,80.3,94.3,77.6,57.0,67.8,69.9,90.7,55.4,56.6,62.8,73.1,93.7,58.7,87.0,82.3,57.9,74.4,92.5,89.9,83.9,95.1,94.8,67.4,66.7,74.3,78.36
474,Iris Shaw,83.3,80.0,92.4,85.7,85.5,60.4,57.2,72.0,96.8,83.4,81.3,57.0,86.7,62.3,67.4,91.3,59.5,93.3,92.5,88.0,77.4,98.5,76.9,81.6,82.7,57.7,69.0,67.4,59.8,61.8,82.5,71.9,94.7,61.2,69.9,72.0,68.1,75.2,75.0,73.7,69.6,78.6,87.5,62.7,69.0,61.8,68.7,90.4,78.9,76.8,55.2,95.5,92.7,92.0,87.7,78.7,69.6,65.4,97.1,86.8,77.73
475,Silas Shaw,95.4,62.9,67.3,90.0,84.1,78.1,60.1,58.4,81.5,75.1,97.8,59.2,56.2,78.5,75.5,71.1,93.0,75.0,69.3,73.5,82.0,97.6,85.0,93.5,91.4,84.2,62.0,93.1,88.0,84.7,61.3,63.0,71.4,85.3,77.3,94.8,67.3,73.5,73.4,75.5,66.8,65.1,71.0,75.4,72.3,78.8,55.2,65.5,58.4,61.6,88.3,98.9,68.9,78.1,81.0,84.4,98.0,89.7,78.9,83.6,77.97
476,Josie Shaw,16.5,27.9,27.3,13.1,17.4,35.0,38.6,34.5,44.2,40.9,26.7,21.2,40.3,21.8,24.8,39.5,33.1,36.1,29.0,31.9,42.5,18.3,28.2,22.3,25.2,27.2,20.9,32.9,25.6,26.2,40.0,44.9,34.1,18.0,26.7,44.4,13.1,24.6,36.6,32.9,32.5,22.5,22.5,10.4,16.6,42.7,14.4,39.9,37.0,35.1,13.6,31.4,21.3,44.8,35.7,16.7,22.1,23.0,20.9,20.8,27.85
477,Milo Shaw,34.9,29.4,10.9,43.5,36.1,14.1,13.4,34.1,20.1,20.3,31.0,13.0,39.1,29.1,28.5,25.0,20.9,43.2,33.5,32.0,44.5,11.8,29.9,11.0,18.1,35.6,26.7,20.3,30.1,29.1,32.9,18.9,34.1,29.5,29.2,11.6,24.3,26.0,40.8,32.7,22.2,35.0,33.0,19.7,23.8,32.8,16.6,37.0,14.9,20.5,41.4,23.3,44.6,30.0,32.6,29.8,27.1,13.4,37.9,32.1,27.92
478,Wren Shaw,67.7,74.9,57.8,60.7,63.1,82.5,80.8,92.1,80.7,82.5,80.0,80.2,95.6,68.0,74.9,71.4,56.4,95.0,81.4,78.5,56.5,94.2,85.2,63.5,69.6,98.8,62.8,99.1,84.3,85.3,74.5,90.3,86.7,98.4,92.6,90.0,91.2,72.7,84.0,84.3,88.6,59.0,91.6,82.8,81.6,83.5,81.5,91.1,66.0,73.7,72.0,97.3,72.6,89.9,86.2,99.4,63.3,75.3,92.6,87.3,79.97
479,Theo Shaw,73.6,65.5,96.4,69.8,73.3,86.1,64.4,70.6,90.1,83.5,99.3,57.3,93.6,59.6,69.1,75.3,90.7,59.3,95.7,87.5,91.2,71.0,85.2,82.9,82.7,92.3,62.2,91.5,75.0,77.8,74.4,86.6,83.6,90.5,86.9,92.1,99.3,77.0,94.1,92.2,74.0,75.2,67.5,86.6,80.9,92.8,66.2,96.3,86.8,86.1,72.7,58.2,81.1,90.1,82.3,76.1,83.8,69.4,79.6,78.3,81.72
480,June Shaw,38.2,18.6,26.3,16.0,20.7,25.6,21.7,17.8,10.5,15.0,16.0,20.9,21.4,38.7,31.0,31.5,29.9,35.0,33.2,32.8,19.2,34.2,31.6,14.9,20.3,21.1,28.0,17.5,32.4,28.3,38.2,14.7,28.9,21.6,23.9,40.6,18.1,38.7,39.5,36.7,10.9,44.5,16.2,33.2,29.5,27.6,16.8,27.3,31.6,28.5,25.2,21.4,31.8,28.1,27.3,30.4,32.0,18.8,16.5,20.7,26.22
481,Ava Fox,40.0,41.2,16.5,25.4,28.3,36.7,31.1,11.1,24.6,25.3,19.6,28.1,24.9,11.4,16.5,32.0,29.6,39.6,27.0,29.7,43.0,13.8,43.5,31.3,32.2,23.0,31.0,31.8,39.3,35.0,12.3,38.8,16.5,17.1,19.3,39.3,10.0,17.4,40.1,33.0,11.7,31.3,24.4,29.1,26.4,21.8,14.2,42.7,22.3,23.9,20.7,24.5,13.9,40.7,32.3,17.7,31.7,41.0,12.1,19.3,26.77
482,Liam Fox,15.3,16.2,15.8,44.4,32.9,26.5,19.4,22.6,27.7,25.8,28.8,23.6,16.8,39.7,33.0,22.5,31.6,41.3,37.7,35.3,34.6,11.3,14.8,28.9,25.4,25.1,44.3,17.9,11.0,18.2,34.9,36.8,10.3,29.6,28.7,33.0,19.0,37.1,43.3,37.9,24.8,15.9,15.1,41.9,32.6,32.3,22.0,19.5,28.0,26.6,13.4,38.8,28.3,20.7,23.2,39.0,22.7,34.4,16.7,22.8,28.53
483,Noah Fox,30.5,30.5,10.5,37.2,31.9,17.1,20.1,35.6,32.2,29.0,22.1,14.9,12.8,21.0,19.2,42.8,16.6,39.0,38.2,36.0,26.3,20.9,12.5,28.1,24.8,22.1,32.4,35.4,21.7,25.0,32.6,12.8,26.8,22.2,22.9,37.1,41.2,42.1,34.2,36.6,20.7,10.6,15.4,32.5,25.7,38.6,29.9,15.1,23.9,25.5,16.1,35.0,39.5,30.4,30.3,23.4,26.4,32.6,34.9,31.9,28.23
484,Mia Fox,22.2,35.4,30.2,33.2,31.6,37.8,12.1,18.4,15.0,18.1,32.0,32.0,14.8,41.3,35.3,42.1,23.7,34.6,29.6,31.1,28.2,18.8,32.5,38.3,33.6,22.8,37.4,12.6,26.8,25.8,29.7,22.1,18.4,29.2,26.9,15.1,35.2,26.3,26.0,25.8,23.3,28.4,20.3,36.2,31.3,21.2,32.8,39.0,17.6,23.0,27.9,17.2,15.2,17.0,18.2,20.2,17.8,21.6,13.9,16.3,26.42
485,Ethan Fox,39.2,21.1,40.0,41.2,38.1,37.9,10.4,14.5,22.6,21.9,29.6,12.8,36.3,36.0,32.1,28.1,24.5,23.2,41.4,34.9,41.0,18.7,24.5,11.5,18.1,29.2,22.2,29.2,18.1,21.6,20.0,29.7,17.9,44.1,35.5,16.9,27.6,14.8,11.6,14.9,26.2,43.1,20.8,29.0,29.4,25.7,22.5,29.4,30.5,28.6,10.8,38.9,33.8,19.2,22.7,44.7,40.6,42.6,28.1,33.9,27.64
486,Ella Fox,62.7,80.4,63.8,61.2,64.3,93.8,64.1,72.5,89.9,84.7,72.4,62.4,75.9,60.2,64.2,69.4,78.1,90.7,58.3,66.7,71.3,90.4,63.9,61.1,66.7,89.2,68.8,99.6,65.4,73.6,94.0,64.8,57.0,56.6,62.7,73.1,79.0,97.9,61.7,70.4,74.4,63.6,57.6,79.3,73.7,75.0,95.7,65.9,68.0,72.3,91.9,95.5,72.7,62.5,72.2,79.9,92.2,62.3,93.5,87.4,71.58
487,Lucas Fox,12.4,42.2,27.2,22.9,24.6,32.1,26.4,37.3,30.1,30.8,30.6,25.2,27.4,43.4,37.1,16.0,44.9,22.3,23.4,25.1,13.8,43.4,38.5,18.8,24.0,23.9,38.2,40.0,19.1,25.1,42.6,13.9,23.5,36.1,32.3,12.9,23.7,30.7,12.6,16.5,17.3,29.7,26.4,20.6,22.1,41.9,35.2,15.4,32.7,32.0,35.3,36.4,15.6,41.1,36.3,39.3,35.1,29.7,41.0,38.5,28.7
488,Grace Fox,15.2,20.0,24.2,42.5,33.4,36.5,16.1,43.2,12.5,20.3,14.0,16.9,33.2,39.1,32.0,18.1,15.4,24.4,19.4,19.4,19.1,14.6,34.0,17.3,19.4,43.0,34.3,10.7,29.2,29.3,36.7,42.7,29.2,34.3,35.1,40.1,32.4,13.5,43.9,37.8,13.3,17.0,23.8,31.9,26.4,36.4,36.2,21.0,43.1,38.3,17.8,43.8,21.3,42.0,36.3,20.3,11.8,27.0,37.0,30.1,29.82
489,Mason Fox,64.6,57.4,58.9,94.4,80.8,90.9,66.0,77.9,61.3,68.1,91.9,85.0,70.0,60.8,69.4,62.0,66.7,58.0,76.3,70.7,68.5,88.5,55.5,84.5,79.0,90.7,92.0,63.8,68.6,74.0,96.0,65.1,97.3,78.2,81.4,55.5,70.9,71.3,66.7,66.4,90.0,99.3,95.3,73.8,82.2,76.7,55.9,65.8,76.2,72.2,73.6,73.6,96.9,76.4,78.4,79.4,61.6,89.4,79.4,78.4,75.08
490,Chloe Fox,39.7,29.0,17.4,25.3,26.7,27.3,33.4,34.9,12.6,20.3,33.1,44.1,19.4,27.5,29.4,17.1,35.3,22.3,23.2,23.9,39.1,35.3,27.9,24.1,28.1,42.1,43.6,17.2,14.8,22.6,10.7,38.6,20.2,29.9,27.2,14.1,22.0,23.5,20.8,20.4,14.3,23.6,16.6,37.7,29.9,10.6,14.7,30.3,16.6,17.4,18.1,17.7,39.5,17.4,20.5,30.0,30.7,41.3,19.9,25.5,24.32
491,Logan Fox,72.2,80.0,60.0,65.5,67.6,89.6,65.0,58.4,86.4,80.2,98.4,84.1,93.4,73.5,80.9,99.3,66.2,61.3,59.0,65.6,97.5,81.3,73.5,96.4,91.5,76.1,73.0,77.5,96.8,88.3,84.5,92.9,69.7,94.8,89.8,60.2,85.2,64.6,86.6,80.0,87.9,61.2,82.1,55.9,64.4,95.0,92.9,89.0,59.9,72.9,72.3,70.3,58.4,88.5,79.9,72.0,69.0,63.2,56.4,61.1,76.85
492,Zoe Fox,82.3,63.9,55.6,68.5,68.0,62.8,79.3,87.6,64.0,69.0,74.6,81.5,79.2,78.8,78.7,63.1,87.3,81.8,92.1,86.2,84.9,76.1,98.4,86.0,86.2,95.9,97.7,95.6,88.9,91.9,58.7,68.7,57.8,59.3,60.3,65.8,80.7,85.2,62.3,68.3,97.6,66.4,55.6,66.3,69.1,78.4,74.2,86.9,94.7,88.8,60.9,82.6,97.7,73.1,76.0,75.6,98.9,86.9,97.3,93.2,77.98
493,Henry Fox,63.8,73.8,71.7,73.8,72.2,99.2,95.5,67.6,85.1,86.0,84.0,93.9,90.9,84.8,86.7,99.6,79.0,94.7,77.0,82.6,79.9,98.1,96.9,96.2,94.4,69.8,69.4,70.0,78.7,75.1,69.5,88.7,93.0,90.6,87.9,73.9,70.2,59.2,92.8,82.8,85.5,66.8,89.2,96.9,90.3,85.5,84.6,91.9,93.4,91.0,83.2,58.7,97.1,63.0,69.7,79.0,84.9,67.6,95.8,88.3,83.92
494,Layla Fox,65.4,69.2,82.2,78.6,76.1,67.3,64.0,85.2,80.2,77.0,56.5,72.0,73.5,75.9,72.5,58.9,65.1,96.4,74.1,73.8,55.5,72.5,90.7,58.4,64.2,97.4,82.2,73.9,58.0,68.6,92.7,85.0,84.7,92.2,90.3,92.0,59.0,92.9,60.5,68.8,98.8,87.2,90.9,68.3,77.9,66.9,95.4,68.7,98.1,89.7,72.3,55.8,56.2,77.0,70.8,96.7,89.9,91.8,84.1,87.6,76.44
495,Owen Fox,91.6,69.4,77.6,60.2,67.9,59.4,76.3,84.7,91.1,84.0,95.5,58.9,91.9,66.3,72.6,72.5,93.3,96.1,77.8,81.6,79.8,97.6,60.5,59.5,67.4,92.6,94.4,74.1,79.1,82.3,81.8,69.8,72.6,85.9,81.4,94.4,67.2,96.0,85.4,85.6,67.1,61.3,96.4,89.1,83.4,61.2,59.4,95.7,77.7,75.5,57.6,66.5,93.0,68.2,69.9,59.4,77.9,84.1,59.9,65.5,76.42
496,Nora Fox,95.1,98.2,70.4,92.4,90.6,89.8,90.7,66.1,80.5,81.2,88.6,97.5,61.4,56.2,66.7,75.6,62.3,84.1,82.0,78.8,88.4,62.1,96.4,63.7,71.1,99.2,81.4,91.4,95.0,93.3,64.4,56.1,67.0,96.7,83.0,93.6,60.3,95.7,93.7,89.5,94.3,68.3,77.7,65.2,71.2,57.2,63.9,70.4,58.3,60.5,71.4,82.6,62.3,70.1,70.9,62.3,69.6,83.5,60.5,65.0,76.82
497,Wyatt Fox,92.0,76.2,74.6,62.2,69.7,75.1,91.0,78.3,74.7,77.4,94.1,92.3,95.3,64.6,76.3,87.8,61.3,69.8,91.3,84.0,72.5,59.5,70.2,59.3,62.5,87.0,98.2,81.1,87.3,87.9,72.7,82.0,66.7,88.4,82.6,56.1,97.4,74.2,89.5,84.1,76.9,78.4,66.9,60.9,66.2,70.1,67.5,71.8,56.4,61.8,70.0,62.1,60.4,83.5,75.8,61.8,73.0,88.1,84.2,80.2,75.71
498,Hazel Fox,42.5,43.8,42.8,20.3,29.4,27.9,27.2,14.0,43.9,35.6,14.0,11.8,23.9,29.3,24.2,23.4,39.4,24.2,37.0,33.8,12.8,31.6,28.9,18.5,20.9,38.8,40.2,34.4,21.0,27.7,21.1,41.9,32.9,18.8,24.1,40.5,16.4,16.5,24.0,24.2,13.2,40.5,44.7,26.5,29.0,34.1,43.3,11.4,26.6,27.8,41.0,30.3,39.1,14.0,23.1,18.6,31.4,30.8,28.0,27.6,27.28
499,Julian Fox,67.8,95.1,81.4,77.8,79.3,59.3,61.4,63.5,74.3,69.1,70.5,69.2,80.1,61.7,66.3,92.0,91.4,92.1,56.8,70.8,73.2,76.1,92.3,58.9,67.6,78.0,72.4,57.2,71.8,70.8,99.2,62.8,65.1,99.9,90.2,75.2,71.0,55.4,89.6,80.6,83.2,93.0,66.2,71.8,75.4,69.1,86.7,78.5,60.0,67.2,69.7,72.7,76.7,55.5,62.5,89.1,90.2,78.1,70.3,76.5,73.02
500,Aria Fox,10.5,43.9,26.2,35.9,32.3,27.3,19.1,42.8,16.9,22.0,12.0,12.4,23.9,42.5,31.9,44.9,11.9,39.8,30.5,31.2,32.2,42.3,13.1,20.3,23.9,20.0,36.2,33.0,27.0,28.1,20.2,21.1,16.4,15.0,16.7,29.9,10.3,35.7,32.3,29.5,18.8,32.2,40.7,22.2,25.5,23.1,42.9,24.8,21.5,25.0,14.8,24.0,20.9,30.9,26.5,19.2,39.8,36.7,41.8,37.8,27.53
501,Levi Fox,22.3,43.2,10.0,22.4,23.5,40.1,42.0,15.9,17.1,23.3,23.2,44.6,21.1,18.6,23.0,12.9,19.9,44.6,20.3,22.5,23.9,33.5,29.0,37.8,34.2,31.7,34.8,11.1,23.8,24.6,27.5,10.9,38.0,33.9,30.5,35.5,39.2,13.8,28.6,29.0,42.5,15.5,28.3,18.2,22.4,13.6,15.3,44.7,38.3,32.8,22.1,25.7,26.2,22.1,23.1,36.4,22.6,34.8,39.4,36.1,27.08
502,Ruby Fox,96.3,73.2,78.5,95.5,90.4,74.3,65.8,74.3,99.5,88.3,79.9,72.6,82.2,91.2,86.0,84.4,73.3,70.4,67.2,70.7,69.9,87.9,95.3,77.7,80.4,71.9,94.2,81.1,96.4,90.8,84.7,82.7,81.5,67.2,73.5,97.1,70.7,97.9,56.7,69.4,60.7,80.2,94.4,88.0,84.2,73.9,73.0,58.5,68.5,68.5,81.3,98.8,71.7,62.9,71.3,65.4,79.9,87.8,86.7,83.1,79.72
503,Isaac Fox,34.5,37.6,29.7,17.8,24.3,42.1,22.1,14.8,20.7,23.0,10.3,17.2,21.0,20.3,18.6,35.8,43.6,41.8,25.1,31.2,40.0,26.1,20.2,44.9,38.4,30.6,26.3,34.4,36.9,34.3,23.3,11.9,32.7,21.7,22.1,21.3,22.7,36.2,12.8,18.4,10.8,34.8,31.6,16.3,20.1,12.7,37.7,36.5,25.2,26.7,16.6,42.0,33.7,29.1,29.8,38.0,21.3,15.4,18.7,21.2,25.68
504,Luna Fox,95.7,76.9,88.7,79.4,82.5,78.8,64.0,88.9,90.6,85.3,87.3,69.6,85.3,97.4,90.7,58.4,65.1,78.1,97.8,85.6,75.0,92.0,72.5,92.9,87.7,99.3,85.3,68.2,73.4,77.7,84.3,69.0,89.9,89.8,86.3,56.8,88.9,62.4,76.0,73.3,90.2,79.1,73.0,90.5,86.6,67.1,85.8,61.7,95.8,86.1,65.5,61.7,64.5,94.3,82.1,57.1,79.1,71.2,77.1,73.9,83.15
505,Leo Fox,72.6,65.6,90.5,55.9,64.0,97.2,94.4,93.8,91.1,92.7,90.7,73.5,61.8,66.6,70.1,73.8,72.8,57.5,60.4,63.5,56.7,80.4,77.6,94.3,85.2,82.4,81.3,60.9,85.1,81.0,83.6,77.2,84.9,69.4,74.4,56.3,70.3,86.7,96.5,86.3,69.3,60.6,71.9,60.4,63.1,96.6,66.6,73.9,63.3,69.6,86.2,59.2,72.0,99.9,88.9,91.4,88.1,70.8,76.1,79.0,76.48
506,Ivy Fox,55.1,78.7,87.6,98.6,88.7,88.3,58.9,76.5,67.1,70.1,68.4,78.1,96.3,69.3,74.0,76.2,77.2,75.6,88.7,83.8,76.5,63.0,86.7,99.0,89.6,80.8,92.9,78.5,76.9,79.8,56.7,89.9,70.1,76.7,74.9,91.7,71.0,71.1,96.5,89.1,64.9,92.7,95.0,67.0,73.9,86.4,76.6,83.5,99.9,92.8,87.8,83.8,87.9,83.3,84.6,95.8,95.5,69.8,64.0,73.2,81.21
507,Elijah Fox,65.7,97.6,81.4,84.1,83.1,79.8,63.1,76.5,69.5,71.0,73.2,69.8,69.4,64.6,67.1,55.6,55.1,62.1,73.2,67.0,59.2,71.9,91.2,94.9,86.6,81.0,69.8,55.8,74.6,72.3,57.0,94.9,81.8,61.1,67.8,57.4,83.7,73.2,99.0,88.0,62.5,67.0,97.3,91.9,85.4,68.3,84.9,93.7,59.4,68.6,59.7,56.2,60.9,79.8,71.5,57.5,70.3,57.7,61.9,61.9,74.19
508,Stella Fox,86.2,66.9,63.3,66.4,68.7,85.7,90.4,94.6,67.7,76.7,98.2,72.7,97.6,60.3,72.0,87.7,83.0,66.5,78.5,78.7,86.4,66.2,95.3,85.1,84.1,92.3,75.6,90.1,88.0,87.2,95.7,99.8,82.1,65.1,76.1,67.2,63.4,72.6,77.0,73.3,71.8,84.2,88.3,72.6,76.1,61.6,96.7,91.7,65.8,72.8,91.5,60.3,57.9,93.0,83.8,94.7,69.8,94.8,98.4,93.6,78.59
509,Caleb Fox,12.5,32.5,38.8,30.0,29.2,29.7,19.7,23.3,44.2,36.2,43.0,28.7,31.6,40.2,37.9,27.9,28.4,44.5,45.0,40.4,19.1,11.3,11.6,27.7,22.2,27.6,26.0,20.1,24.6,24.6,24.3,38.1,19.8,34.4,31.6,31.1,18.9,19.7,24.5,24.0,36.0,27.9,37.9,28.1,30.4,43.1,29.6,32.1,35.3,35.2,11.1,42.2,43.8,15.5,22.2,26.1,34.9,31.4,17.9,23.1,29.75
510,Willow Fox,92.1,88.5,64.0,93.2,88.5,67.2,79.6,66.9,59.1,64.0,75.6,73.4,77.1,67.7,70.8,92.9,93.9,72.1,63.8,72.8,96.1,77.4,87.3,64.9,73.7,81.1,98.5,83.7,79.1,82.6,82.6,81.5,57.0,95.1,86.5,69.8,70.2,57.1,79.6,74.0,56.4,57.2,95.5,65.8,67.4,92.3,69.9,70.5,58.3,66.0,80.7,59.6,76.6,66.5,68.8,69.5,92.9,70.6,55.9,64.6,73.31
511,David Fox,26.3,19.2,12.6,28.0,24.5,36.2,19.6,20.4,21.6,23.1,35.6,29.8,42.5,39.2,37.9,33.4,38.2,17.0,15.3,21.0,38.7,38.3,42.2,27.6,32.5,35.2,30.3,13.9,14.9,19.5,21.8,43.4,13.8,32.8,30.2,18.9,42.0,40.6,38.7,36.8,15.6,30.9,35.1,33.4,30.9,28.2,38.3,30.6,28.6,30.1,36.5,13.2,25.0,34.6,30.7,27.0,41.1,43.6,31.5,33.8,29.25
512,Maya Fox,13.2,19.8,35.8,10.2,15.3,13.3,36.2,33.8,41.4,35.9,34.1,27.4,41.5,16.4,23.6,12.6,29.2,20.6,16.1,18.0,28.2,38.8,21.0,14.6,20.5,33.7,21.3,38.2,26.6,28.4,39.0,11.2,39.7,42.8,37.7,17.2,11.2,29.2,10.4,13.9,23.6,10.7,17.5,26.8,23.0,24.8,35.5,29.3,44.4,38.6,13.4,29.3,34.1,21.6,23.2,11.3,10.4,44.3,40.9,33.3,25.95
513,Gabriel Fox,44.8,29.4,18.7,42.1,37.6,13.7,22.6,41.4,42.6,35.9,20.4,22.3,31.8,29.3,27.5,41.4,16.7,20.1,43.6,36.6,37.5,17.2,31.3,29.2,29.0,29.1,20.3,18.2,42.6,34.6,39.7,32.6,38.5,32.8,34.5,21.2,43.4,15.7,23.6,24.9,20.7,25.7,33.2,25.6,26.0,25.5,42.5,40.4,36.7,36.5,25.3,22.4,35.8,43.8,37.4,33.3,12.4,17.0,14.4,17.0,31.46
514,Naomi Fox,29.9,12.5,28.5,12.8,17.1,20.3,41.4,44.9,20.6,26.6,26.3,38.3,14.1,37.0,32.7,31.6,20.2,30.4,33.2,30.9,42.0,12.7,22.9,17.8,21.0,43.9,43.4,36.6,25.5,31.8,28.3,29.1,36.0,19.2,24.0,11.4,39.7,19.6,23.3,23.4,42.0,21.3,28.5,33.4,32.3,17.7,26.5,21.0,11.4,15.5,11.6,29.8,33.7,37.0,32.2,15.8,44.7,38.0,38.1,36.0,26.96
515,Samuel Fox,23.1,43.3,34.9,31.7,32.5,37.2,43.2,25.5,29.2,31.6,33.0,34.0,15.2,40.4,35.2,38.5,35.5,26.8,11.7,20.5,32.8,31.8,41.5,10.1,20.2,11.7,30.8,32.4,33.1,29.8,27.6,39.6,26.3,31.6,31.4,41.7,15.5,20.5,25.8,25.8,12.5,25.3,25.4,30.3,26.6,28.3,40.0,10.8,38.0,33.3,36.3,43.4,36.6,37.7,38.1,19.7,26.1,27.0,16.5,19.6,28.72
516,Anna Fox,58.5,82.4,80.4,84.5,80.2,92.3,93.9,57.1,58.9,67.8,91.7,60.0,55.3,92.6,83.2,76.8,87.3,79.8,77.9,79.3,90.1,84.0,69.3,72.1,75.7,93.9,67.4,93.7,77.1,80.3,63.1,98.2,56.9,77.3,75.5,85.7,80.3,68.6,67.2,71.6,71.4,84.9,64.4,74.6,74.2,79.0,67.2,72.0,61.7,66.1,95.4,56.7,93.8,82.4,82.2,60.3,62.7,98.1,61.5,66.4,75.21
517,Jack Fox,67.1,60.2,87.7,76.6,74.6,90.3,60.9,68.8,81.0,77.9,84.6,57.4,68.8,96.5,86.0,85.5,95.6,66.5,61.2,69.7,69.7,61.6,70.7,98.7,86.2,61.3,93.8,82.2,80.5,79.9,98.2,76.9,77.5,87.5,86.2,61.6,93.7,96.0,90.8,88.0,75.4,68.7,76.7,66.0,69.0,76.9,92.7,60.1,63.9,69.0,73.9,70.3,99.3,85.9,84.0,93.5,84.9,86.6,66.5,75.2,78.81
518,Elena Fox,35.5,38.4,21.0,40.3,36.8,37.6,15.9,14.8,12.3,16.5,26.1,35.1,40.9,35.1,34.7,15.9,42.2,36.4,25.2,27.7,26.7,19.1,25.7,12.4,17.0,38.6,38.3,15.9,28.4,29.4,41.6,24.1,19.9,16.6,21.4,31.8,43.8,10.0,34.5,32.1,26.1,34.5,27.8,22.2,25.1,13.4,25.8,24.5,10.7,14.9,17.0,27.8,17.8,27.5,24.8,39.3,18.9,24.5,18.0,21.8,25.18
519,Carter Fox,22.7,18.2,12.2,22.4,20.5,24.5,40.9,22.4,10.5,18.0,21.1,24.2,22.0,20.2,21.1,22.6,10.6,43.4,44.3,36.8,19.2,11.8,19.7,44.9,33.7,22.8,38.5,40.8,23.1,27.5,27.8,37.6,24.1,19.4,23.6,38.4,26.6,41.8,29.3,31.8,38.9,13.1,12.4,11.9,15.7,31.7,14.2,37.0,41.1,35.7,15.4,21.1,37.5,26.5,25.8,32.4,28.2,34.9,44.7,39.6,27.48
520,Sofia Fox,65.8,59.7,95.3,91.6,84.4,96.8,57.2,56.7,86.6,80.1,59.7,65.8,76.6,74.0,71.3,98.8,78.1,59.6,64.4,70.2,93.7,72.2,95.8,73.2,78.8,96.1,68.4,65.7,97.3,89.1,64.5,87.3,81.2,61.2,67.8,91.7,83.7,87.0,84.8,85.9,72.7,59.7,57.0,60.4,61.5,93.9,60.0,79.5,77.3,77.5,60.0,81.0,68.2,86.9,80.0,73.0,89.4,71.9,63.2,69.2,76.32
521,Dylan Fox,19.0,22.0,27.6,44.4,35.8,38.2,30.9,32.8,10.4,19.8,17.6,34.8,38.7,15.6,21.5,39.9,39.8,38.2,15.6,25.1,12.9,17.4,24.3,44.7,34.1,17.9,33.2,36.9,41.3,36.5,42.9,34.4,21.7,31.5,32.1,30.7,26.3,20.6,21.1,23.0,23.2,35.9,42.4,40.4,37.8,19.9,44.9,12.7,15.5,19.6,28.0,18.0,26.3,39.6,33.4,34.9,18.6,34.1,40.7,36.1,29.57
522,Lily Fox,14.4,32.2,18.6,17.4,19.1,31.3,14.3,11.8,32.5,27.2,42.8,43.7,32.5,38.3,38.8,16.3,39.1,31.9,41.2,36.4,33.4,19.2,38.9,26.7,28.2,23.5,40.4,36.8,37.8,36.1,28.1,21.1,27.7,28.8,27.5,40.4,31.1,10.7,30.1,29.0,30.9,33.9,33.8,17.1,23.4,20.3,36.8,24.8,31.4,29.8,31.9,32.5,40.5,19.4,25.6,31.5,19.5,28.2,13.3,18.5,28.3
523,Adrian Fox,81.3,74.1,89.4,96.6,90.6,87.5,71.7,90.0,65.6,72.6,55.3,98.3,62.1,98.6,87.9,78.3,74.5,76.7,70.0,72.6,91.2,63.2,71.3,74.9,75.0,98.0,65.4,85.3,80.6,81.5,65.1,83.6,73.0,71.6,72.5,93.6,99.3,69.4,72.7,78.6,64.1,93.7,66.7,60.1,66.0,76.9,98.8,62.7,57.9,66.5,82.5,76.8,78.6,85.9,83.3,87.0,64.9,69.0,69.8,71.3,76.53
524,Hannah Fox,24.0,14.5,36.4,30.8,28.5,29.3,31.1,16.1,19.8,22.1,35.5,22.6,21.9,36.3,32.4,32.5,20.2,27.5,30.1,28.8,41.6,10.2,13.7,16.9,18.9,25.0,22.6,14.1,35.2,29.3,31.5,14.5,24.4,37.7,32.0,17.4,40.0,43.2,37.0,35.6,27.5,20.0,12.3,35.6,29.3,11.4,24.4,34.7,44.1,35.9,43.3,37.4,42.8,36.3,38.2,43.6,28.6,27.7,25.4,28.6,29.97
525,Nathan Fox,28.3,27.6,40.4,43.1,38.7,22.4,34.6,34.3,18.7,23.4,39.7,23.9,35.4,22.1,26.5,37.7,33.8,44.4,13.9,23.8,28.6,35.4,23.7,43.4,37.7,36.8,30.7,31.6,39.2,36.7,32.8,30.4,33.1,14.1,21.3,28.2,12.2,32.1,24.8,24.5,11.1,39.4,11.2,11.8,15.3,23.3,36.1,34.6,24.1,27.0,42.5,29.6,38.0,30.6,33.0,33.6,34.5,30.8,34.3,33.8,28.47
526,Claire Fox,79.6,59.3,97.6,64.1,70.0,58.5,87.6,62.3,55.1,60.8,82.8,65.7,76.1,79.7,77.8,87.1,98.4,98.7,65.2,77.0,96.9,97.9,98.3,60.1,75.1,83.0,76.6,93.9,84.1,84.3,64.2,96.3,96.1,59.4,69.9,69.5,86.3,62.7,84.4,79.8,60.9,88.5,70.8,71.6,72.3,95.6,82.4,88.6,97.5,94.0,92.6,98.8,73.7,75.0,80.3,69.9,79.7,67.0,69.1,70.3,75.97
527,Miles Fox,14.5,37.1,21.5,17.6,20.3,12.1,24.8,24.0,23.4,22.2,15.0,12.4,31.9,21.5,20.8,22.1,39.0,14.1,29.8,27.9,14.4,28.1,39.2,21.9,24.0,36.1,37.7,26.0,21.6,26.3,13.1,39.3,20.0,43.2,35.6,11.7,44.0,12.3,34.5,29.8,14.2,32.6,18.7,19.9,20.7,17.3,42.4,13.7,26.4,25.6,34.1,26.9,39.2,10.1,19.4,42.2,32.7,11.4,42.5,37.0,25.8
528,Eva Fox,25.2,44.4,21.3,21.4,25.0,21.5,10.4,12.9,25.0,21.0,11.1,38.7,31.6,27.9,27.6,36.1,44.5,10.1,37.8,34.8,15.7,43.5,11.1,38.9,32.7,31.5,27.3,10.9,31.4,28.1,21.2,25.3,12.9,35.1,29.0,35.5,45.0,14.9,14.1,21.2,15.2,32.3,38.7,44.8,38.4,43.0,36.3,38.4,35.5,37.0,21.5,13.7,27.6,13.1,16.2,32.6,10.4,42.9,17.2,21.8,27.73
529,Cole Fox,68.9,60.9,61.5,94.3,82.1,89.8,72.6,61.2,92.7,85.4,79.8,62.4,70.0,67.3,68.7,66.7,68.8,76.9,59.2,63.8,95.8,80.3,80.4,55.1,67.3,78.3,99.5,56.4,95.4,88.5,65.3,79.1,79.2,94.0,86.2,79.7,66.6,85.5,87.0,83.1,69.9,69.3,95.5,94.9,88.2,70.9,88.6,91.2,57.7,68.0,89.8,71.7,72.8,77.1,77.5,98.3,63.8,74.2,68.0,72.3,77.59
530,Piper Fox,75.7,93.3,68.2,98.3,90.6,77.7,88.1,68.9,96.7,89.3,75.7,99.5,70.9,94.7,89.6,80.7,77.8,89.2,59.0,68.4,77.3,82.5,81.6,63.8,70.5,80.5,61.2,61.8,93.7,83.4,95.1,61.7,80.6,74.7,76.5,80.8,69.6,57.8,85.6,79.1,97.2,73.3,69.4,69.3,73.6,98.8,71.0,67.1,95.0,88.6,66.2,70.0,83.6,86.1,81.0,92.9,79.6,85.7,55.4,67.7,79.86
531,Ezra Fox,30.0,42.1,38.3,28.5,31.8,23.3,17.8,37.7,26.1,26.2,19.7,44.8,11.3,26.2,25.8,21.8,33.0,19.9,27.1,26.2,27.5,38.5,32.3,20.9,25.6,15.7,27.2,29.7,33.2,29.6,25.1,20.7,23.7,12.5,16.8,14.3,43.6,37.2,17.8,23.4,17.8,41.9,34.1,36.5,34.4,13.5,27.9,32.4,16.8,19.9,10.9,19.8,16.3,40.3,30.4,36.7,11.2,18.3,12.1,16.1,25.52
532,Violet Fox,17.0,35.3,16.7,19.5,20.9,10.1,40.1,38.9,36.2,33.6,12.6,27.7,19.0,19.7,19.7,16.5,26.1,38.2,30.6,29.1,23.2,32.2,12.3,41.6,34.0,17.2,17.8,24.5,23.6,22.1,18.4,35.3,12.9,37.4,31.3,34.2,10.6,37.3,44.6,37.7,33.2,33.8,39.5,15.7,23.6,27.2,38.6,30.9,39.0,36.3,38.5,31.8,36.9,21.9,27.4,43.0,21.7,18.6,17.2,21.4,28.09
533,Felix Fox,85.1,82.2,91.3,89.7,88.3,92.7,81.3,55.2,59.0,66.0,89.5,78.3,80.1,85.1,84.1,76.7,71.2,63.8,71.3,71.0,75.9,70.9,89.6,61.8,68.6,71.8,99.6,77.4,88.9,86.5,86.8,85.0,58.7,55.5,64.0,80.1,73.8,82.5,85.4,82.8,62.3,63.4,98.9,77.8,76.6,91.6,77.8,78.1,95.7,90.4,61.7,81.8,67.4,71.8,71.2,83.7,99.5,90.0,81.2,85.1,77.88
534,Iris Fox,12.9,28.1,41.9,26.4,26.9,10.5,34.7,22.9,16.1,18.7,42.2,14.4,30.4,13.5,19.7,43.7,18.1,40.6,11.3,20.4,38.4,19.7,15.0,39.1,33.2,43.9,25.1,33.6,24.0,28.1,44.3,36.1,21.8,31.3,32.4,29.4,11.2,22.8,29.4,26.1,26.7,26.8,22.0,37.8,32.7,34.1,34.4,11.8,18.1,21.6,35.3,34.4,23.3,32.7,32.0,16.6,24.2,30.1,32.1,28.7,26.71
535,Silas Fox,10.7,36.1,13.4,20.0,20.0,39.6,32.6,22.5,39.4,36.3,33.7,20.3,23.5,23.7,24.6,37.4,40.9,14.9,26.5,28.3,43.2,38.2,38.3,38.6,39.1,24.9,32.6,23.9,39.4,34.5,18.5,15.6,22.5,36.2,29.3,33.1,15.9,28.4,22.6,23.9,16.0,14.9,44.8,10.4,16.3,43.6,25.8,21.3,12.0,19.3,12.2,35.1,41.8,23.8,26.2,10.9,21.0,32.9,18.1,19.5,26.44
536,Josie Fox,63.7,96.9,57.4,83.3,79.0,91.9,92.1,89.9,95.3,93.7,75.5,91.6,96.8,80.5,83.5,92.9,92.2,85.1,56.8,70.1,97.2,68.7,98.9,96.7,93.3,59.7,80.4,64.8,67.9,68.1,55.3,67.6,89.0,92.0,83.5,69.1,68.7,63.0,80.3,75.0,78.7,58.5,60.9,60.6,62.8,66.1,61.2,93.9,87.0,81.7,92.8,78.2,82.7,78.6,81.0,99.7,78.9,90.7,89.6,89.7,80.12
537,Milo Fox,41.2,28.9,34.4,16.0,23.5,37.5,29.4,15.7,20.6,23.4,10.5,34.1,23.3,23.6,23.2,27.0,12.5,30.0,13.1,17.1,38.8,10.1,14.2,23.9,22.8,33.0,36.9,40.0,43.3,40.6,17.5,27.2,27.5,44.7,36.4,17.6,27.5,38.9,13.5,19.3,36.6,12.4,34.1,18.9,22.4,23.2,18.4,27.5,31.0,27.8,18.6,27.1,15.7,21.4,21.0,37.2,43.3,36.2,24.1,30.0,25.62
538,Wren Fox,23.3,32.2,22.3,18.8,21.7,41.1,18.5,38.4,19.8,24.9,16.2,21.8,17.1,23.4,21.4,43.7,30.8,28.0,31.9,32.8,28.2,25.6,10.9,33.7,28.8,30.1,19.3,31.8,36.7,32.8,40.9,32.6,36.1,44.1,41.1,24.4,21.4,33.6,15.7,20.0,34.2,36.6,26.6,20.8,25.5,12.5,42.1,30.7,26.8,27.5,26.7,35.1,26.3,31.3,30.5,27.0,33.0,30.1,35.0,33.0,28.33
539,Theo Fox,13.2,26.4,43.9,37.4,33.6,14.4,19.1,21.8,13.6,15.5,43.8,22.9,24.3,34.1,32.6,27.0,42.6,20.5,23.0,25.8,20.7,14.8,35.2,23.8,23.7,10.8,11.0,29.0,18.3,17.8,13.0,26.6,15.5,21.8,20.4,12.2,31.1,11.9,22.6,20.9,37.9,41.0,40.5,39.3,39.5,15.6,37.5,22.1,21.2,22.7,37.7,20.1,18.7,17.7,20.8,20.5,45.0,24.1,44.5,38.6,25.99
540,June Fox,63.0,69.2,81.4,69.4,70.1,98.3,87.4,70.2,83.8,84.4,77.1,94.7,62.6,99.2,90.8,94.8,74.9,99.3,90.6,90.2,60.6,66.5,67.1,59.3,61.5,70.1,77.8,58.4,99.5,87.2,63.9,91.1,81.2,60.8,68.0,71.8,63.3,98.7,68.9,72.5,80.4,61.6,57.4,70.5,68.9,91.9,64.1,67.0,66.7,69.8,60.6,82.4,70.0,68.5,69.5,75.6,85.1,88.5,64.8,72.1,75.42
541,Ava Warren,67.4,77.4,90.1,80.5,79.6,57.8,80.8,95.6,84.2,81.7,80.9,88.0,96.9,55.0,68.4,85.2,75.9,63.3,68.8,71.2,71.0,56.8,94.2,86.9,81.7,61.6,55.0,60.3,96.2,81.3,55.3,80.9,72.4,78.3,74.8,86.0,99.5,99.1,97.0,96.1,74.6,55.1,59.5,67.1,65.5,85.5,73.1,65.5,98.3,88.9,98.5,67.9,90.0,67.7,74.8,84.3,71.8,87.6,93.9,88.8,79.4
542,Liam Warren,75.3,93.2,64.4,72.8,74.7,60.5,91.4,95.8,81.4,81.9,57.1,67.3,93.1,99.5,88.7,92.1,71.3,84.0,90.6,87.3,70.0,99.7,57.3,58.2,65.2,95.2,84.4,95.8,55.9,70.3,72.2,66.1,89.0,96.1,88.0,77.8,93.9,88.1,79.9,82.6,74.5,87.8,78.3,91.5,87.0,58.9,73.9,88.7,92.4,85.0,71.0,83.9,56.8,84.3,78.8,94.7,85.7,87.6,57.0,69.9,79.95
543,Noah Warren,10.2,12.5,34.8,11.7,14.7,11.2,21.8,43.3,15.5,19.5,17.4,28.9,28.0,24.5,24.6,29.0,44.2,42.2,38.0,38.2,30.8,34.2,36.2,29.3,31.1,24.2,17.0,42.0,32.0,30.3,41.6,35.5,11.0,16.9,21.9,30.0,14.5,39.7,32.6,30.8,11.1,36.2,21.0,14.5,17.8,33.0,18.1,42.5,43.5,38.6,42.2,42.0,25.8,18.9,26.0,16.4,35.6,19.4,39.8,33.4,27.24
544,Mia Warren,22.8,40.3,43.8,25.3,29.4,43.8,15.6,17.6,37.4,32.7,38.6,26.4,41.2,36.4,36.0,36.6,19.1,32.5,22.7,25.4,10.6,14.7,31.3,35.4,28.8,43.3,13.2,15.7,14.5,18.3,41.1,20.4,44.2,39.7,37.9,18.9,17.1,35.8,15.9,19.1,39.4,19.5,13.4,43.3,35.6,10.2,37.2,23.6,39.9,33.4,18.3,39.6,29.8,25.4,26.9,18.7,43.9,11.7,23.0,23.7,28.93
545,Ethan Warren,22.9,39.6,37.5,11.3,20.1,19.1,38.4,44.5,26.6,29.6,13.4,23.8,35.1,22.6,23.2,17.9,30.2,44.9,11.6,19.4,41.1,35.0,14.6,31.9,31.2,27.6,42.3,33.5,39.7,37.6,26.2,34.0,16.7,28.6,27.4,40.5,44.1,44.9,32.1,36.5,31.9,16.1,26.2,41.9,35.0,39.9,18.0,13.0,35.7,30.9,12.0,12.3,18.7,26.0,21.3,25.8,11.9,25.0,21.1,21.0,27.77
546,Ella Warren,40.4,27.0,36.7,36.7,35.9,19.7,35.4,38.1,44.5,39.1,35.9,31.3,11.9,41.9,35.7,10.4,23.3,26.0,44.5,34.7,41.0,24.6,10.6,18.7,21.4,34.8,44.0,37.1,27.4,31.9,26.9,16.4,42.9,10.6,17.9,37.5,39.7,24.8,40.6,38.0,13.2,40.5,35.3,19.7,23.7,21.4,38.9,27.0,35.1,32.7,21.9,16.3,15.8,18.2,18.1,32.9,34.3,12.3,34.4,31.2,30.03
547,Lucas Warren,38.0,22.2,28.3,21.7,24.8,22.6,14.5,35.6,17.6,20.3,32.9,29.8,19.1,10.9,17.4,43.4,18.2,38.2,28.3,30.3,22.1,10.8,33.1,17.9,19.5,35.7,35.2,26.0,23.7,27.1,34.3,39.1,23.6,43.5,39.0,34.9,31.3,36.7,15.5,23.0,24.5,32.8,27.3,15.7,20.7,32.2,32.7,33.7,15.6,22.5,27.5,14.0,37.3,40.3,34.7,22.1,31.0,36.8,43.9,38.3,26.47
548,Grace Warren,34.7,39.8,19.2,42.5,38.0,24.0,14.4,10.8,40.9,31.1,14.5,12.4,38.6,16.6,18.7,16.1,26.1,15.5,20.5,20.0,13.9,41.9,28.4,32.4,30.7,19.8,31.2,41.0,14.5,21.0,25.7,10.9,11.8,35.7,27.9,11.8,30.6,20.6,19.3,20.0,11.2,43.4,33.0,17.8,22.4,37.9,43.4,28.7,35.5,36.0,42.8,37.3,39.1,30.6,34.3,36.2,42.2,32.4,22.6,28.3,27.37
549,Mason Warren,12.3,29.6,11.4,40.1,31.2,22.5,37.9,21.7,26.4,26.8,11.8,23.0,36.7,29.8,27.4,14.8,18.5,27.7,32.9,27.9,34.6,36.9,10.5,28.7,28.2,23.3,31.4,39.9,38.6,35.8,43.1,16.4,13.4,44.7,36.5,13.4,11.3,29.5,18.1,18.1,21.0,31.9,26.6,10.5,16.9,12.4,41.7,36.2,27.1,28.3,17.7,21.7,40.1,10.6,17.0,43.2,27.1,39.7,29.2,32.2,27.19
550,Chloe Warren,60.7,86.4,66.7,91.5,83.4,80.1,82.8,58.1,98.0,88.3,73.9,80.7,87.3,75.2,77.4,64.4,64.5,80.9,97.7,86.6,75.0,89.9,100.0,76.4,81.2,91.0,74.8,62.4,70.9,73.0,88.4,81.5,82.8,71.1,76.4,92.4,75.2,77.6,88.6,85.9,79.8,62.3,97.2,98.4,90.9,55.6,80.7,92.8,64.7,69.4,59.3,81.4,93.0,69.5,72.9,77.5,66.9,79.5,89.3,83.4,80.73
551,Logan Warren,16.5,23.5,13.9,20.4,19.4,40.5,15.6,22.9,33.0,30.3,35.6,43.9,16.3,19.3,24.4,19.3,35.7,16.6,19.8,21.4,17.7,18.6,14.2,40.3,30.9,12.3,28.8,31.2,37.3,32.0,17.3,22.9,16.6,25.5,22.9,30.0,38.4,29.0,23.9,27.3,39.1,25.1,35.0,31.9,32.4,33.6,28.9,44.8,32.1,33.6,35.3,44.1,23.3,30.4,31.9,29.1,26.8,27.7,35.7,32.6,28.26
552,Zoe Warren,12.1,30.4,12.2,36.6,29.3,28.5,41.0,20.4,28.1,28.8,32.2,35.3,15.4,39.4,34.7,26.4,24.7,15.8,44.2,35.4,19.8,25.5,40.0,17.9,22.1,27.5,22.8,39.7,33.3,32.0,34.3,12.5,25.3,19.3,21.2,25.9,24.5,38.5,33.2,31.8,40.7,30.3,31.9,36.8,35.8,31.9,23.3,15.3,41.4,34.2,26.3,13.4,28.0,42.0,34.2,15.4,40.0,26.7,41.2,35.7,31.27
553,Henry Warren,11.7,17.8,31.7,44.2,34.7,19.4,27.2,26.1,44.0,36.1,19.5,15.7,11.8,38.1,29.1,15.7,16.4,34.3,35.9,30.4,11.8,30.0,42.2,27.8,27.9,42.0,39.7,42.7,21.1,29.2,38.1,40.6,29.6,13.9,22.8,28.4,41.9,16.3,39.2,35.1,45.0,12.9,35.0,41.7,37.4,33.6,43.1,44.6,14.7,25.0,27.0,16.8,33.8,41.0,34.9,25.9,28.5,16.4,27.4,25.9,30.71
554,Layla Warren,64.4,76.2,83.4,85.4,81.1,66.0,60.2,89.6,81.2,77.5,81.0,74.8,64.8,55.5,62.7,78.8,78.8,67.3,75.7,75.4,73.0,60.0,94.3,94.2,86.8,59.1,98.6,93.2,59.8,69.3,95.9,69.6,69.9,71.7,74.4,59.1,86.0,56.8,86.2,78.6,84.4,87.1,70.4,58.8,67.5,91.0,85.8,82.8,55.1,67.7,86.9,64.4,80.0,73.5,74.9,57.8,84.6,55.9,59.6,62.2,73.17
555,Owen Warren,60.6,74.3,93.9,96.6,88.5,59.4,58.8,79.9,75.4,71.7,59.3,57.7,99.0,55.8,62.3,73.8,99.2,86.5,82.1,83.9,85.5,85.3,76.4,83.4,83.0,97.3,98.7,76.2,78.9,83.6,85.4,83.5,65.0,95.9,88.7,62.2,78.7,86.8,96.1,88.0,88.1,83.4,56.4,84.3,81.0,59.9,96.0,91.0,97.9,91.7,69.4,67.9,83.0,94.2,85.9,56.4,81.0,81.9,57.2,63.6,80.99
556,Nora Warren,78.4,92.2,55.3,93.6,86.3,87.7,76.7,72.7,87.6,84.2,61.4,94.8,85.1,78.4,79.2,58.1,86.6,91.0,69.4,73.1,59.4,89.5,64.3,82.6,78.0,98.3,60.6,98.8,83.6,84.5,63.7,78.1,95.6,76.8,77.7,67.0,71.3,62.4,78.2,73.7,92.4,82.8,64.1,82.7,81.5,65.9,72.8,68.2,72.5,71.1,82.0,69.8,76.0,88.3,83.4,55.6,85.1,55.8,98.4,85.2,79.83
557,Wyatt Warren,42.1,15.3,23.6,37.7,33.4,11.2,25.4,18.8,31.5,26.3,38.3,20.5,36.5,39.1,36.2,15.6,30.6,38.7,44.4,38.0,14.2,39.8,44.3,21.1,25.8,35.9,42.9,17.6,20.3,25.0,43.4,34.6,27.9,10.7,20.5,28.1,26.9,31.8,13.5,19.7,19.0,38.1,34.6,39.5,35.9,14.8,35.8,39.3,16.8,22.1,24.5,40.9,35.4,28.3,30.4,21.8,17.6,22.0,18.8,19.5,27.73
558,Hazel Warren,84.9,65.3,82.8,64.0,69.5,93.0,68.6,73.2,55.3,64.5,59.6,76.2,62.2,62.5,63.9,86.0,71.1,94.8,75.5,78.9,63.7,90.2,72.8,79.1,77.7,67.7,61.0,66.6,83.9,76.4,96.0,72.2,80.5,94.7,90.0,95.4,68.4,78.9,89.1,85.8,58.2,88.3,63.7,72.4,71.5,78.4,85.5,86.6,63.5,71.5,63.6,59.5,68.8,83.0,75.4,63.3,60.0,98.1,82.0,78.7,75.32
559,Julian Warren,41.3,21.8,22.6,43.4,37.5,23.2,42.6,10.5,42.4,35.6,23.3,37.5,22.8,18.4,22.2,26.5,16.9,23.7,22.3,22.3,38.6,34.0,40.7,37.2,37.4,31.6,21.9,36.5,33.5,32.1,39.4,21.1,10.6,10.0,15.5,39.9,39.3,20.5,19.0,24.7,34.5,33.2,41.0,42.5,40.0,35.1,25.1,25.2,20.4,23.6,33.1,11.9,30.8,14.3,18.7,32.8,38.0,44.4,44.3,41.9,29.29
560,Aria Warren,58.5,76.5,89.7,79.5,77.7,77.3,72.3,91.4,62.5,69.6,65.8,73.4,96.1,60.5,67.7,56.9,76.6,83.1,78.6,76.0,82.3,83.8,94.0,64.9,73.6,74.0,97.0,89.5,91.3,89.5,86.4,99.9,82.0,55.9,69.3,64.6,97.5,95.1,90.9,88.8,68.6,86.1,62.0,67.7,69.5,91.1,76.7,89.0,66.8,74.3,82.5,72.7,78.6,97.7,89.8,95.5,74.3,80.0,63.1,71.2,76.42
561,Levi Warren,30.0,13.7,44.1,34.0,32.1,27.4,23.9,16.1,31.5,27.9,42.8,36.6,27.3,37.3,36.6,19.3,31.2,18.4,20.7,21.6,11.3,35.5,20.9,12.8,16.7,30.2,34.9,40.0,14.3,22.6,27.6,38.5,28.4,23.0,26.4,43.0,33.1,24.7,44.9,40.4,19.6,17.3,18.5,34.3,28.0,30.2,30.2,30.7,43.5,38.2,22.8,18.9,23.1,16.6,18.6,17.7,37.1,40.3,21.4,25.5,27.88
562,Ruby Warren,13.5,17.5,24.1,36.9,29.5,27.0,27.2,18.4,24.2,24.2,42.4,37.8,42.6,27.1,32.6,35.7,39.4,22.1,16.7,23.0,25.2,13.7,26.1,24.2,23.2,22.6,31.6,32.9,12.0,18.8,31.8,43.6,44.5,37.7,38.6,15.5,36.2,29.6,22.5,24.3,17.7,26.8,16.5,39.9,32.1,13.5,34.8,42.5,44.6,38.9,14.7,30.9,35.4,19.9,22.7,36.9,35.0,34.2,35.7,35.6,28.62
563,Isaac Warren,69.6,79.8,78.5,73.9,74.7,77.2,90.0,77.0,98.0,91.4,98.4,77.4,77.9,65.7,73.2,78.4,90.3,79.7,72.1,76.4,66.2,94.4,57.1,77.1,75.3,75.2,80.5,89.8,72.0,75.9,75.3,99.6,59.3,68.0,72.0,89.1,80.2,85.0,72.9,77.6,97.5,82.5,75.3,78.3,81.0,78.5,65.2,64.1,56.5,61.6,63.5,87.8,68.8,82.4,78.8,84.4,90.8,55.1,88.0,83.5,76.78
564,Luna Warren,75.1,56.5,69.9,72.9,70.6,97.0,92.6,88.9,95.9,94.7,59.7,77.3,92.4,69.5,72.3,93.4,59.5,84.4,99.4,91.3,84.6,68.7,65.3,61.3,65.9,57.3,84.6,98.7,91.0,86.7,81.5,98.7,74.5,72.7,77.6,81.8,90.3,57.8,79.6,78.4,99.2,70.5,81.1,66.9,73.6,75.6,80.0,87.9,79.0,79.9,85.0,57.5,76.4,80.6,77.5,86.9,62.5,61.7,66.5,68.0,78.04
565,Leo Warren,89.5,99.0,74.4,92.4,90.5,97.5,94.5,96.3,76.9,84.6,76.9,73.6,94.3,89.1,86.1,99.5,63.4,96.9,68.8,75.9,85.7,69.5,59.7,90.6,83.0,97.3,65.3,93.6,86.2,85.9,86.3,75.0,73.2,88.9,84.6,55.4,69.6,61.9,92.9,80.7,56.6,58.6,56.2,81.5,71.8,89.4,89.1,63.9,90.6,86.7,59.3,61.8,78.7,62.1,63.9,86.6,73.5,62.9,86.8,81.8,81.29
566,Ivy Warren,36.3,37.8,18.7,11.4,19.2,39.2,14.0,38.8,37.8,34.9,37.3,43.3,21.3,32.6,33.1,31.8,19.7,37.0,25.2,26.9,42.0,31.7,28.5,39.6,37.4,19.9,10.6,38.8,24.7,24.1,34.2,39.5,36.3,41.2,39.4,39.1,17.5,13.4,20.8,21.8,28.5,12.8,11.8,40.1,31.1,32.1,33.7,24.6,33.6,32.2,44.6,31.7,17.1,21.5,25.4,39.0,23.1,20.0,11.2,17.7,28.6
567,Elijah Warren,63.1,78.4,62.8,77.5,73.7,78.4,64.5,67.4,55.6,61.4,72.1,67.1,83.3,77.5,76.2,70.9,95.9,65.9,82.4,80.5,95.8,93.0,70.1,69.9,76.5,70.0,84.6,99.5,59.0,69.3,74.3,57.6,71.7,93.6,83.3,92.9,60.5,62.9,98.8,88.1,56.6,91.9,98.5,62.0,70.1,92.0,84.5,67.2,96.4,90.3,94.9,80.8,94.0,61.0,72.6,66.9,93.1,72.5,70.9,73.5,76.29
568,Stella Warren,13.0,41.7,43.7,29.6,30.9,39.0,41.4,18.4,31.6,32.1,16.7,37.1,39.2,30.7,30.8,38.0,16.3,41.9,27.4,29.3,24.7,26.3,17.7,16.7,19.2,44.9,42.4,15.8,44.0,40.1,20.1,25.7,22.7,45.0,36.1,10.3,11.8,37.7,29.1,25.4,20.6,25.3,23.7,24.1,23.7,25.2,40.2,44.4,18.9,26.0,35.3,37.7,26.3,31.0,31.8,11.8,36.3,34.7,38.8,34.3,29.97
569,Caleb Warren,60.2,68.3,99.4,89.2,83.9,82.1,64.1,68.1,64.3,67.2,60.0,87.6,73.9,64.0,67.9,84.5,70.6,67.1,57.2,63.9,91.2,91.3,84.7,73.8,79.9,85.2,73.8,99.4,63.2,72.4,88.5,55.5,82.4,91.6,85.1,97.2,80.2,79.5,64.0,72.7,56.2,75.9,80.4,79.8,76.2,56.1,70.5,78.5,78.8,74.6,57.3,96.5,91.6,59.3,68.3,76.3,83.0,91.0,69.0,74.8,73.91
570,Willow Warren,86.0,100.0,55.3,83.5,82.3,57.0,89.7,62.4,87.0,80.1,89.6,60.0,71.0,98.2,88.3,91.0,58.0,79.0,96.0,88.0,80.2,55.6,58.6,55.5,59.2,76.8,77.9,88.9,84.1,82.9,68.1,78.1,88.3,95.3,88.4,93.0,92.7,80.0,86.8,87.5,69.4,75.4,65.6,67.1,68.3,55.3,78.7,70.7,93.2,83.2,67.1,60.6,70.7,81.3,75.2,77.8,94.7,77.2,90.4,87.5,80.91
571,David Warren,26.1,15.5,14.2,33.8,27.7,29.3,26.0,15.1,40.0,33.4,14.2,42.0,40.7,27.5,29.4,40.5,42.9,35.9,18.5,27.0,14.7,28.4,37.8,42.5,36.3,39.5,12.0,41.1,21.1,25.0,40.3,37.6,31.0,27.0,30.7,23.3,26.9,18.8,38.7,32.4,26.2,20.6,42.5,16.8,22.0,26.0,12.9,41.7,22.2,24.1,36.8,16.2,16.2,36.2,30.9,17.6,32.4,18.1,30.0,27.1,28.83
572,Maya Warren,59.9,62.7,85.7,73.4,71.8,92.1,56.2,98.9,58.9,68.3,65.8,89.7,93.0,64.8,72.0,57.7,97.6,66.4,87.6,82.1,90.2,97.2,60.5,72.0,76.3,59.1,69.3,64.0,63.0,63.5,58.0,83.6,94.8,73.3,75.5,97.3,93.9,88.5,67.2,77.6,61.2,62.5,94.5,62.4,66.5,73.0,55.0,56.8,90.8,79.1,56.3,87.9,63.3,88.5,80.8,75.6,93.5,86.6,88.7,87.3,75.07
573,Gabriel Warren,85.3,77.9,69.6,83.2,81.0,94.2,92.3,56.1,76.8,78.4,90.1,76.1,97.6,83.1,85.0,81.0,95.3,61.4,64.1,70.2,68.9,83.1,94.5,75.9,78.4,66.4,57.3,77.4,78.2,73.7,71.1,69.7,72.8,63.1,66.3,62.7,72.9,69.2,84.4,77.9,62.3,72.6,56.7,69.5,67.2,67.4,61.8,74.3,68.3,68.1,79.3,77.2,77.9,83.9,81.6,67.0,68.3,99.7,72.9,75.1,75.24
574,Naomi Warren,24.7,34.5,31.7,19.4,23.8,24.4,39.7,16.6,17.2,21.1,27.2,44.9,43.2,11.6,22.3,39.9,30.1,12.1,21.1,23.6,43.0,16.7,25.7,43.0,37.2,31.8,17.1,20.1,21.4,22.0,15.3,25.2,22.4,10.4,14.6,41.4,16.9,21.6,20.4,22.9,14.2,39.7,29.8,42.0,36.4,23.5,11.2,15.9,24.1,21.2,27.7,25.6,37.7,41.4,37.0,26.8,12.8,24.3,16.8,18.6,25.06
575,Samuel Warren,35.1,43.5,34.9,39.5,38.8,44.4,26.4,44.1,36.5,37.2,22.5,27.3,15.1,19.1,20.1,27.0,35.6,18.5,26.6,26.8,12.1,38.0,24.5,25.4,25.2,18.6,21.5,18.5,45.0,34.8,43.7,33.0,14.9,44.7,39.0,44.7,41.4,31.6,33.0,35.5,39.0,28.4,38.7,25.4,29.4,22.0,40.2,22.8,36.8,33.4,22.4,44.8,15.0,40.8,35.4,32.0,35.6,10.9,29.5,28.2,31.98
576,Anna Warren,44.6,38.8,19.4,24.8,28.6,38.3,25.8,15.5,14.2,19.1,29.2,41.9,38.2,18.1,25.4,22.3,42.5,43.4,11.7,21.4,41.2,38.3,30.3,34.9,35.6,29.8,17.2,38.5,22.4,24.8,12.7,29.9,24.9,22.4,22.4,36.8,32.7,32.6,33.8,33.9,21.1,18.3,31.8,34.2,30.0,12.4,17.3,25.2,28.3,24.3,42.3,29.0,19.5,27.7,28.7,19.2,42.2,16.5,38.0,33.2,27.28
577,Jack Warren,16.6,17.8,23.7,43.1,33.6,39.2,31.1,35.6,42.2,39.4,42.2,23.2,36.9,27.5,30.1,11.7,10.5,13.9,27.3,21.2,34.9,34.3,41.7,40.1,38.8,38.3,15.7,11.9,16.0,18.4,27.0,38.6,32.9,14.3,21.7,36.5,20.0,43.5,43.9,39.7,21.0,12.2,27.2,18.9,19.4,17.6,43.1,18.0,41.3,35.3,41.5,28.3,39.6,25.9,30.1,23.9,22.5,28.7,38.4,33.1,30.07
578,Elena Warren,78.1,83.6,85.5,76.7,79.0,60.5,84.7,79.5,60.2,66.1,94.9,99.6,96.2,67.3,79.1,89.2,63.3,88.3,91.6,87.1,69.1,75.8,59.8,87.7,79.9,95.6,93.4,65.8,92.9,89.7,64.2,74.5,64.3,85.8,78.5,89.6,80.3,59.0,93.3,86.5,66.9,87.5,56.8,80.9,76.7,98.5,84.9,83.2,66.2,75.3,57.2,80.5,65.2,93.5,83.2,96.7,66.6,90.3,58.1,68.7,79.15
579,Carter Warren,44.7,43.4,19.8,20.6,26.7,24.9,32.6,28.9,28.9,28.9,40.8,20.6,35.6,23.6,27.1,17.0,29.4,12.1,13.9,16.1,18.7,11.2,41.7,27.0,25.7,33.0,43.7,35.0,27.6,31.5,38.5,12.2,40.8,25.6,27.6,13.7,24.0,13.9,24.7,21.7,20.8,25.9,12.7,21.1,20.6,37.8,22.8,15.8,19.4,21.8,19.2,10.2,17.3,11.2,12.9,34.6,21.5,30.4,13.9,19.9,23.38
580,Sofia Warren,91.5,95.5,85.5,60.7,72.8,88.5,92.0,58.3,87.6,84.4,78.6,92.7,62.5,67.5,71.7,60.7,96.4,81.0,73.4,75.8,66.5,70.8,82.6,64.3,67.9,85.5,75.0,76.9,98.9,91.0,73.4,65.5,66.2,86.9,79.5,75.4,66.1,75.6,93.9,85.3,55.7,65.3,99.5,92.8,85.1,68.5,85.9,71.1,76.1,75.7,83.7,85.7,81.0,59.5,69.1,71.5,57.4,65.1,80.0,73.9,77.68
581,Dylan Warren,82.6,85.9,88.7,65.1,73.4,93.6,65.9,67.2,81.8,79.3,78.8,93.4,89.1,79.6,82.6,63.9,84.2,81.6,76.9,76.8,77.7,75.0,95.5,83.8,83.4,67.0,79.4,94.6,80.8,80.6,67.6,64.4,65.9,67.4,66.8,77.3,64.7,68.2,68.4,69.1,63.6,88.4,90.9,89.1,85.8,81.1,68.0,77.9,74.0,74.7,67.4,68.4,88.8,87.6,82.5,60.9,81.0,60.0,81.9,76.1,77.59
582,Lily Warren,65.2,84.1,65.8,65.3,67.9,98.1,66.3,84.7,99.8,93.1,76.2,66.7,55.7,67.8,67.2,69.1,99.3,58.6,68.8,71.5,82.1,88.7,85.9,68.1,75.1,76.2,93.9,95.6,88.1,88.3,89.6,64.4,60.7,58.8,63.9,92.6,79.5,68.0,61.9,69.2,83.2,62.0,71.7,56.0,62.5,89.0,99.3,68.3,91.0,88.8,55.9,91.1,58.0,78.4,74.4,57.8,75.4,77.3,73.9,72.4,74.52
583,Adrian Warren,95.0,81.3,60.2,65.0,70.5,55.8,66.6,90.0,95.7,85.7,56.9,90.6,61.7,72.1,71.2,82.2,95.0,77.7,76.1,79.6,64.0,59.8,61.9,74.4,69.4,75.2,68.4,81.7,75.2,75.2,85.9,79.5,99.0,84.7,86.1,92.4,70.1,64.3,82.6,79.8,93.9,82.7,76.1,56.3,67.5,94.9,82.5,57.5,92.3,86.7,88.9,76.5,66.0,90.6,85.2,79.5,62.9,66.4,58.1,62.7,76.63
584,Hannah Warren,25.7,20.9,11.9,34.9,28.7,40.0,31.0,32.2,23.6,27.9,23.4,37.1,13.8,17.1,20.2,21.5,41.4,32.0,39.8,36.5,34.6,43.6,44.0,16.6,26.3,38.7,22.6,32.8,10.7,19.0,25.3,12.8,25.0,22.7,22.0,34.5,34.4,24.1,34.8,33.3,10.6,27.5,36.3,40.1,34.0,31.1,32.5,16.3,12.2,18.0,23.9,36.9,22.3,28.8,28.4,38.0,34.6,37.8,20.0,26.7,26.75
585,Nathan Warren,57.3,84.4,87.3,73.2,74.5,74.6,99.7,92.9,96.0,93.2,97.5,86.6,99.8,97.8,96.5,61.7,69.1,64.1,81.5,74.9,56.0,87.0,67.6,59.1,63.5,89.1,59.9,92.6,80.4,80.5,56.3,80.6,56.7,78.9,73.2,64.5,99.2,57.7,95.1,86.6,94.6,96.9,61.5,94.2,90.3,88.8,60.4,64.3,86.2,80.2,74.6,93.6,78.3,81.6,81.8,90.7,79.6,64.0,83.2,81.2,81.37
586,Claire Warren,40.5,36.7,39.5,43.3,41.5,11.0,43.3,19.3,39.2,33.3,20.0,19.2,35.4,35.3,31.1,19.1,16.0,34.9,33.4,29.4,34.9,20.2,28.6,21.2,23.9,16.1,21.4,40.9,37.3,32.8,15.8,13.3,37.9,42.0,34.1,10.6,19.2,16.7,41.4,31.0,12.7,30.9,16.3,26.3,23.8,13.1,39.7,33.8,36.7,33.6,34.9,38.8,34.8,39.1,37.9,13.5,44.4,11.6,13.6,17.4,30.82
587,Miles Warren,26.0,43.0,43.3,34.1,35.4,28.4,27.5,20.6,18.8,21.5,28.0,37.8,31.4,26.5,28.9,23.8,33.5,11.2,31.4,28.0,12.8,24.2,39.2,40.9,34.7,26.4,37.5,32.2,14.4,21.5,34.0,21.0,11.6,13.7,17.1,10.0,42.8,11.4,44.2,35.1,25.7,29.3,12.9,26.5,25.0,43.5,24.4,23.3,37.5,34.7,39.5,19.7,27.2,11.0,18.1,16.9,13.4,41.7,30.3,27.8,27.32
588,Eva Warren,11.5,26.6,34.5,25.2,24.8,15.9,18.2,42.4,20.2,22.3,35.8,43.5,23.7,21.5,26.6,43.9,40.0,31.5,26.3,31.2,41.3,39.4,44.8,30.6,35.1,37.7,14.6,10.6,31.8,27.5,41.7,41.0,20.4,43.9,40.1,16.3,18.2,13.0,43.4,32.4,18.3,10.7,17.8,44.1,32.7,41.5,23.0,36.2,30.2,31.5,28.3,43.1,41.3,41.3,39.8,35.9,32.6,26.0,35.9,34.1,31.51
589,Cole Warren,21.6,43.1,28.3,33.2,32.3,43.7,31.1,26.7,20.4,25.8,44.9,37.9,41.2,39.0,39.9,43.2,13.2,36.1,31.9,31.5,38.1,27.9,12.6,21.3,23.3,35.8,23.1,29.6,41.0,36.4,44.7,17.1,10.8,40.3,33.9,27.4,18.3,20.2,39.0,32.2,23.8,19.6,11.9,12.0,14.6,24.4,18.0,18.1,43.8,34.3,13.2,13.6,34.7,19.3,19.8,31.4,32.5,24.5,34.9,32.7,29.72
590,Piper Warren,16.3,40.5,21.0,14.7,19.2,39.7,40.5,17.0,35.1,34.0,40.6,32.8,42.5,12.6,23.0,38.1,13.6,44.0,32.0,32.0,33.9,41.4,38.5,42.6,40.7,44.7,13.2,13.6,44.7,36.4,40.3,32.3,42.1,31.3,34.1,11.6,39.1,27.3,30.6,28.8,35.4,28.9,30.4,32.3,32.0,40.4,14.0,38.7,10.9,19.0,23.5,36.9,30.0,37.1,34.3,26.3,18.2,37.2,18.9,22.2,29.64
591,Ezra Warren,68.6,64.7,78.4,61.0,64.8,81.7,57.2,75.7,97.7,87.2,89.9,62.7,83.2,58.8,66.7,76.6,95.6,83.9,62.0,71.3,81.6,79.3,73.9,67.2,71.6,99.2,58.6,72.7,65.2,69.9,64.0,61.4,84.3,71.6,70.9,87.7,71.0,66.1,82.0,79.2,55.3,87.5,73.9,98.3,87.9,64.3,82.7,75.1,88.8,82.9,62.2,89.3,75.4,91.4,85.1,98.0,81.7,74.3,85.9,85.4,76.91
592,Violet Warren,22.0,16.0,35.0,42.1,35.0,35.9,41.2,43.8,40.0,40.1,42.7,12.5,38.2,28.2,29.4,39.5,32.5,14.7,12.6,19.1,32.0,22.4,18.9,29.0,27.2,13.1,13.8,27.0,18.7,18.4,15.7,15.6,19.4,31.6,25.7,14.2,38.0,28.7,24.0,25.2,23.5,37.5,13.5,43.0,35.7,32.6,28.1,17.3,34.9,31.3,33.1,15.7,35.0,18.5,22.3,18.3,23.6,29.2,23.9,23.8,27.77
593,Felix Warren,38.0,19.0,23.5,25.7,26.2,36.5,37.3,44.1,16.1,25.4,25.3,42.8,35.2,16.7,23.8,42.4,10.7,39.3,15.2,21.4,13.6,27.4,33.9,33.3,30.0,16.4,23.8,28.2,22.9,22.9,41.4,13.1,35.5,30.2,30.1,25.8,42.8,27.9,26.2,28.6,10.4,28.1,24.6,28.2,25.3,11.0,13.4,37.0,45.0,35.2,42.4,24.9,37.2,10.4,20.2,19.0,21.6,37.2,21.4,23.2,26.03
594,Iris Warren,38.7,38.6,32.7,34.6,35.4,39.3,33.4,23.7,36.8,34.9,23.9,17.5,14.9,22.3,20.9,19.4,40.4,39.6,24.7,28.1,31.4,13.6,12.4,32.7,27.3,37.1,34.9,20.7,20.8,24.8,34.5,33.0,23.1,28.4,29.1,12.7,13.6,28.6,30.2,25.4,37.3,22.1,38.6,26.5,29.0,34.1,23.0,14.0,20.6,21.8,39.8,10.1,18.2,44.1,35.5,19.9,38.5,40.4,18.2,24.1,28.03
595,Silas Warren,32.8,22.4,15.1,36.1,31.0,33.0,28.4,22.8,15.2,20.3,43.7,21.6,31.7,24.6,27.7,17.4,41.7,29.7,34.7,32.7,43.3,33.9,36.9,29.9,33.2,37.3,14.4,12.4,36.3,30.3,11.1,10.6,29.0,11.5,13.7,32.6,31.6,39.0,27.7,30.4,31.6,19.5,30.7,31.1,29.6,44.6,21.7,12.8,30.9,29.1,14.9,38.6,11.8,40.8,33.2,33.4,13.1,31.4,40.7,34.8,28.83
596,Josie Warren,43.2,26.4,32.8,41.1,38.3,34.9,20.1,37.3,10.9,18.8,38.2,28.3,16.1,29.0,28.4,32.8,33.7,22.9,26.8,28.0,15.7,30.4,25.1,20.2,21.6,35.9,35.3,11.2,11.5,17.9,28.6,23.4,32.9,13.1,19.2,30.4,27.4,25.8,31.0,29.7,41.7,10.3,17.5,34.1,29.7,27.4,37.6,22.8,41.6,36.7,31.8,20.4,12.0,22.6,22.1,34.4,32.9,29.6,22.1,26.2,26.38
597,Milo Warren,65.5,77.2,55.5,59.8,62.3,91.1,89.1,66.3,91.3,87.6,57.7,80.5,64.9,56.3,60.9,60.8,94.1,68.0,69.4,71.4,63.9,87.8,85.4,62.6,69.2,62.2,60.0,55.4,81.1,72.3,80.6,99.7,81.8,55.9,68.5,59.3,72.1,71.6,55.5,60.4,88.9,93.6,87.7,72.2,79.3,57.2,57.0,84.0,68.6,67.6,70.1,60.3,81.3,82.8,77.9,82.1,94.9,80.1,73.3,78.3,71.31
598,Wren Warren,13.7,16.2,13.4,13.1,13.6,44.7,30.2,36.2,13.3,22.8,40.9,32.5,19.1,37.2,34.7,35.5,42.2,32.5,19.3,26.3,19.9,30.3,25.8,11.8,17.2,42.3,39.6,41.0,29.6,34.1,14.0,13.6,33.4,31.8,27.2,35.4,12.1,30.5,38.5,33.5,34.7,38.3,41.5,27.7,31.9,39.9,42.1,29.8,40.9,39.4,18.8,22.1,15.6,41.4,32.4,44.2,26.1,40.4,17.3,25.1,28.18
599,Theo Warren,91.0,88.7,61.7,66.8,72.3,86.4,64.6,85.3,84.1,82.0,98.1,57.5,92.7,88.2,86.0,89.1,85.5,73.0,96.8,91.1,91.0,72.5,69.8,61.7,68.1,55.5,70.3,74.9,78.4,73.8,71.9,64.1,82.6,89.5,82.8,73.0,88.3,81.3,76.5,78.2,98.2,93.1,73.8,98.5,94.4,60.4,60.7,65.0,92.1,80.1,80.7,73.5,70.9,86.5,81.9,69.6,84.8,91.3,96.5,90.7,81.78
600,June Warren,96.0,83.4,56.8,99.8,91.4,72.4,80.0,59.5,98.2,87.2,67.7,82.4,70.2,67.0,69.6,82.5,98.8,84.3,57.0,69.6,66.6,64.1,64.0,70.9,68.5,71.7,96.7,82.3,64.1,71.9,86.9,93.7,88.8,75.7,81.3,90.9,99.8,66.7,56.3,68.1,96.6,68.9,76.1,62.9,70.0,84.2,98.9,72.6,78.0,80.9,77.7,86.6,88.7,81.1,82.4,70.4,89.0,91.4,76.1,79.1,76.67
601,Ava Chapman,35.0,32.3,36.1,22.9,27.5,20.8,28.4,31.9,17.7,21.4,26.2,23.1,21.8,13.5,17.6,20.2,25.4,14.1,39.1,31.4,42.2,12.8,44.9,10.2,19.4,37.8,20.3,31.4,29.8,29.8,28.1,40.3,15.2,37.3,33.5,37.2,28.7,32.5,18.8,24.4,19.6,16.6,36.2,39.3,33.2,23.8,29.3,11.7,23.9,23.0,14.5,31.3,26.2,38.0,32.4,10.2,42.1,24.3,13.6,18.4,26.0
602,Liam Chapman,78.3,71.6,91.2,61.7,69.2,79.5,96.0,86.9,92.3,90.4,67.1,60.1,79.3,81.6,76.5,98.5,93.9,83.5,93.5,92.9,66.1,85.3,95.3,98.3,91.9,70.5,83.2,86.6,79.5,79.7,69.4,57.2,96.7,83.4,79.8,90.9,60.6,91.2,63.2,70.3,55.4,80.3,86.6,69.1,71.1,60.3,89.7,62.0,89.8,82.1,93.9,57.5,87.9,72.4,75.3,85.9,72.8,58.2,73.1,72.8,79.33
603,Noah Chapman,20.4,27.6,22.2,14.2,17.9,10.9,19.4,12.6,31.8,24.8,30.8,26.5,24.8,25.6,26.3,34.1,39.7,27.7,23.4,27.6,20.5,15.9,30.4,24.9,23.8,43.7,37.2,23.8,22.2,27.3,18.4,43.1,14.0,17.9,20.8,44.2,33.7,11.0,30.4,30.1,23.9,33.3,32.3,40.7,36.4,20.3,23.4,36.4,38.6,33.8,34.5,11.7,30.5,23.4,24.3,27.8,18.1,13.1,13.0,15.7,25.73
604,Mia Chapman,13.0,43.8,34.4,38.4,35.2,27.6,29.8,16.4,30.1,27.9,12.6,25.8,11.4,36.1,28.3,25.5,43.8,14.9,37.6,33.8,44.5,21.3,33.2,42.0,38.4,40.5,19.8,13.4,12.9,17.6,35.5,40.4,30.3,16.4,24.0,31.5,22.3,34.9,35.0,32.8,29.0,24.9,33.6,30.6,30.0,24.7,36.8,44.5,12.5,21.6,26.8,32.0,30.1,23.1,25.7,27.8,36.0,33.9,25.3,28.2,28.62
605,Ethan Chapman,69.8,69.2,67.4,70.3,69.7,58.9,98.6,86.7,89.6,86.3,83.2,63.4,62.7,70.4,70.1,62.0,69.1,97.3,91.9,85.6,97.6,68.5,71.3,77.5,78.2,72.7,92.9,68.8,60.5,67.6,92.1,70.5,71.9,90.0,85.3,67.5,62.1,74.6,60.7,63.6,76.4,56.2,73.3,92.4,82.9,78.2,65.4,88.3,69.6,72.7,62.8,68.8,55.6,64.3,63.5,65.3,82.3,73.3,57.9,64.2,74.14
606,Ella Chapman,61.7,64.3,87.1,65.6,67.8,82.5,73.7,76.5,96.2,88.7,58.2,77.7,82.2,74.9,74.0,73.0,80.9,67.4,80.2,77.6,82.1,82.7,58.1,61.5,66.6,92.3,99.9,89.5,83.3,87.5,80.3,61.9,99.0,65.6,71.5,56.8,77.3,62.8,63.1,64.1,55.8,66.5,73.9,90.5,80.5,60.3,99.8,73.9,83.5,81.3,98.7,92.0,61.4,85.3,84.8,80.1,57.5,78.2,97.7,87.4,77.65
607,Lucas Chapman,68.4,59.3,56.0,85.1,75.6,59.7,56.7,85.5,58.0,61.7,62.4,89.1,91.0,73.5,76.4,74.1,86.0,78.5,63.6,70.0,98.9,99.7,57.5,79.6,81.9,67.4,79.1,84.8,57.2,65.2,74.3,99.9,88.5,57.3,69.4,92.4,97.3,76.6,68.9,76.8,92.8,76.2,91.9,98.1,93.6,63.2,96.1,70.6,75.0,75.7,71.6,99.6,85.9,92.9,90.0,61.1,62.0,67.8,88.3,78.4,76.23
608,Grace Chapman,89.7,91.6,97.2,82.3,86.5,68.7,70.3,65.9,71.1,70.0,76.0,70.6,94.0,86.1,83.7,86.9,98.9,60.5,85.9,84.4,86.2,96.7,77.8,69.4,76.4,56.1,80.8,79.8,98.9,88.2,66.2,56.5,59.1,82.1,73.5,75.8,97.6,78.8,70.7,76.0,61.9,75.5,55.5,59.0,61.1,91.9,61.0,86.1,67.9,72.6,71.0,87.6,89.4,79.2,80.6,70.6,58.5,88.0,77.5,75.4,77.37
609,Mason Chapman,32.9,36.6,22.9,39.5,36.0,41.0,37.2,41.5,35.4,37.2,25.1,27.2,18.1,16.4,19.2,34.3,41.6,12.2,18.6,22.9,20.7,14.7,12.8,12.1,13.7,16.0,16.1,34.2,13.1,16.7,34.2,15.9,37.5,21.1,24.3,44.7,33.9,33.2,39.8,38.8,36.9,38.2,35.2,18.9,26.0,23.9,41.6,34.8,28.4,30.4,26.2,41.6,17.9,38.6,34.6,18.4,12.1,31.5,21.5,21.2,26.75
610,Chloe Chapman,26.8,22.7,40.9,11.7,19.1,13.9,42.9,31.0,33.6,31.9,15.9,30.4,10.2,39.0,30.9,28.8,40.2,15.6,40.2,35.4,39.9,19.6,18.3,41.1,35.0,18.3,29.7,13.7,40.1,32.3,22.8,19.0,39.9,35.6,32.3,29.1,31.1,12.2,33.7,29.9,27.7,24.5,40.2,26.6,28.3,18.4,39.5,19.3,32.8,30.0,35.8,14.2,33.8,33.3,31.2,34.2,16.2,25.4,41.7,35.1,30.95
611,Logan Chapman,44.2,13.7,14.0,33.5,29.7,17.8,41.7,11.3,32.4,28.9,17.0,23.9,27.9,33.3,29.2,16.6,32.9,36.7,20.1,23.6,43.2,10.1,31.0,19.4,22.9,41.5,26.3,37.1,16.0,23.6,25.6,42.9,15.9,16.7,21.3,34.9,20.3,16.4,24.8,24.4,37.9,19.8,38.5,28.0,29.6,41.3,42.5,41.5,37.9,39.4,15.2,28.9,16.5,20.0,20.1,17.6,14.3,21.7,39.5,30.8,26.96
612,Zoe Chapman,65.1,63.2,68.9,57.6,60.9,96.6,87.5,78.8,86.3,86.8,84.5,67.8,85.4,77.4,78.1,62.4,81.3,76.6,86.5,81.3,61.6,63.1,86.2,55.1,61.2,57.2,95.3,82.6,97.3,89.7,80.1,84.3,56.4,81.0,78.0,72.2,84.7,99.3,66.6,74.1,55.1,58.5,68.6,56.4,58.1,67.3,67.2,78.1,94.0,84.7,87.0,97.6,79.9,86.2,87.0,71.6,78.5,75.3,74.1,74.5,76.2
613,Henry Chapman,28.3,25.0,15.5,13.8,17.5,34.0,42.8,19.2,37.1,35.1,17.0,30.6,18.9,44.3,35.4,18.6,25.1,28.8,18.3,20.6,42.0,17.0,36.9,22.0,26.0,36.5,20.6,44.8,32.9,33.3,36.1,34.2,32.0,23.5,27.7,15.6,10.5,42.5,42.1,34.4,41.8,31.9,10.8,34.7,32.1,15.7,37.2,21.9,21.7,23.0,11.8,36.0,42.7,40.8,36.5,11.2,13.1,16.5,36.1,27.1,29.06
614,Layla Chapman,87.8,57.8,71.1,77.7,75.5,78.9,62.2,73.2,59.4,64.2,79.5,58.2,55.6,94.0,82.2,73.8,81.0,75.3,91.8,85.8,69.9,90.8,99.0,78.7,81.8,90.0,88.8,74.2,72.7,77.4,92.0,60.0,69.6,71.2,72.3,88.6,99.0,74.6,80.2,83.1,61.9,81.3,72.8,76.4,74.6,90.9,57.8,96.8,60.0,68.7,97.0,71.5,97.4,74.2,80.0,69.5,92.7,66.8,59.9,66.5,76.01
615,Owen Chapman,96.4,93.1,70.5,72.8,78.3,80.6,77.9,99.7,79.3,82.0,68.9,92.1,97.8,64.3,73.1,80.3,92.5,86.1,73.5,78.6,64.0,88.5,89.7,66.8,72.4,77.4,96.1,80.7,80.4,82.1,92.2,58.4,85.7,87.5,84.0,65.9,59.2,81.8,67.1,67.8,80.8,82.5,78.4,82.7,81.8,96.3,82.3,93.9,77.7,83.0,57.3,65.4,70.2,57.6,60.3,63.0,64.8,66.3,79.5,73.6,76.42
616,Nora Chapman,80.8,97.6,90.1,55.9,69.3,61.2,97.3,95.6,75.6,79.2,66.7,65.8,65.5,79.4,74.0,88.2,62.7,76.9,84.0,80.8,96.2,65.0,56.1,55.8,62.5,68.0,92.9,99.4,71.6,77.7,90.0,96.0,59.5,68.4,73.8,97.9,86.0,76.9,88.6,87.9,62.8,70.1,65.4,68.1,67.3,66.1,59.4,77.6,95.4,84.3,56.9,91.2,93.7,79.2,79.8,56.3,86.1,80.0,98.2,88.6,77.1
617,Wyatt Chapman,39.1,22.0,32.4,39.9,36.4,30.3,38.5,38.7,36.7,36.4,14.0,20.8,32.2,15.9,18.5,11.3,39.4,40.6,32.3,31.6,35.8,25.3,39.6,16.1,23.1,14.6,26.9,42.0,23.4,25.2,15.5,29.4,33.3,34.3,31.0,43.4,28.0,29.7,15.3,22.7,39.3,20.4,30.5,23.3,26.0,12.6,40.6,35.7,27.0,28.1,26.9,27.3,40.3,11.4,19.4,24.4,28.6,44.5,44.0,39.4,28.15
618,Hazel Chapman,14.1,39.4,41.4,44.7,39.5,20.0,24.7,28.1,17.4,20.1,27.0,39.1,20.7,37.8,34.3,43.5,32.4,22.4,18.4,24.1,12.4,37.9,43.9,31.8,31.6,25.9,40.5,28.7,15.5,22.0,30.1,19.0,26.4,27.9,26.8,35.3,13.2,19.1,42.1,34.3,36.7,13.9,17.2,27.0,25.2,22.1,17.8,42.8,41.1,35.7,27.7,16.2,16.7,23.5,22.2,30.4,22.4,17.1,17.0,19.5,27.94
619,Julian Chapman,32.7,22.2,22.6,44.5,37.0,44.8,41.2,32.3,31.0,34.4,27.9,12.0,23.6,42.6,34.0,42.6,35.5,15.4,12.7,20.1,33.2,22.0,40.5,19.1,24.2,19.5,19.3,16.3,31.8,26.4,22.2,32.9,12.6,33.4,29.1,39.8,27.9,16.8,40.8,35.7,37.9,37.3,31.7,20.7,26.7,35.8,33.1,16.3,43.9,37.7,37.0,44.3,11.3,40.1,36.4,31.8,39.5,43.1,44.0,41.7,31.95
620,Aria Chapman,21.4,35.8,28.3,44.5,38.1,38.0,44.3,28.3,44.3,41.3,19.0,14.8,37.0,29.0,26.8,32.0,14.6,24.0,20.5,21.7,24.2,37.2,43.3,20.7,26.4,42.1,14.1,19.3,29.4,27.7,13.1,37.7,28.5,27.3,27.0,31.6,39.5,37.6,28.5,31.6,24.2,29.2,17.4,36.8,31.5,24.7,30.4,17.0,38.7,32.8,35.3,38.9,35.3,29.9,32.5,27.4,32.6,15.9,42.0,35.3,31.06
621,Levi Chapman,34.7,16.3,35.3,33.2,31.4,25.4,41.9,35.9,35.2,34.9,31.6,26.5,32.3,33.5,32.2,12.3,30.8,39.0,38.9,34.3,20.9,33.6,38.7,20.3,24.6,37.7,42.2,10.6,15.0,21.1,16.5,15.5,28.5,23.6,22.2,39.4,28.2,20.2,45.0,38.7,23.6,30.9,29.1,20.7,23.6,44.0,13.7,19.4,16.9,20.4,42.4,43.3,17.3,17.8,24.4,35.6,28.8,22.4,38.1,34.4,28.52
622,Ruby Chapman,68.6,76.6,89.2,58.5,66.4,92.7,97.1,88.4,69.4,78.7,67.5,81.1,71.7,86.9,81.5,60.6,91.2,59.8,88.4,81.3,89.6,66.5,67.4,78.4,76.8,55.7,84.9,86.4,63.8,68.5,72.6,91.3,81.0,88.1,85.5,78.0,76.9,57.3,66.4,68.1,75.7,80.5,94.8,61.2,70.2,58.8,57.1,78.7,98.9,85.3,59.2,59.3,66.2,82.8,74.3,92.3,81.4,67.4,77.7,78.8,76.28
623,Isaac Chapman,92.8,58.9,85.0,65.3,70.7,93.5,82.6,56.1,69.3,72.5,97.6,87.0,92.4,68.9,78.3,86.6,62.9,68.2,97.1,87.3,83.5,95.2,76.5,75.3,79.2,73.2,83.6,76.6,68.5,72.2,61.8,99.7,91.8,74.1,78.2,63.8,92.9,65.8,71.2,72.4,67.5,58.8,84.0,81.8,77.1,90.9,75.1,56.3,95.5,86.9,57.5,55.2,88.1,56.5,60.7,55.5,73.4,88.8,57.8,63.7,74.93
624,Luna Chapman,93.5,95.7,57.1,88.3,85.8,95.4,98.7,89.3,58.5,72.9,91.1,65.2,80.5,60.8,68.1,96.3,70.8,70.5,84.5,82.4,87.9,99.4,89.5,60.4,73.1,65.3,90.6,58.0,97.1,86.8,97.8,71.2,98.4,57.4,70.1,58.7,56.8,68.9,67.6,65.1,91.6,63.9,90.1,96.9,90.9,95.7,78.7,84.9,67.4,75.0,71.2,74.3,98.1,65.8,72.0,71.0,85.1,91.9,76.0,78.7,76.74
625,Leo Chapman,10.8,41.5,38.7,33.5,32.2,44.6,17.7,20.3,15.7,20.4,12.2,43.9,10.1,15.6,18.2,10.6,11.3,36.8,32.8,27.5,20.0,10.0,32.5,17.3,18.7,43.0,38.2,24.7,24.9,29.1,17.4,43.0,33.4,30.9,31.0,30.7,19.7,15.3,28.2,25.7,29.0,23.0,25.3,39.1,33.8,19.0,31.2,39.2,31.0,30.5,35.5,34.8,11.7,28.9,28.3,36.9,11.6,44.4,41.2,37.1,27.71
626,Ivy Chapman,28.5,35.4,29.1,18.3,23.4,30.5,11.9,35.3,35.2,31.5,10.4,23.3,27.5,40.2,32.3,31.3,17.8,20.2,20.9,21.8,32.4,17.7,36.9,20.1,23.7,34.5,26.5,13.6,11.5,16.8,32.3,23.8,42.8,11.1,19.8,43.5,30.7,21.1,20.9,25.2,24.0,13.4,34.7,44.9,36.6,23.0,33.5,33.2,40.1,36.0,29.6,10.6,12.9,33.4,27.1,23.6,18.2,42.3,20.8,23.7,26.49
627,Elijah Chapman,71.6,82.0,80.3,61.2,67.9,87.1,87.9,98.3,59.2,72.0,60.5,68.9,66.4,56.9,60.2,70.9,77.2,94.3,87.7,84.9,92.2,99.4,78.9,72.1,79.3,80.6,59.2,65.0,87.3,79.7,95.4,71.3,95.4,70.7,77.4,98.8,66.7,85.5,93.9,89.8,93.5,86.9,97.4,62.0,74.2,97.3,64.1,94.4,74.6,78.9,99.9,98.3,66.5,92.5,90.8,65.2,64.4,62.2,97.5,84.1,78.27
628,Stella Chapman,89.5,84.3,67.9,99.2,91.7,70.2,61.2,74.5,78.0,74.3,83.3,98.8,74.7,62.9,72.0,55.6,80.1,57.9,83.3,75.8,82.6,59.6,87.8,70.5,73.0,88.7,56.9,89.2,70.6,73.7,97.5,66.7,89.0,65.7,73.2,91.8,92.1,63.9,74.5,77.7,58.4,70.5,56.5,63.3,62.7,83.1,72.1,74.0,88.9,83.9,62.1,61.2,79.5,67.6,67.6,99.2,87.0,60.9,79.5,80.6,75.52
629,Caleb Chapman,63.4,68.0,69.9,97.0,85.0,71.1,94.1,68.7,62.8,68.9,96.6,74.9,68.3,91.1,86.6,70.4,92.8,81.9,57.6,67.2,81.0,74.1,79.7,69.5,73.0,68.3,76.8,65.7,70.9,70.6,71.8,81.7,59.4,55.4,61.6,99.4,82.3,71.3,91.9,88.9,55.2,78.6,58.9,57.7,60.3,95.6,77.0,73.9,83.2,82.8,73.7,93.0,95.2,70.8,77.4,92.1,72.1,94.3,87.1,86.7,75.75
630,Willow Chapman,68.8,61.4,63.8,69.3,67.4,92.8,98.5,89.9,71.2,80.2,91.4,79.8,90.1,72.0,78.0,55.6,95.0,72.7,59.6,65.5,98.5,87.2,74.4,81.2,83.4,77.3,61.8,83.7,70.9,72.2,66.5,93.3,97.3,85.2,85.4,98.9,61.4,93.4,98.6,93.0,56.1,86.2,88.4,99.8,90.6,56.6,96.6,74.2,56.7,64.3,87.2,97.9,81.5,67.6,76.1,60.4,82.3,64.8,79.5,75.4,77.62
631,David Chapman,23.4,40.3,16.8,10.7,17.2,42.4,39.9,23.8,24.6,28.9,26.7,29.3,21.1,42.7,35.9,30.5,27.8,42.8,25.9,29.0,29.1,13.5,26.2,36.4,31.0,12.0,36.1,13.3,28.7,25.4,34.2,12.0,42.4,23.4,25.9,25.0,34.1,39.4,43.5,39.2,23.6,10.7,30.1,25.2,23.7,28.0,30.9,21.7,41.2,35.5,44.6,37.6,16.9,30.5,31.5,26.5,19.3,34.0,19.6,22.4,28.8
632,Maya Chapman,44.2,15.2,15.5,40.5,34.3,30.9,15.6,39.0,34.9,32.3,29.1,21.0,29.5,38.1,33.5,38.8,37.4,17.6,36.9,34.6,11.1,30.8,22.3,12.6,16.1,25.0,30.0,16.8,30.1,27.6,18.5,42.0,11.8,43.1,35.5,44.5,12.9,32.0,25.3,27.1,30.2,15.7,39.2,39.3,34.9,38.0,43.3,29.0,38.5,37.8,35.0,19.3,38.1,13.4,20.4,26.9,20.1,24.5,42.0,34.7,30.73
633,Gabriel Chapman,99.4,68.2,96.1,62.6,72.7,65.1,71.3,72.4,66.3,67.6,59.4,56.6,90.4,72.1,70.8,84.0,90.1,92.7,82.4,85.0,73.8,68.1,81.7,66.2,69.5,98.4,90.3,82.9,87.6,88.8,57.7,94.6,71.3,87.8,82.5,84.6,99.0,55.8,56.5,65.8,66.6,92.1,69.7,68.4,71.5,89.7,73.4,66.4,69.3,72.2,64.7,56.9,78.6,76.5,72.6,91.8,75.1,83.8,85.3,84.6,75.3
634,Naomi Chapman,61.2,99.6,94.9,86.7,86.1,99.5,95.7,70.4,64.1,73.9,96.0,70.1,87.4,63.3,71.8,84.2,71.0,63.6,56.1,62.8,96.9,82.8,96.0,81.8,85.8,68.8,84.7,71.9,59.1,65.5,67.1,56.3,78.2,75.5,72.2,72.0,58.8,99.4,62.8,68.4,71.9,76.6,89.5,56.3,65.5,65.9,80.1,60.6,59.7,63.4,91.9,92.5,99.8,83.4,87.9,60.8,99.4,89.9,91.7,88.4,74.31
635,Samuel Chapman,60.5,78.6,70.1,57.2,62.2,92.3,68.8,96.2,77.7,80.9,98.3,96.2,57.3,95.0,90.6,57.6,67.3,77.0,89.1,80.4,84.7,90.8,61.9,74.6,76.4,99.9,93.8,57.0,65.6,72.8,64.4,64.2,59.5,60.8,61.6,74.6,95.4,73.1,90.0,86.4,71.6,75.8,67.3,68.9,70.0,75.2,81.2,57.7,60.6,64.9,88.3,60.5,91.0,91.7,87.0,96.4,96.0,56.3,84.7,84.0,76.43
636,Anna Chapman,43.6,19.0,21.1,26.7,27.2,26.9,13.3,36.2,13.6,18.3,23.4,29.3,24.5,43.7,36.5,11.7,25.4,18.7,41.3,32.2,25.3,41.2,38.9,29.8,31.9,39.1,40.4,20.0,12.7,20.9,41.7,34.1,43.6,11.4,22.8,31.3,16.2,28.6,38.4,33.2,10.5,19.5,13.6,12.9,13.6,12.0,15.4,13.7,38.4,28.5,30.3,20.3,27.3,33.3,30.4,32.4,30.6,11.9,44.2,36.5,27.67
637,Jack Chapman,20.2,42.7,21.9,11.6,18.3,14.2,41.5,44.2,19.6,25.1,39.9,33.6,13.7,12.2,18.9,28.0,31.9,23.7,30.1,29.2,33.9,20.9,23.7,35.1,31.5,15.6,34.3,35.8,25.3,26.6,18.0,42.6,14.2,43.3,36.0,20.7,25.0,36.3,14.7,19.8,23.9,29.0,38.6,42.1,37.5,29.1,44.6,27.6,35.0,34.5,17.4,20.2,43.9,21.9,24.0,11.2,28.6,43.6,11.6,18.1,26.62
638,Elena Chapman,66.7,87.2,91.4,68.3,73.7,67.2,72.2,88.1,75.6,75.7,78.8,71.2,68.9,86.0,80.8,88.8,99.3,95.5,77.2,84.1,96.0,84.1,59.0,80.1,79.9,96.9,86.8,78.4,89.9,88.9,85.2,97.5,84.8,89.2,89.2,69.4,97.5,78.3,55.3,65.9,92.7,96.3,57.2,93.7,89.0,82.3,57.2,96.7,77.7,78.1,75.1,78.0,82.4,95.9,88.9,92.5,85.4,90.4,81.3,84.6,81.57
639,Carter Chapman,13.5,29.7,13.5,27.6,24.1,38.4,28.8,21.5,42.0,37.0,23.6,41.2,21.2,42.2,36.8,23.3,11.0,32.0,20.8,21.3,39.9,24.1,39.5,35.3,35.0,13.3,19.3,28.1,43.3,34.1,20.5,15.9,27.3,29.6,26.3,15.9,10.6,34.5,15.2,17.3,19.5,37.0,36.2,19.2,23.9,27.1,24.0,11.9,18.9,19.7,18.8,25.9,23.8,26.5,25.0,15.9,24.2,39.2,44.0,37.0,28.12
640,Sofia Chapman,85.4,67.2,88.0,70.3,74.3,57.2,79.2,63.4,63.0,64.4,72.8,86.8,85.3,74.5,77.4,70.7,70.6,59.7,65.2,65.9,56.2,62.9,89.0,92.8,83.4,73.3,90.2,66.9,90.5,85.0,71.2,88.1,58.7,95.9,86.6,95.9,96.3,84.3,79.3,84.4,99.0,55.1,58.9,74.9,73.3,85.1,81.7,57.1,84.3,80.4,96.9,93.6,75.4,78.0,82.3,96.9,95.8,90.4,59.1,73.2,77.55
641,Dylan Chapman,21.2,35.4,18.7,44.5,36.7,37.6,16.4,11.7,26.2,24.5,24.2,15.6,19.6,26.9,24.1,20.3,42.9,30.7,34.6,33.3,39.2,18.5,10.0,24.5,23.7,17.7,28.3,11.9,15.0,16.7,34.3,27.0,27.1,39.5,35.5,39.2,23.3,43.3,21.4,26.9,21.8,13.2,17.1,16.0,16.5,19.8,15.5,12.4,14.5,15.1,25.0,26.9,42.9,23.1,26.5,44.1,32.0,42.2,33.8,36.1,26.3
642,Lily Chapman,42.8,35.8,32.1,26.7,30.8,27.2,40.6,33.5,34.8,34.4,16.6,24.2,37.9,24.8,25.4,41.7,13.5,43.5,24.9,28.1,44.7,26.9,18.8,12.7,19.7,40.6,21.6,24.9,10.6,18.0,39.5,38.4,27.2,35.9,35.6,43.3,35.6,31.6,22.4,28.2,32.8,26.4,28.7,22.9,25.5,34.5,19.3,35.4,41.8,37.0,27.3,23.8,44.2,13.0,20.5,40.4,17.0,20.6,14.2,18.9,26.84
643,Adrian Chapman,33.1,30.9,39.2,23.1,27.6,30.2,32.7,28.2,30.2,30.3,18.0,29.8,33.1,19.4,22.4,33.4,29.6,38.5,12.5,21.0,36.2,22.2,25.8,17.6,21.8,23.9,27.7,19.3,44.7,36.3,29.9,19.0,14.8,12.3,15.9,33.6,40.4,26.9,37.4,35.9,14.8,22.6,10.6,38.9,29.7,11.6,19.2,40.4,33.8,29.8,17.7,19.4,22.4,19.2,19.5,40.8,33.0,39.2,43.2,41.0,27.6
644,Hannah Chapman,83.9,85.5,61.8,61.7,67.8,88.4,62.3,60.6,97.5,86.7,63.3,94.5,85.4,80.0,80.4,76.4,72.6,74.6,98.9,89.2,66.5,98.7,79.2,58.8,67.9,98.4,63.1,88.0,93.0,89.1,57.9,73.0,66.9,94.6,83.1,76.3,63.0,64.2,90.2,81.3,67.4,70.7,61.2,68.7,67.8,59.5,71.8,85.4,60.6,65.3,95.8,73.8,73.3,97.7,91.0,57.6,83.7,91.6,56.3,64.8,77.87
645,Nathan Chapman,80.1,64.6,65.8,62.0,65.3,63.2,80.5,55.9,89.8,80.5,88.7,82.0,86.2,85.8,85.7,91.3,64.9,89.7,77.6,79.3,83.4,91.7,81.0,60.0,70.1,99.7,63.1,66.3,71.6,73.5,64.9,67.6,87.0,76.9,75.4,75.4,63.9,93.9,85.0,82.1,58.5,87.5,55.4,90.9,81.4,95.3,75.1,70.5,94.0,88.5,99.2,81.4,68.7,87.9,86.0,88.1,93.6,95.0,93.3,92.9,80.06
646,Claire Chapman,92.3,93.9,87.7,78.0,83.3,96.6,65.8,62.0,58.6,65.1,55.1,83.5,70.2,95.7,85.3,79.0,96.0,79.9,64.3,72.6,71.4,64.5,97.5,65.8,70.6,70.9,94.1,70.4,58.4,66.4,93.7,86.7,79.2,70.3,76.8,55.9,62.6,98.9,77.3,75.4,85.2,64.1,68.0,67.4,69.4,87.9,89.5,67.4,74.5,77.3,76.8,66.8,81.0,98.8,89.2,76.0,77.5,58.5,84.7,79.1,75.88
647,Miles Chapman,90.3,75.8,98.5,63.2,73.2,84.6,77.7,87.0,69.5,74.9,88.5,69.0,69.5,97.5,88.8,80.5,82.4,65.4,75.0,75.4,92.5,87.9,96.7,98.6,96.1,84.4,62.5,99.3,91.5,87.7,72.5,58.0,99.0,62.3,68.0,83.6,55.5,92.8,73.5,75.0,70.6,61.7,74.3,86.1,79.2,93.6,55.7,70.1,62.8,66.9,85.6,61.1,57.3,96.8,85.3,71.0,62.3,95.9,58.8,65.8,78.02
648,Eva Chapman,90.9,64.2,84.6,82.6,81.5,97.4,63.3,89.4,63.3,71.3,58.8,84.4,72.1,77.9,75.4,88.6,99.2,86.5,75.5,81.9,94.3,87.9,97.7,89.7,91.1,70.8,91.8,63.9,56.9,64.3,62.1,99.3,70.3,79.2,78.4,97.6,63.3,62.7,79.3,77.4,63.3,86.2,59.1,86.5,79.7,92.5,97.8,66.8,74.7,79.1,90.8,86.0,71.6,68.3,74.1,66.7,75.2,92.7,96.5,89.2,78.62
649,Cole Chapman,89.6,70.0,99.4,91.3,89.3,75.5,89.8,76.1,75.7,77.6,71.3,91.5,90.4,67.9,74.5,61.0,87.1,96.0,77.5,79.0,81.8,85.1,59.2,78.4,77.2,67.6,87.6,71.2,59.6,65.9,98.8,88.6,76.4,55.3,68.4,85.0,75.1,66.5,70.7,72.6,77.1,93.6,97.9,67.5,76.3,58.3,96.7,74.7,85.0,81.6,57.0,99.8,62.0,87.4,81.6,61.7,87.9,69.3,93.9,85.5,77.46
650,Piper Chapman,33.5,37.5,18.7,36.2,33.7,12.7,30.2,12.8,30.2,25.5,18.3,21.2,11.7,29.6,24.6,30.2,20.2,27.5,20.4,22.6,38.5,37.2,14.0,27.8,28.6,11.3,29.1,17.7,19.5,19.4,27.2,36.4,30.5,33.8,32.8,33.5,28.2,39.3,25.0,28.5,39.8,17.8,23.0,29.0,28.1,43.1,15.5,40.2,11.9,20.3,24.5,17.3,26.3,21.0,21.7,43.1,40.4,22.4,44.7,40.9,27.22
651,Ezra Chapman,21.6,25.2,25.7,15.9,19.2,30.2,23.1,16.8,18.3,20.3,30.8,20.4,42.7,28.1,29.4,14.1,27.8,13.5,14.4,16.0,37.6,15.6,26.5,13.0,18.4,20.7,29.4,31.2,16.2,20.6,20.4,15.8,34.8,25.7,24.9,13.2,31.2,25.3,39.9,33.2,12.5,28.1,17.9,43.4,33.8,32.0,16.5,14.3,11.3,15.2,19.1,29.4,33.6,30.2,29.1,29.6,42.3,12.6,15.8,20.7,23.4
652,Violet Chapman,99.2,91.2,91.6,98.4,96.6,99.6,74.6,79.3,74.8,78.7,76.0,88.8,66.0,76.0,76.4,87.0,98.1,83.2,94.3,92.4,69.8,65.8,63.4,78.4,73.6,63.7,85.4,94.5,58.2,67.4,61.6,55.7,77.0,81.9,75.0,83.0,72.1,87.7,68.3,73.4,63.5,76.6,97.1,94.0,88.0,81.3,92.1,85.2,56.3,68.3,98.4,95.5,67.8,87.3,87.3,62.9,56.1,56.1,60.6,59.7,78.07
653,Felix Chapman,65.0,56.4,66.0,74.4,69.6,56.5,96.7,68.4,89.1,83.0,68.5,86.7,88.3,74.4,77.1,66.8,83.1,98.8,62.0,70.4,97.8,82.7,80.6,84.5,85.5,88.3,70.8,77.1,59.6,67.3,88.2,74.6,86.2,82.0,82.4,93.4,85.8,81.8,62.3,72.2,95.7,91.1,96.6,75.9,83.3,59.2,83.8,95.3,62.2,69.1,85.6,85.6,88.6,71.0,77.2,75.0,94.6,60.5,78.1,77.5,76.22
654,Iris Chapman,58.4,70.4,90.7,67.1,69.5,55.3,84.0,92.7,87.1,83.2,84.5,95.0,92.1,76.0,81.8,89.0,75.9,89.9,82.2,83.3,63.6,86.0,90.7,89.1,85.5,75.9,94.7,93.6,94.8,92.1,96.0,93.7,60.6,81.1,82.0,89.8,84.5,73.1,79.1,80.4,66.1,57.8,87.0,57.2,62.4,60.4,68.5,94.2,90.6,84.1,71.4,97.1,78.7,60.0,69.0,94.9,94.7,55.0,74.2,77.1,79.2
655,Silas Chapman,34.8,22.7,37.1,25.6,28.0,17.8,17.7,31.9,30.3,27.2,38.2,43.1,20.2,34.1,34.0,22.8,33.4,20.3,41.2,34.9,29.2,26.4,31.0,33.7,31.8,28.0,10.7,41.3,31.6,29.6,36.7,42.0,15.6,26.0,28.2,35.3,34.3,21.3,17.4,22.6,31.6,22.3,34.4,41.3,36.6,32.1,35.0,24.9,24.0,26.7,37.7,35.1,12.1,26.9,27.5,21.0,40.3,25.5,32.3,31.0,29.84
656,Josie Chapman,22.7,36.4,42.9,22.8,27.3,17.8,35.0,21.5,28.8,27.2,11.2,17.6,15.3,17.7,16.5,18.3,27.7,16.6,15.3,17.5,35.4,14.7,43.7,39.0,35.9,44.8,16.0,36.3,25.8,28.4,33.0,41.8,38.8,36.4,37.0,30.6,19.7,33.7,22.7,24.8,15.3,35.8,24.0,29.4,27.7,14.8,25.1,23.2,12.3,15.8,34.3,20.2,40.2,10.5,18.9,31.2,30.7,22.7,33.8,31.6,25.72
657,Milo Chapman,86.8,78.3,67.3,76.9,77.1,91.0,94.6,87.2,71.6,79.3,62.7,71.8,69.9,66.0,66.9,91.0,92.8,59.9,63.3,70.5,78.5,86.6,84.8,69.8,75.2,78.4,77.2,94.0,63.9,71.6,87.2,62.6,67.3,73.2,72.9,58.7,82.6,76.6,84.5,79.8,80.6,59.3,71.3,99.1,87.6,82.1,84.1,98.2,86.4,87.1,87.2,86.6,64.0,96.7,89.7,62.9,76.7,91.5,68.1,71.7,77.45
658,Wren Chapman,57.8,61.6,55.5,72.1,66.6,83.2,95.7,70.8,57.7,67.9,58.2,78.3,75.9,67.5,68.8,87.2,86.3,94.5,86.3,87.5,82.2,82.7,61.1,97.6,88.7,68.2,81.9,98.9,70.2,75.3,79.9,93.0,69.8,91.0,87.0,57.2,96.0,91.6,86.2,84.4,79.4,65.3,69.1,69.0,69.9,60.9,66.6,74.0,98.4,85.9,80.0,77.3,99.4,69.2,75.7,67.1,56.8,68.3,57.2,59.9,76.47
659,Theo Chapman,17.4,26.9,19.3,29.8,26.4,26.9,41.4,43.9,22.9,28.7,22.9,32.1,19.3,10.7,16.3,21.1,42.8,27.7,10.8,18.7,24.7,44.2,19.1,11.3,18.5,36.8,15.1,15.2,37.8,31.6,41.8,11.3,29.2,10.3,17.2,44.2,16.5,24.9,16.3,21.2,17.7,25.5,36.5,37.7,33.2,16.4,28.1,39.5,24.0,25.6,40.1,13.6,18.7,35.6,31.0,13.8,28.8,39.4,42.7,36.6,25.42
660,June Chapman,27.6,25.1,31.6,26.2,27.0,25.6,38.4,35.7,38.1,36.2,32.1,39.7,42.4,12.8,22.9,41.9,32.9,17.2,40.9,36.8,29.4,25.5,16.6,42.2,34.9,23.9,35.1,17.4,40.5,34.5,17.9,44.9,28.5,14.7,21.0,40.9,21.5,25.8,16.2,21.5,34.7,32.8,31.9,11.7,20.3,16.6,38.8,21.7,11.4,17.1,13.7,15.4,11.8,35.0,26.5,44.2,36.0,18.2,22.3,26.5,27.1
661,Ava Hudson,79.9,74.8,80.9,92.5,86.9,59.2,67.8,55.9,73.3,68.4,88.6,90.7,99.4,76.1,82.8,58.4,99.8,64.3,64.1,68.1,56.2,56.3,56.4,62.0,59.7,67.0,82.1,62.6,58.2,63.1,80.5,68.5,89.9,56.5,65.8,95.9,65.0,72.3,94.1,87.6,55.1,93.4,59.9,62.0,65.0,76.8,96.8,99.6,83.7,86.6,95.1,70.7,84.1,99.4,93.0,90.4,65.4,92.2,90.2,87.2,76.18
662,Liam Hudson,98.3,69.6,82.8,84.8,84.3,75.5,76.4,75.1,96.5,88.2,61.3,61.4,80.2,58.8,62.3,62.2,65.8,64.3,57.1,59.9,88.8,92.1,62.9,92.0,87.7,72.6,99.6,70.8,85.5,83.7,78.8,56.7,58.9,60.2,62.0,56.6,85.8,56.9,90.6,80.9,82.6,55.9,83.0,82.8,79.2,93.7,71.8,94.1,57.7,69.2,86.6,72.0,77.2,69.1,72.9,84.5,72.5,97.6,71.9,77.1,75.62
663,Noah Hudson,76.8,61.3,60.2,97.8,85.1,71.1,99.3,62.7,58.7,66.3,56.2,81.3,92.2,75.9,76.2,60.6,55.5,85.4,82.5,76.4,72.8,70.1,86.4,70.7,73.0,91.7,58.1,70.7,56.9,63.5,66.0,66.0,96.6,85.4,81.7,61.8,99.1,73.3,96.1,88.9,67.4,60.0,72.7,82.2,76.0,96.2,84.3,82.4,81.8,84.1,88.5,91.9,82.1,86.5,86.9,60.0,97.0,83.2,60.5,68.3,77.2
664,Mia Hudson,35.5,12.6,20.9,35.6,30.6,36.2,27.3,23.9,38.8,34.9,11.9,37.8,12.1,34.5,28.9,25.6,22.9,36.6,30.0,29.3,44.5,22.0,31.4,33.8,33.3,33.5,27.5,15.9,15.1,19.3,27.0,21.2,44.8,37.0,34.6,39.5,38.6,18.7,19.7,24.7,44.2,17.3,28.4,24.5,26.7,37.4,20.9,23.6,16.6,20.9,42.4,36.2,24.2,24.9,28.6,14.2,36.0,19.4,27.9,26.0,28.15
665,Ethan Hudson,66.1,79.1,97.9,94.9,89.4,80.6,88.3,61.9,77.9,77.5,58.6,55.8,79.9,68.1,66.8,64.8,77.8,59.5,74.3,71.5,59.8,79.4,76.0,79.1,76.2,56.3,60.8,71.9,84.9,76.1,69.2,78.7,62.8,60.2,64.2,81.1,85.1,65.2,91.2,85.6,84.4,92.5,99.9,56.0,70.5,72.5,76.4,64.6,77.4,74.9,82.2,75.4,80.6,60.9,68.3,68.3,68.4,66.9,73.8,71.4,74.37
666,Ella Hudson,92.6,75.6,73.1,61.3,69.0,88.0,98.7,55.9,93.1,88.2,92.4,97.5,82.4,93.8,92.6,99.6,86.5,77.8,95.4,92.4,88.6,95.3,85.0,81.8,84.9,59.6,82.0,79.7,69.2,71.0,58.8,79.0,56.3,71.2,68.6,76.6,79.1,69.8,55.1,63.1,65.3,59.4,71.6,90.6,80.5,65.8,79.1,87.7,73.6,75.2,66.6,87.4,72.7,90.4,84.5,62.3,92.9,92.8,76.8,79.1,79.09
667,Lucas Hudson,44.9,21.5,16.2,23.5,25.1,44.0,21.6,10.2,22.6,23.7,20.3,31.8,41.3,16.5,22.4,25.5,27.9,10.3,28.4,25.5,42.5,29.9,12.6,17.4,21.8,27.0,28.9,22.8,27.7,27.1,43.0,43.7,14.4,20.9,26.0,27.5,21.8,22.0,41.7,34.5,21.3,42.4,21.4,14.9,20.3,38.3,13.6,42.9,20.9,25.2,10.4,12.4,15.5,37.9,27.8,29.9,23.7,41.5,35.9,34.2,26.13
668,Grace Hudson,43.9,15.8,23.2,35.7,32.5,23.8,18.3,10.2,32.0,26.2,41.3,23.2,27.5,26.9,28.4,23.4,35.8,42.1,38.7,36.7,34.4,30.5,11.5,42.6,35.7,32.6,19.0,39.1,21.0,24.7,36.5,25.9,44.5,29.8,32.1,26.9,23.1,39.4,19.3,23.5,41.2,44.3,12.7,11.0,19.7,29.6,20.2,38.3,22.6,25.3,13.3,17.8,42.1,18.4,20.8,12.8,30.1,43.4,31.7,30.5,28.01
669,Mason Hudson,83.3,69.2,77.0,73.3,74.6,79.6,97.7,89.9,65.9,75.2,56.7,66.6,84.2,91.6,82.6,94.9,86.8,91.0,75.6,81.7,61.4,71.9,55.9,74.7,70.0,87.3,90.8,97.3,58.3,71.7,97.2,95.8,77.5,99.0,95.5,73.5,73.6,96.9,68.2,73.5,80.5,81.3,61.8,86.3,81.6,80.6,63.9,98.0,59.9,68.3,60.7,82.4,65.8,70.2,70.0,59.9,92.6,78.7,56.8,64.9,75.8
670,Chloe Hudson,35.6,41.9,41.6,28.6,33.0,28.6,28.4,31.6,42.0,37.0,10.7,31.2,42.2,26.4,27.1,26.4,25.0,30.4,42.9,36.6,26.6,44.4,10.7,12.3,18.3,29.2,39.0,38.4,42.4,39.7,32.0,35.6,12.2,35.3,31.8,20.0,25.1,14.1,33.4,27.9,27.7,42.7,41.8,39.4,38.6,41.1,20.8,15.0,43.7,36.5,10.1,38.3,17.4,21.0,21.4,33.8,10.4,41.3,43.9,37.7,32.13
671,Logan Hudson,10.1,13.6,42.2,18.2,19.7,20.3,14.1,11.4,42.6,31.7,28.6,11.9,10.7,20.9,19.4,11.2,14.1,16.3,25.6,20.9,21.7,21.3,29.6,25.8,25.2,38.7,24.3,35.9,23.1,27.0,20.8,26.0,16.4,23.9,22.8,43.8,13.0,28.4,19.9,23.3,44.8,24.2,39.8,20.2,26.6,44.8,30.3,39.6,35.9,36.8,17.8,40.7,25.9,10.1,17.3,25.2,31.0,41.8,13.4,21.1,24.32
672,Zoe Hudson,12.8,18.4,30.2,21.2,20.9,12.9,38.6,11.1,18.7,19.6,10.3,41.1,27.4,27.6,27.1,43.1,29.0,15.5,40.8,36.2,41.2,20.8,13.4,29.9,28.0,22.1,39.5,16.5,37.0,32.6,32.4,41.3,42.1,36.1,37.1,24.4,28.3,28.6,44.0,37.2,12.0,32.4,12.1,18.6,18.7,27.8,39.1,26.8,28.2,29.4,13.6,28.6,37.7,21.6,23.6,43.6,38.6,16.4,33.7,33.4,28.65
673,Henry Hudson,19.1,25.6,12.4,42.7,33.2,29.0,32.4,31.4,14.1,20.8,34.4,39.0,16.5,34.2,32.5,43.0,36.4,11.0,17.9,22.8,36.4,35.9,26.6,17.0,23.4,15.4,12.6,35.4,13.4,16.5,17.6,23.4,19.4,34.2,28.6,41.5,23.6,29.1,40.3,36.7,30.5,42.9,33.0,44.6,40.9,12.7,42.1,12.1,39.9,32.9,39.6,42.1,44.2,16.4,26.6,13.2,41.7,10.5,18.4,19.8,27.89
674,Layla Hudson,28.9,34.5,12.1,27.3,26.4,22.8,10.8,24.7,22.2,21.1,32.1,21.5,31.5,16.2,21.1,26.7,22.6,10.0,39.9,31.8,16.7,12.8,26.4,20.0,19.5,39.6,29.8,38.8,21.3,27.2,20.4,36.6,25.1,29.8,28.8,39.5,13.8,19.1,28.9,27.0,23.5,11.4,19.8,27.2,23.6,40.2,34.8,38.2,36.4,36.9,30.1,19.7,38.8,15.0,20.8,26.0,40.8,35.0,17.6,24.1,25.69
675,Owen Hudson,28.2,39.1,36.2,22.1,27.1,25.9,29.5,13.7,16.1,18.9,39.3,11.8,30.6,27.7,27.5,29.9,10.6,30.1,22.4,22.9,19.4,29.9,43.2,37.1,34.6,40.6,23.4,16.3,16.0,20.3,26.6,18.7,27.9,33.1,29.6,34.2,22.1,41.1,25.6,28.3,24.9,22.1,36.2,40.7,35.5,16.3,29.8,13.6,11.4,14.8,10.6,33.3,36.3,33.8,31.0,27.0,33.3,39.9,17.2,23.7,26.18
676,Nora Hudson,69.4,98.2,63.9,59.8,66.7,84.2,97.2,62.1,79.3,80.0,56.9,69.3,83.2,79.9,75.9,57.8,71.6,66.5,96.7,84.1,85.6,85.8,84.5,63.5,72.2,85.1,97.3,80.3,99.0,94.4,71.2,67.8,98.9,93.8,88.0,55.1,67.6,81.7,72.0,70.5,98.8,66.3,68.3,85.9,82.7,88.2,78.0,79.6,80.6,81.1,66.0,70.8,81.5,94.9,86.0,75.6,57.0,63.5,80.6,74.5,79.67
677,Wyatt Hudson,85.5,71.7,84.4,92.1,87.5,67.1,56.8,62.3,92.9,80.6,77.4,73.6,96.4,85.8,84.5,94.3,58.9,84.5,79.7,79.5,81.9,89.8,74.1,84.8,83.7,75.4,92.3,83.1,81.0,82.0,92.2,70.7,71.8,87.0,83.5,77.8,61.1,80.7,78.4,76.3,56.3,57.6,63.9,87.6,76.3,98.6,94.0,81.8,55.5,69.9,78.8,58.3,58.1,55.1,59.1,77.0,56.4,56.9,91.5,80.3,78.6
678,Hazel Hudson,27.9,25.3,44.6,26.8,29.1,12.6,39.5,41.2,30.3,30.6,33.0,40.8,37.9,37.8,37.6,11.3,10.2,21.7,38.4,28.8,37.8,26.8,17.3,20.1,23.0,30.1,41.6,34.4,34.5,34.8,24.3,14.2,21.5,16.6,18.0,12.0,19.4,21.7,19.9,19.0,10.2,23.4,18.0,40.2,31.0,16.9,12.7,29.3,34.9,28.8,37.1,13.7,43.3,15.2,21.7,23.6,28.2,39.6,28.6,29.3,27.64
679,Julian Hudson,71.0,82.4,98.1,71.0,76.1,78.6,74.9,92.6,72.0,76.0,85.9,98.6,78.7,72.8,78.8,59.2,95.9,63.8,90.8,83.7,86.8,70.8,93.8,91.1,88.2,86.1,81.7,80.8,85.7,84.6,84.6,65.4,57.8,56.6,61.7,98.8,63.7,83.7,88.8,86.1,91.4,85.4,68.5,98.3,91.7,72.1,94.6,95.6,62.2,72.3,66.2,60.6,88.3,61.4,65.5,87.0,95.0,92.2,86.5,88.5,79.43
680,Aria Hudson,28.5,13.0,26.8,23.2,23.0,41.8,14.4,45.0,33.0,33.3,10.6,38.1,17.7,19.7,20.7,15.5,33.2,29.6,10.3,16.6,36.1,21.4,25.7,39.2,34.6,28.1,24.9,41.0,32.7,32.2,44.8,44.9,20.9,15.4,24.0,37.5,13.0,25.0,36.7,32.1,12.4,27.9,36.2,13.8,18.5,34.9,24.9,16.4,31.5,29.1,39.1,27.5,36.4,23.0,27.5,12.6,23.1,37.8,28.1,26.7,26.53
681,Levi Hudson,26.1,33.3,43.9,41.7,38.8,24.6,12.3,40.8,33.6,30.5,40.6,14.1,19.3,40.8,34.3,37.4,39.7,20.6,30.6,31.4,15.6,17.5,33.3,10.5,15.2,33.6,32.8,20.8,15.6,21.0,42.5,17.9,39.5,15.4,22.6,39.8,33.0,26.8,21.0,25.9,12.6,42.3,40.0,40.7,37.1,38.1,35.1,38.2,18.9,26.2,44.2,24.9,18.8,24.5,26.4,15.1,23.0,40.9,30.6,28.9,28.19
682,Ruby Hudson,16.9,18.2,32.8,44.6,35.8,27.9,21.3,42.6,13.0,20.0,33.3,23.5,39.2,28.1,29.7,28.7,33.4,20.9,34.5,31.8,33.9,41.1,36.3,34.5,35.5,40.1,23.8,21.8,12.4,18.9,13.9,12.8,10.5,43.2,30.9,28.2,28.2,38.2,13.6,20.8,27.8,14.6,27.3,24.8,24.2,15.7,14.6,14.7,39.8,29.9,35.2,38.2,36.7,18.0,25.5,16.1,24.6,28.4,30.7,27.6,27.55
683,Isaac Hudson,20.3,43.0,34.0,11.9,20.1,35.9,20.2,27.1,38.2,34.0,19.6,34.7,44.7,43.1,39.1,24.2,12.1,25.8,12.6,15.8,24.3,11.8,27.6,42.9,34.2,43.7,18.7,11.5,15.9,19.4,26.9,15.3,36.7,18.5,21.6,26.8,38.1,38.2,21.2,26.5,29.5,36.4,30.0,33.7,33.0,40.4,10.3,10.7,28.6,25.3,39.5,12.7,21.5,29.2,27.3,36.4,27.8,33.8,41.4,37.9,27.85
684,Luna Hudson,61.1,74.8,63.8,55.4,59.9,81.9,66.3,85.8,93.1,87.1,93.8,63.6,76.6,84.6,82.0,60.6,78.9,75.5,56.5,62.6,90.9,86.5,87.3,90.0,89.3,88.9,66.4,67.6,55.6,63.1,94.1,81.4,70.1,72.6,76.3,82.4,57.3,58.7,82.5,76.0,90.0,90.5,83.5,55.4,68.4,76.5,94.5,93.2,94.6,92.0,66.8,92.6,69.5,83.8,80.8,86.8,68.3,92.9,56.5,67.0,75.38
685,Leo Hudson,14.1,24.2,11.8,29.4,24.3,36.9,28.9,16.5,31.3,29.8,18.4,41.0,13.0,37.5,32.2,36.4,26.0,31.3,23.4,26.5,14.7,22.2,17.3,13.8,15.5,38.4,31.6,27.9,12.6,20.6,35.4,20.2,20.5,27.2,26.5,33.5,16.0,14.4,14.2,17.0,41.7,41.9,18.5,11.9,20.8,14.6,34.0,15.1,13.9,16.8,38.2,32.0,35.2,23.9,28.4,12.3,21.2,17.2,13.6,14.9,22.78
686,Ivy Hudson,10.7,26.7,28.7,29.8,26.7,32.0,27.9,39.6,14.6,22.0,29.0,38.5,18.7,44.4,38.1,11.2,18.1,36.7,30.8,27.3,19.0,42.0,20.4,37.3,33.2,36.5,28.5,29.9,13.3,20.6,19.3,11.4,12.7,42.2,31.1,19.8,35.9,39.0,14.3,21.2,36.9,25.0,19.5,44.8,37.7,39.6,21.9,10.5,43.6,35.8,31.4,11.2,27.9,33.4,29.4,40.3,23.4,26.0,22.0,25.2,29.03
687,Elijah Hudson,36.3,22.3,24.4,41.1,35.7,21.1,38.6,11.5,26.6,25.5,12.7,25.9,44.8,13.5,19.2,13.1,17.0,36.4,29.2,26.4,24.0,20.7,37.5,41.4,35.8,38.7,12.0,14.2,20.9,21.2,28.9,38.0,42.9,43.4,40.7,28.9,38.7,34.5,26.6,29.6,37.9,20.5,18.9,42.0,35.5,37.6,25.8,22.8,20.0,23.5,44.8,11.9,38.3,26.5,28.6,41.9,34.3,35.4,28.2,31.8,29.46
688,Stella Hudson,39.5,15.3,26.3,35.7,32.2,28.1,17.1,15.1,28.9,25.4,26.5,32.7,13.6,11.5,16.6,32.8,40.7,44.3,35.6,37.1,19.9,17.3,36.0,32.8,29.4,11.8,13.4,43.3,21.7,22.2,21.4,37.9,35.2,44.4,39.2,24.8,36.3,38.5,43.4,39.3,18.2,22.2,22.8,24.3,23.0,25.7,34.9,10.1,23.1,23.3,32.4,10.8,15.5,32.4,27.3,27.8,13.4,43.6,12.1,18.6,27.8
689,Caleb Hudson,66.6,85.5,89.4,76.3,78.0,93.5,55.6,82.5,88.0,83.7,58.4,73.9,64.3,94.8,83.1,69.0,73.3,80.7,81.2,78.5,82.3,61.8,55.4,61.4,63.4,74.1,62.0,59.7,59.4,61.7,67.2,92.5,58.0,65.0,68.0,70.7,60.8,83.7,84.1,79.2,61.8,67.3,92.7,82.3,79.0,86.0,72.6,56.1,94.1,85.1,94.6,88.8,79.4,89.6,88.8,63.9,80.4,84.1,65.4,69.7,76.52
690,Willow Hudson,75.8,78.4,57.4,84.6,79.0,92.2,80.5,99.2,90.3,90.4,78.5,85.0,92.7,82.7,83.8,59.8,72.7,61.9,92.2,81.2,69.6,75.4,92.5,66.0,71.3,66.3,63.7,71.9,73.1,70.8,73.3,69.4,90.0,60.1,67.1,76.8,79.7,62.4,59.3,64.8,59.3,67.4,84.4,68.8,69.4,98.1,67.3,63.1,99.0,89.9,84.6,76.8,75.1,55.1,64.6,98.1,70.7,77.8,68.0,73.7,75.5
691,David Hudson,60.6,68.7,67.6,74.5,71.0,90.5,61.4,62.8,74.5,73.3,86.2,99.4,73.5,83.5,84.6,84.2,67.0,59.8,74.2,72.7,74.7,80.6,94.6,93.8,89.6,70.6,96.3,97.9,96.5,93.2,95.5,97.5,60.0,55.1,66.8,68.1,75.6,82.1,71.7,73.1,72.3,80.9,63.6,63.6,67.1,56.2,98.4,63.9,97.6,87.7,91.6,77.8,84.5,86.4,85.7,65.8,64.9,69.9,75.1,71.8,78.05
692,Maya Hudson,98.9,85.7,59.6,92.8,88.2,84.0,72.2,86.8,95.1,89.5,79.6,59.1,86.4,97.9,88.8,77.8,68.2,74.7,71.7,72.4,91.5,77.4,75.8,79.8,80.5,88.3,56.9,65.2,99.1,87.5,65.4,89.1,55.6,73.7,72.2,72.1,74.2,85.2,86.2,82.6,98.9,95.5,62.7,78.4,81.3,88.1,77.9,95.3,95.1,91.9,78.8,98.4,76.2,61.6,70.7,91.3,65.2,94.3,68.0,74.2,81.65
693,Gabriel Hudson,98.4,84.1,82.5,66.9,75.5,76.4,67.9,65.8,84.0,78.4,72.7,87.8,72.1,98.0,89.8,80.7,98.9,86.3,56.4,69.3,98.7,97.1,79.0,85.8,88.1,76.6,63.2,59.7,56.0,60.2,55.0,76.3,86.5,75.5,74.3,74.3,99.2,72.5,84.0,83.2,88.4,64.4,88.7,68.5,73.3,84.2,72.3,65.5,66.6,69.6,88.5,62.7,60.2,77.4,74.6,89.7,64.6,83.5,93.8,88.0,77.02
694,Naomi Hudson,91.5,82.1,80.6,79.2,81.4,89.1,70.0,94.8,83.7,84.1,84.0,67.9,80.3,75.8,76.4,82.6,95.0,55.2,93.0,86.8,67.6,66.5,60.5,68.4,67.0,76.5,69.7,87.3,88.5,84.2,63.3,60.5,56.2,71.7,67.0,60.6,74.6,95.2,64.8,69.6,87.8,79.9,70.2,67.1,72.0,60.0,61.2,84.2,57.9,62.1,60.0,71.2,91.7,93.4,85.8,71.4,55.7,70.0,87.4,78.7,76.26
695,Samuel Hudson,33.9,42.6,44.7,28.8,33.4,40.8,23.9,10.3,24.2,24.5,11.5,27.7,18.4,22.6,21.2,41.6,24.1,27.6,31.4,31.3,25.6,17.9,39.8,34.9,32.0,11.4,25.7,28.9,42.0,34.0,39.9,20.9,43.8,23.1,27.8,25.2,18.3,36.6,12.0,17.9,37.3,10.9,40.9,41.6,36.8,21.0,21.7,21.0,40.0,32.5,18.5,44.7,30.7,42.3,37.9,33.0,27.1,13.0,26.2,25.5,29.57
696,Anna Hudson,39.7,22.3,41.2,18.3,24.7,35.7,22.4,33.8,10.0,18.3,18.8,21.2,10.9,11.3,13.6,38.3,25.1,39.9,15.7,23.2,30.3,22.5,33.1,19.4,23.1,29.2,44.6,41.8,23.2,29.3,28.3,12.6,18.5,25.2,23.0,24.6,27.8,38.5,21.2,24.8,43.2,40.2,30.3,30.7,33.6,42.3,23.1,37.6,41.1,38.4,41.0,15.3,44.1,28.1,30.2,25.5,11.8,15.6,23.9,21.4,25.3
697,Jack Hudson,19.8,15.6,24.2,36.8,30.0,24.6,28.9,33.8,31.2,30.4,24.4,39.4,41.4,43.9,40.4,22.5,27.4,15.3,27.6,25.3,18.2,20.9,40.3,30.6,28.9,30.2,17.5,23.8,11.6,16.5,13.0,10.6,43.2,29.2,26.4,24.7,34.8,27.5,34.1,32.1,17.2,41.6,13.9,41.4,34.5,19.1,26.2,16.9,27.1,24.6,15.5,13.1,34.8,17.8,19.1,33.4,26.0,19.5,31.7,29.5,28.14
698,Elena Hudson,38.4,27.8,20.3,43.8,37.8,44.7,34.4,27.2,33.8,34.5,30.3,37.8,36.8,44.6,40.7,11.2,14.5,12.3,31.6,24.0,30.3,12.7,39.0,22.6,24.5,34.1,40.8,14.9,28.4,29.0,12.4,21.9,20.6,19.2,18.8,18.1,12.7,32.1,14.9,17.3,13.6,19.0,33.7,32.3,28.2,44.8,32.4,22.6,23.7,27.5,23.5,34.0,18.9,34.8,31.1,11.0,24.8,18.1,42.6,32.7,28.84
699,Carter Hudson,88.5,70.0,81.7,95.9,89.6,91.3,61.0,89.4,70.9,74.8,61.9,65.5,75.8,95.9,84.6,93.6,99.4,79.5,66.0,75.9,98.0,66.9,87.8,78.8,81.0,94.6,84.5,91.5,92.2,91.4,71.6,91.1,72.9,96.3,89.2,70.0,91.5,59.8,79.4,77.1,56.4,67.6,85.7,92.4,83.4,97.5,76.9,63.0,72.3,75.0,93.1,96.9,97.9,57.3,72.8,84.5,63.2,86.9,80.7,79.7,81.21
700,Sofia Hudson,79.9,91.8,88.9,79.6,82.5,72.8,97.8,59.2,90.4,84.9,78.3,92.9,61.7,73.8,75.3,77.3,80.9,89.6,98.7,92.3,75.4,91.9,89.6,70.1,76.3,91.8,61.9,59.4,89.9,82.4,63.1,87.3,76.6,89.5,84.0,66.0,61.4,62.0,58.5,60.4,95.5,97.1,59.9,76.7,79.7,56.6,56.4,95.2,77.4,74.2,78.4,66.2,99.9,66.4,72.4,94.7,93.4,88.9,84.7,87.8,79.35
701,Dylan Hudson,25.6,34.3,42.5,36.9,35.8,31.0,11.8,39.2,35.3,32.1,31.4,22.8,10.8,36.7,30.7,44.5,19.0,30.2,13.4,20.5,19.3,16.6,23.3,17.9,18.6,21.7,27.5,39.6,43.9,38.2,10.2,11.3,19.5,44.7,32.3,29.9,25.2,26.1,33.0,30.6,15.4,42.7,24.6,30.1,29.1,44.9,39.1,42.5,34.2,37.4,15.5,10.3,25.0,36.7,28.8,30.7,26.1,28.9,42.8,37.1,30.93
702,Lily Hudson,63.0,78.5,85.9,70.4,72.6,90.4,97.4,64.0,57.7,68.2,70.3,60.8,60.2,59.0,60.9,98.7,74.6,59.9,64.3,69.7,59.3,79.8,96.8,64.5,70.2,89.8,87.7,78.6,88.0,86.9,85.2,56.6,56.1,80.3,74.6,92.9,88.0,55.2,74.2,76.0,65.7,76.4,96.9,87.8,84.5,96.8,85.4,88.4,90.5,90.4,62.5,89.3,94.4,85.8,84.3,83.8,82.2,93.2,71.7,77.6,76.33
703,Adrian Hudson,68.3,68.7,73.3,67.5,68.5,66.9,93.9,58.5,90.3,83.4,91.3,79.5,75.6,56.3,66.6,74.2,79.9,57.6,82.4,77.7,88.2,96.4,83.1,62.9,73.4,98.3,64.4,68.2,67.5,71.3,61.3,65.2,62.4,74.6,69.9,99.6,90.1,83.9,83.6,86.6,98.9,84.8,95.8,95.7,94.7,88.0,84.5,60.7,71.2,73.8,73.4,99.6,99.6,96.4,94.2,99.1,90.2,81.1,72.4,79.5,78.3
704,Hannah Hudson,20.3,29.5,21.1,42.7,35.1,38.5,33.5,23.8,17.9,23.5,43.8,14.9,29.4,34.6,32.5,11.1,43.6,42.6,27.0,29.2,28.5,34.5,34.7,18.7,24.2,29.2,15.6,22.7,14.5,17.7,42.7,20.1,36.1,19.8,25.1,16.0,34.8,27.2,29.5,28.1,24.3,42.6,30.2,13.5,21.0,15.3,25.7,26.7,24.2,23.5,13.4,29.4,27.7,42.1,34.7,40.0,30.7,40.7,36.9,37.0,27.63
705,Nathan Hudson,90.2,79.4,74.1,80.7,80.9,62.8,76.7,57.0,86.0,77.8,95.2,81.3,85.5,83.0,84.7,94.2,85.7,73.3,88.2,86.7,86.1,89.1,87.9,61.0,71.7,57.3,74.0,75.6,72.4,71.0,87.5,93.4,77.1,75.4,79.6,85.6,80.1,97.7,56.0,68.7,84.0,65.7,63.6,56.9,62.6,72.6,96.1,69.4,62.9,69.5,72.1,86.1,87.9,85.2,83.9,91.1,96.5,81.2,96.7,93.9,77.58
706,Claire Hudson,93.8,74.9,72.6,97.7,90.8,97.8,72.4,68.4,93.1,87.7,67.7,97.3,55.6,57.8,64.1,73.2,63.9,58.6,80.4,74.3,89.0,72.3,75.5,77.8,78.3,68.4,89.9,82.0,82.7,81.7,99.7,57.6,59.5,79.3,76.5,72.8,83.2,57.8,60.5,64.8,88.4,55.0,67.3,55.2,61.2,64.6,76.7,86.5,83.1,80.2,98.2,88.5,98.0,87.8,90.6,58.5,79.1,86.0,87.7,82.4,77.72
707,Miles Hudson,80.5,92.2,72.0,58.3,67.6,85.9,79.0,90.6,84.3,84.6,55.2,84.9,87.1,60.1,66.4,88.9,79.0,68.4,56.1,65.2,68.8,57.5,86.4,67.1,68.6,76.0,90.0,66.8,95.7,88.5,95.5,76.7,56.0,87.1,82.7,76.8,77.8,93.8,92.1,88.4,97.6,75.3,63.8,89.7,85.4,94.4,82.0,65.7,97.1,90.5,73.0,62.7,82.5,97.1,87.4,91.5,65.8,55.8,97.6,87.0,80.19
708,Eva Hudson,19.8,38.6,39.5,20.6,25.4,27.8,39.6,33.8,43.0,39.3,37.2,44.0,18.7,30.0,31.3,24.9,40.9,41.6,36.9,36.5,14.5,35.3,15.6,26.1,24.4,26.6,21.2,37.7,44.4,38.0,15.8,26.6,26.3,24.4,23.8,21.0,21.4,27.1,25.9,24.8,24.0,44.1,24.9,26.7,28.4,11.7,21.3,31.7,40.7,33.0,24.1,42.5,22.0,22.8,25.5,37.7,38.0,32.7,39.2,38.0,30.7
709,Cole Hudson,18.6,24.8,23.7,10.9,15.5,12.7,23.2,10.2,21.7,19.2,10.4,39.2,37.1,15.0,20.6,36.9,37.5,44.4,13.5,23.9,44.9,19.1,21.3,13.3,19.4,32.2,23.9,34.1,42.9,37.8,35.0,29.1,41.9,21.5,27.0,26.7,22.5,27.3,20.1,22.3,13.9,14.1,17.6,31.3,24.9,28.6,27.9,40.1,19.8,24.8,44.5,29.1,18.6,30.0,30.3,16.5,39.0,25.9,28.7,28.1,24.48
710,Piper Hudson,63.0,80.7,65.0,90.4,82.1,81.4,68.7,82.7,86.5,82.9,68.1,74.7,60.3,69.3,68.7,67.6,61.0,93.7,72.4,73.1,80.0,60.9,62.6,85.5,78.4,56.5,60.4,84.8,63.3,64.9,70.1,93.3,79.8,59.4,68.1,60.5,65.8,72.6,71.6,69.5,94.0,69.3,90.5,96.7,91.9,57.4,56.3,68.8,94.2,80.9,86.7,70.5,80.4,92.6,87.2,68.2,79.1,70.7,85.7,80.5,77.35
711,Ezra Hudson,57.7,62.8,69.8,65.5,64.7,86.8,64.4,96.4,87.2,85.3,69.2,90.7,74.6,96.4,89.1,70.8,80.9,83.7,73.3,75.4,94.3,66.0,90.4,74.3,78.0,55.2,70.2,63.0,95.7,82.5,55.4,75.2,83.5,67.1,68.8,92.2,99.2,79.9,85.5,87.5,74.8,89.8,56.2,55.8,62.9,83.8,77.9,85.6,79.4,80.6,70.7,76.6,75.0,58.8,64.9,91.4,57.1,73.3,71.2,72.3,76.0
712,Violet Hudson,43.5,27.6,42.4,23.7,29.4,35.0,18.2,32.8,41.7,36.5,36.3,24.5,27.5,25.4,27.0,38.5,27.0,28.7,30.2,30.7,17.7,29.2,30.8,39.5,34.1,26.5,13.9,29.7,11.6,16.3,31.7,17.8,29.9,41.8,35.7,28.6,17.0,24.3,13.4,17.4,34.7,19.4,29.6,26.4,27.0,21.1,10.6,27.9,15.9,17.5,23.7,13.9,41.1,21.3,23.3,28.4,22.1,18.3,42.3,34.6,27.46
713,Felix Hudson,59.3,63.6,60.7,91.5,79.4,75.2,93.1,81.9,76.5,79.3,61.1,72.0,76.7,77.1,74.2,62.9,69.8,69.7,66.3,66.8,63.8,70.0,66.6,67.3,67.1,68.2,57.4,87.8,67.2,68.8,61.2,73.3,77.5,78.6,75.4,57.4,59.3,87.7,76.4,73.1,77.3,78.1,80.1,74.2,75.9,95.5,84.7,80.7,82.9,84.5,67.1,66.1,98.4,94.1,87.3,64.3,86.7,72.1,81.4,78.6,75.87
714,Iris Hudson,40.1,43.8,39.3,38.4,39.5,28.8,34.3,14.2,34.2,30.8,28.9,43.5,42.3,24.5,30.0,26.5,23.7,32.5,25.0,26.0,20.7,38.8,21.9,43.3,36.8,10.2,43.2,12.3,42.6,34.3,12.4,36.9,21.1,18.5,20.5,27.8,10.3,40.2,14.6,19.2,15.7,25.4,15.0,25.3,22.7,23.5,28.5,19.9,42.9,35.3,29.6,20.2,10.3,18.4,19.1,23.7,11.7,36.4,42.2,34.9,29.09
715,Silas Hudson,99.0,85.6,58.6,63.6,70.6,73.5,91.2,98.6,59.4,70.7,75.0,80.8,73.1,91.0,85.1,96.3,68.7,72.5,55.3,64.8,69.2,93.3,81.3,57.6,67.1,81.3,73.7,81.3,86.8,83.6,67.4,72.3,68.5,70.2,69.9,70.9,81.5,98.1,77.5,79.9,56.1,80.9,68.7,97.0,85.6,55.5,92.3,88.7,73.0,75.3,64.0,77.7,83.3,66.6,70.0,86.7,62.1,64.4,91.9,83.6,75.52
716,Josie Hudson,96.6,60.3,98.6,75.8,79.5,62.7,85.8,69.5,86.9,81.2,85.2,97.4,67.0,62.2,70.6,88.9,72.6,70.9,78.7,78.2,91.5,86.6,57.0,71.1,74.0,87.2,69.1,93.8,69.0,74.7,71.3,55.6,78.2,56.3,61.1,76.2,64.3,88.6,83.2,80.5,85.8,69.6,81.7,58.3,66.6,74.7,90.2,78.3,59.7,68.2,98.5,60.0,86.7,97.3,91.1,91.8,88.7,87.5,66.9,75.9,75.13
717,Milo Hudson,61.9,57.2,74.1,67.9,66.5,77.8,98.1,91.2,97.8,94.3,87.7,90.9,86.4,75.3,80.5,60.6,71.2,94.3,86.6,82.1,64.6,77.9,75.7,99.4,88.7,74.0,69.2,95.7,99.6,91.6,60.3,56.8,77.7,95.4,83.2,73.0,60.6,97.9,57.1,65.1,63.6,75.9,78.6,63.3,67.1,80.8,90.4,72.2,88.9,85.8,67.7,91.2,62.7,81.0,78.1,84.9,68.4,61.4,62.5,66.1,79.09
718,Wren Hudson,88.9,82.6,79.1,58.5,68.5,97.0,71.3,77.5,77.6,79.3,65.6,83.9,56.1,78.5,74.5,96.9,66.5,89.7,63.7,72.0,89.2,86.2,84.3,65.6,74.0,82.1,55.9,87.9,58.5,65.2,87.9,86.9,74.3,74.8,78.1,89.9,59.7,96.1,82.2,82.1,84.3,94.2,85.7,90.0,89.2,71.9,84.8,90.7,67.9,73.7,64.4,81.5,99.8,82.6,82.3,58.7,70.7,64.9,77.3,72.3,75.93
719,Theo Hudson,25.4,43.2,21.1,29.3,29.5,20.9,35.8,38.0,43.9,39.0,23.7,30.4,22.9,19.0,21.7,12.2,29.3,18.7,31.2,26.7,31.8,44.5,10.2,41.0,36.1,22.5,19.2,11.7,26.9,23.3,30.2,34.7,17.5,34.1,31.4,36.0,20.0,17.0,44.3,36.3,29.9,20.9,36.6,34.6,32.4,25.5,29.7,40.7,34.3,33.4,22.0,31.2,19.9,42.7,35.4,27.8,38.1,28.4,37.8,35.3,31.71
720,June Hudson,35.5,43.2,35.7,29.7,33.1,25.7,23.8,10.8,37.7,30.7,30.1,43.3,13.6,42.2,36.9,26.5,33.8,24.2,18.7,22.5,15.7,20.0,37.5,15.6,19.1,25.4,28.9,24.1,32.1,29.7,40.2,19.7,41.3,25.1,28.6,40.4,23.2,17.9,31.2,29.6,24.0,37.1,13.3,26.2,25.6,23.2,44.4,41.4,32.9,34.3,38.1,29.7,34.7,35.9,35.2,24.2,38.3,21.3,13.2,19.1,28.7
721,Ava Wells,93.9,76.7,73.1,76.4,78.3,64.7,84.1,90.9,64.5,70.7,91.0,68.2,96.5,80.7,82.5,87.1,78.9,79.5,94.4,89.4,99.1,77.9,99.3,55.7,70.3,96.3,74.8,55.8,87.7,82.9,80.6,64.7,86.3,87.5,83.4,77.1,98.5,82.7,98.6,93.6,80.0,92.3,68.2,80.0,80.1,82.4,61.9,87.3,77.9,77.6,96.4,84.7,66.8,89.2,86.6,56.1,79.8,98.5,64.7,70.1,80.46
722,Liam Wells,70.6,74.9,75.0,76.8,75.5,76.6,88.7,80.8,92.9,88.6,99.0,98.8,99.5,68.0,80.4,92.0,55.4,64.0,73.8,72.5,80.9,80.6,99.5,61.4,71.6,67.5,61.9,56.8,62.4,62.3,81.4,88.3,62.1,87.3,83.3,56.8,97.6,71.8,64.2,68.7,84.3,82.1,62.0,72.6,74.0,70.8,72.1,98.7,75.5,77.5,91.5,90.7,89.1,70.2,78.3,57.8,99.9,82.0,98.8,91.2,76.99
723,Noah Wells,59.5,55.9,96.6,64.4,66.9,62.2,88.2,96.1,64.1,71.3,99.9,55.3,78.8,84.7,82.0,56.3,97.2,81.9,91.3,86.2,71.6,94.3,98.9,77.3,81.7,90.7,89.7,65.4,68.8,74.1,70.9,64.0,76.1,69.0,69.5,73.6,57.4,59.1,76.9,71.5,60.4,83.3,76.6,60.1,65.4,72.4,99.8,65.1,96.4,89.5,60.9,91.8,73.7,78.7,77.4,72.1,59.6,78.6,72.7,71.7,75.6
724,Mia Wells,17.3,27.6,41.4,44.0,37.9,25.6,14.0,24.7,29.1,26.0,27.0,10.2,20.0,24.1,22.1,18.3,21.4,11.7,26.2,22.6,24.7,40.2,13.5,11.4,17.3,23.0,28.3,40.5,13.6,20.4,36.5,30.4,26.3,20.4,24.7,44.6,18.3,40.5,10.8,20.3,15.2,25.0,29.1,36.7,31.3,32.5,16.1,22.7,22.9,23.2,16.9,21.0,15.0,30.8,25.5,30.4,27.8,28.3,27.3,27.9,24.93
725,Ethan Wells,11.0,11.7,33.9,19.6,19.3,34.1,38.5,20.1,23.9,26.7,34.8,16.1,17.6,40.2,33.3,23.8,42.1,31.8,24.5,27.7,22.8,15.9,34.2,27.9,26.5,16.2,22.7,12.6,36.1,28.5,22.0,35.2,15.9,20.7,22.2,33.6,38.0,16.4,36.4,33.6,11.9,18.0,30.2,26.6,24.0,41.2,14.2,11.8,24.9,23.9,33.4,39.5,28.1,41.7,38.5,15.0,24.6,39.8,36.0,32.2,28.03
726,Ella Wells,75.5,85.4,57.2,64.5,67.8,94.0,63.3,63.9,63.1,67.4,91.4,60.3,62.3,91.8,83.6,60.8,91.6,65.0,90.6,83.3,59.0,59.6,93.1,68.6,69.4,73.0,84.5,67.9,89.0,83.5,99.5,92.0,55.5,60.6,69.3,60.1,76.5,84.8,71.3,72.3,83.9,64.8,59.5,95.9,85.3,64.1,69.3,76.2,76.1,73.6,93.4,62.9,72.0,96.3,88.2,81.2,97.1,60.6,88.8,85.1,77.4
727,Lucas Wells,93.7,95.9,72.2,76.5,80.8,96.1,61.6,56.3,55.7,62.0,78.5,94.0,79.6,65.4,72.9,88.7,60.9,63.1,89.0,81.8,59.2,57.5,65.8,94.2,80.9,71.1,65.4,71.3,93.3,83.7,67.5,90.5,74.8,73.5,75.1,100.0,95.5,98.0,68.5,80.2,93.3,95.6,57.2,86.9,85.0,72.6,73.0,80.5,82.5,79.6,59.4,83.4,65.6,83.4,77.8,90.1,71.4,73.7,57.8,66.0,77.15
728,Grace Wells,91.1,96.6,85.6,56.2,70.2,64.5,96.5,77.9,79.1,79.3,75.6,63.4,91.4,68.7,71.9,68.7,66.0,71.8,86.3,79.3,84.8,94.1,100.0,62.2,74.5,79.4,92.5,66.3,63.5,69.9,55.5,56.4,86.0,83.4,76.4,78.9,73.8,65.4,77.1,75.3,70.6,72.9,89.8,83.4,81.1,85.3,93.2,97.5,83.1,86.7,93.8,74.7,82.1,91.2,88.1,82.1,72.0,56.2,73.4,72.1,77.07
729,Mason Wells,11.3,24.3,26.0,21.7,21.2,39.7,23.6,24.7,15.0,20.7,14.2,23.2,31.4,15.5,18.5,44.0,41.5,28.8,34.1,35.7,31.6,27.2,41.8,16.5,23.3,44.9,38.6,32.1,35.3,36.6,38.4,11.6,18.8,41.1,33.8,32.2,18.3,27.1,42.2,35.7,24.4,24.6,33.4,27.8,27.7,36.7,34.7,18.2,39.3,35.5,43.9,12.8,26.0,26.1,26.7,16.1,27.6,11.3,20.8,19.8,27.93
730,Chloe Wells,15.4,12.4,44.0,39.9,33.5,16.7,34.6,17.2,40.0,33.1,29.3,28.3,25.7,10.9,17.6,19.8,25.9,24.8,24.3,24.0,21.8,45.0,19.8,19.2,23.1,21.9,35.3,26.7,44.6,37.9,25.3,12.5,14.0,18.6,18.1,28.0,44.6,41.5,27.7,31.8,22.7,10.1,12.3,29.1,23.5,24.7,23.2,29.6,11.8,17.4,26.4,36.9,11.7,44.3,36.6,41.1,43.1,11.6,23.8,27.1,26.97
731,Logan Wells,79.3,84.3,60.9,82.5,79.4,74.4,77.8,57.5,66.6,67.9,60.0,70.1,70.8,92.6,82.3,96.9,82.4,60.3,95.6,89.3,70.6,63.5,96.9,80.8,79.3,95.9,82.2,69.1,99.6,92.7,80.2,67.9,68.9,86.5,80.8,94.0,92.7,83.5,85.4,87.3,89.1,93.0,96.7,84.6,87.9,86.1,74.2,74.1,91.5,86.2,78.6,65.3,98.7,75.1,77.4,94.9,72.8,93.9,84.7,85.7,83.02
732,Zoe Wells,58.9,68.8,57.7,56.7,58.7,83.6,88.6,61.1,97.4,89.5,59.9,68.8,86.1,96.7,86.7,80.8,72.7,83.2,57.0,65.8,95.3,63.6,71.5,72.9,74.5,89.8,69.9,85.5,95.3,89.9,65.2,75.1,55.9,64.0,64.6,71.8,88.1,59.4,59.0,64.6,76.7,99.1,61.7,80.5,80.0,77.8,73.9,83.8,87.7,84.0,66.0,89.6,90.6,61.9,70.0,67.0,76.9,82.4,96.2,87.9,76.35
733,Henry Wells,55.3,69.2,64.4,62.4,62.6,70.4,58.3,60.8,87.4,77.7,81.8,80.3,79.6,58.9,67.6,97.6,80.8,87.3,79.7,83.2,80.8,61.1,93.8,93.7,87.6,66.1,92.4,81.7,85.4,83.3,66.9,70.7,68.8,63.7,65.7,72.9,77.4,64.4,92.0,83.8,82.1,67.5,67.4,66.3,68.7,55.3,73.8,75.3,83.7,77.5,63.8,71.1,85.5,57.8,64.1,58.3,64.3,75.2,76.8,72.5,74.52
734,Layla Wells,62.4,94.2,99.3,83.7,84.3,95.8,66.3,70.5,86.8,83.1,83.7,97.7,57.6,81.8,80.9,74.5,62.1,80.9,76.8,75.1,64.2,84.5,60.8,87.0,80.1,89.3,60.2,93.0,89.0,85.7,91.5,97.0,87.9,65.1,75.9,90.3,65.4,67.6,82.9,79.5,74.4,57.2,90.8,75.9,75.2,55.2,89.3,60.8,86.0,79.0,59.1,82.0,57.7,91.4,81.3,88.8,57.1,92.6,92.9,87.5,80.63
735,Owen Wells,96.1,63.1,69.1,62.2,67.8,68.7,86.4,91.1,69.2,74.3,67.7,65.7,72.3,97.6,86.0,67.0,60.0,96.5,68.4,70.8,91.9,88.5,73.1,76.8,79.9,71.6,61.4,98.6,84.4,81.5,58.7,57.2,76.1,64.9,64.5,63.3,95.2,95.9,92.8,89.6,84.4,69.7,97.6,92.7,89.2,58.9,73.3,95.3,75.6,75.7,64.3,58.1,58.4,82.7,73.7,95.3,70.1,95.8,78.3,81.8,77.9
736,Nora Wells,63.2,78.1,74.4,83.6,78.9,98.4,62.5,83.2,86.5,84.4,73.1,59.9,75.9,61.0,64.5,72.7,98.9,92.7,69.3,76.8,80.6,77.9,86.8,89.5,86.4,93.2,88.3,63.6,56.1,66.3,87.7,100.0,80.9,60.3,72.0,83.2,56.9,77.9,82.9,78.8,95.4,72.2,74.7,65.0,71.3,96.3,86.7,89.5,71.5,79.2,59.0,83.3,83.3,78.6,77.2,99.9,76.2,63.8,63.4,70.0,75.48
737,Wyatt Wells,99.8,93.8,80.2,79.8,84.4,59.2,74.7,83.6,72.9,72.7,68.4,56.7,59.5,75.5,69.9,94.1,68.7,85.0,68.7,74.3,81.1,90.0,58.9,75.5,76.0,58.3,79.1,86.3,58.2,64.7,79.0,78.2,97.0,72.4,77.3,56.6,78.7,88.4,99.1,89.3,68.9,59.2,86.0,62.0,65.7,91.4,79.8,65.5,69.3,73.1,64.4,96.8,68.2,81.7,79.6,65.5,71.1,65.4,75.1,72.0,74.92
738,Hazel Wells,30.3,32.5,24.8,10.2,17.8,30.8,10.5,35.9,39.3,33.9,19.8,26.0,26.1,36.2,31.3,38.0,43.8,28.3,22.0,27.9,41.3,24.8,11.9,38.6,33.6,26.1,15.1,41.7,23.2,25.0,44.3,42.7,39.6,22.4,30.3,36.3,24.6,26.9,14.1,20.2,21.4,30.5,25.0,14.5,19.0,26.4,13.9,40.5,10.2,16.9,15.7,43.2,16.0,15.9,19.5,10.8,34.3,36.9,32.0,30.1,25.46
739,Julian Wells,63.7,73.4,77.3,73.1,72.4,63.6,57.0,92.3,86.2,80.1,56.2,96.2,90.9,64.5,71.1,87.6,85.3,93.5,62.7,73.1,73.8,87.0,72.0,70.2,73.2,89.2,93.1,61.6,86.3,84.3,71.9,89.7,55.7,85.4,80.2,69.9,79.3,68.6,62.9,66.8,98.4,93.5,59.8,59.3,69.1,86.3,96.4,76.1,80.1,82.6,55.8,80.6,89.2,71.1,72.7,91.0,89.4,76.0,93.8,90.5,76.34
740,Aria Wells,17.2,13.6,33.2,15.1,17.6,21.6,39.6,17.5,42.6,36.1,32.3,37.8,17.7,26.3,27.5,31.2,12.5,23.2,31.3,27.7,26.1,15.1,37.6,20.2,22.6,30.1,15.8,44.5,37.2,34.4,39.4,25.5,21.3,24.1,26.0,17.3,17.0,12.3,34.2,26.7,16.6,10.2,41.8,18.6,20.3,11.5,26.9,20.8,33.6,28.1,14.8,11.4,39.2,11.1,15.4,10.3,42.0,20.8,43.9,36.1,26.54
741,Levi Wells,38.4,30.1,28.2,39.5,36.6,28.6,11.9,40.0,14.1,19.2,23.7,19.8,11.5,33.6,27.5,35.3,22.0,21.1,26.1,26.1,22.0,36.9,34.4,33.3,32.4,28.6,36.5,18.1,15.7,20.5,25.3,24.6,15.9,25.7,24.2,34.5,39.3,10.1,15.7,20.6,13.0,27.9,35.2,42.8,35.8,17.2,14.6,10.6,41.1,30.3,36.1,43.5,42.2,11.3,23.0,24.0,38.5,17.4,34.7,31.5,27.31
742,Ruby Wells,24.0,20.2,14.2,31.1,26.4,29.5,36.1,37.1,36.1,35.4,39.6,30.5,37.7,11.4,21.2,11.2,41.6,41.6,15.2,21.7,16.5,41.6,12.0,18.9,20.7,15.4,14.3,10.4,42.4,30.8,30.3,24.6,16.5,20.3,21.7,39.7,27.0,13.6,21.3,23.5,20.1,24.1,19.6,16.3,18.3,14.5,33.7,38.2,18.6,22.7,32.8,38.0,16.1,27.6,28.1,39.7,10.5,15.9,25.1,23.9,24.53
743,Isaac Wells,87.4,80.3,70.2,62.2,69.0,81.3,56.0,74.6,95.9,85.8,75.9,57.6,83.5,69.6,70.7,94.7,92.7,81.5,94.9,92.8,57.0,95.6,81.2,87.8,83.9,77.7,77.5,85.4,76.6,78.0,82.2,91.3,64.7,92.4,87.2,89.9,58.9,88.0,77.6,78.1,83.9,81.5,59.2,62.1,67.2,77.8,59.0,66.8,75.0,72.1,84.9,77.6,56.3,88.9,82.5,97.5,87.1,68.0,80.5,82.0,79.11
744,Luna Wells,65.6,72.4,98.0,58.3,66.4,61.8,97.2,88.1,90.3,87.1,56.8,60.6,62.3,94.6,80.7,55.9,60.6,63.9,94.1,80.5,88.4,93.7,60.2,91.2,87.0,83.7,99.6,83.2,71.7,78.6,72.0,83.1,80.2,79.1,78.8,70.2,60.3,61.4,64.4,64.2,77.2,59.8,81.6,87.7,81.8,71.4,68.2,75.4,76.2,74.4,65.8,76.9,70.7,63.2,66.4,84.0,55.8,56.9,95.5,83.5,77.45
745,Leo Wells,76.7,84.0,67.3,63.4,68.4,89.4,97.3,59.5,89.0,86.2,96.2,88.7,73.6,67.0,74.7,96.6,85.8,81.3,82.5,84.7,95.6,71.2,70.6,77.7,78.3,77.6,59.0,74.2,72.3,71.5,60.5,91.0,97.7,57.4,67.7,82.2,84.3,84.2,84.5,84.1,58.2,93.6,94.0,66.9,72.9,85.5,95.2,55.9,82.7,81.2,89.4,93.9,69.3,98.5,92.8,79.2,79.5,78.1,74.2,76.1,78.22
746,Ivy Wells,71.4,64.0,64.7,90.0,80.7,99.9,82.2,74.8,59.1,69.7,90.5,67.1,82.6,84.0,82.4,78.9,88.7,86.7,60.6,70.3,58.6,88.6,78.1,69.7,71.9,99.1,80.6,76.8,78.4,81.2,90.5,74.0,67.2,79.7,78.7,73.0,92.1,78.2,62.2,69.8,77.0,65.5,84.3,87.7,82.9,98.9,62.1,55.5,75.2,74.0,96.3,80.4,71.6,91.3,87.9,70.2,67.7,56.0,91.0,80.5,77.5
747,Elijah Wells,41.3,29.3,33.1,11.2,20.5,12.8,36.2,22.5,27.6,26.1,18.5,36.3,20.9,35.2,31.2,36.4,18.7,12.2,20.0,21.0,39.6,23.5,42.1,21.1,26.7,27.1,13.8,12.1,19.0,18.5,16.3,26.5,16.6,26.3,23.7,13.3,10.8,38.6,35.0,29.4,10.1,17.1,34.1,13.6,16.3,20.1,15.6,22.8,26.1,23.5,29.6,44.8,19.6,33.7,32.8,42.4,25.3,33.7,18.0,24.3,24.5
748,Stella Wells,86.3,65.7,65.1,94.5,85.6,97.2,83.1,80.1,60.2,70.8,69.5,62.7,77.9,99.6,87.8,75.8,60.0,58.9,57.6,60.5,98.2,71.8,76.1,76.4,78.7,85.0,74.4,58.3,88.7,82.2,64.1,65.7,68.7,96.1,84.1,95.3,90.4,78.2,93.4,91.2,96.4,84.2,55.6,96.8,89.6,82.9,59.3,80.0,61.0,66.2,84.2,78.7,91.0,99.7,93.7,63.1,71.2,83.3,80.4,77.3,80.64
749,Caleb Wells,57.8,94.2,84.2,70.0,73.5,55.9,59.4,97.6,89.1,81.8,100.0,66.4,77.7,60.3,68.7,77.3,61.9,78.8,73.3,73.0,74.9,87.5,65.4,87.0,82.6,59.7,75.2,89.0,84.4,80.5,97.4,64.8,74.0,79.6,79.3,78.1,82.2,88.6,56.1,66.8,79.4,86.7,57.1,62.2,67.1,69.6,65.9,88.9,94.0,86.3,68.4,61.9,70.5,74.5,71.5,64.6,83.7,73.1,72.1,72.8,75.33
750,Willow Wells,10.1,26.3,18.6,34.5,28.0,30.0,39.5,40.7,21.5,27.6,44.2,12.0,43.7,43.8,39.6,18.2,20.7,14.3,14.1,15.6,42.0,15.6,29.6,14.6,20.4,10.1,33.0,35.2,16.8,20.5,27.7,35.0,39.6,15.5,22.9,29.6,22.4,27.3,16.5,20.5,43.5,40.7,22.5,30.3,32.4,27.6,19.6,34.2,15.4,20.1,24.0,41.5,40.2,30.7,32.5,20.9,37.0,41.5,29.5,31.0,25.93
751,David Wells,26.8,17.1,44.2,35.0,32.7,12.7,10.7,39.8,34.8,29.3,41.5,41.8,11.6,12.6,20.2,41.0,44.3,34.5,39.5,39.7,38.4,32.0,34.0,37.1,36.2,33.3,43.3,36.6,32.8,34.8,26.4,40.1,25.4,32.0,31.5,38.6,15.3,18.8,34.6,30.5,18.4,27.7,33.2,11.9,17.7,15.3,24.9,42.2,13.6,19.1,20.2,41.7,43.0,26.4,29.8,37.1,36.9,23.3,25.1,28.0,29.12
752,Maya Wells,68.6,57.4,67.7,99.3,85.4,55.4,61.2,65.0,94.0,80.6,83.2,83.8,74.2,83.2,82.1,58.6,78.5,85.3,84.5,80.4,73.6,78.2,97.1,88.0,86.0,64.2,61.0,85.2,82.9,77.8,79.4,74.4,70.9,91.9,85.1,59.9,60.7,59.6,68.2,64.9,83.8,76.5,56.8,78.0,75.7,92.9,58.1,85.9,76.7,77.6,92.4,78.9,91.3,74.3,79.6,59.5,60.9,55.1,96.4,81.2,79.7
753,Gabriel Wells,78.6,96.3,83.3,75.5,79.7,67.8,73.0,88.6,57.4,65.0,95.0,57.6,83.3,62.0,68.7,55.7,88.0,84.9,57.2,64.8,84.6,74.0,55.4,96.5,86.4,58.4,69.7,71.9,57.3,61.0,96.8,57.0,62.2,81.5,77.7,89.0,80.5,98.2,95.3,92.9,63.3,60.9,78.4,57.1,61.3,59.1,92.0,97.8,58.7,68.4,81.3,79.0,77.3,67.1,71.9,68.3,96.0,59.0,69.5,71.5,72.44
754,Naomi Wells,78.2,89.1,65.7,87.4,83.5,85.7,65.1,90.0,89.5,85.8,60.6,87.2,69.8,60.3,65.2,80.3,55.9,85.9,60.1,65.7,81.7,98.2,62.1,68.2,73.2,64.0,96.2,64.7,62.2,67.3,75.7,79.0,93.7,76.3,78.9,58.7,77.6,78.0,90.3,82.8,92.2,63.8,89.4,90.3,86.9,64.3,60.6,88.5,79.4,76.1,86.5,82.9,77.8,85.3,84.1,76.1,87.4,70.5,96.0,88.8,78.19
755,Samuel Wells,18.4,42.5,31.1,32.9,32.0,20.5,12.6,37.9,16.4,19.3,30.9,10.9,37.4,17.1,20.8,31.0,27.9,16.9,37.4,32.5,37.8,23.1,19.1,13.5,18.8,14.5,10.7,33.4,40.9,32.4,18.0,40.9,20.9,43.6,36.8,34.5,12.4,11.8,26.9,24.0,39.4,38.6,20.6,34.3,33.7,12.2,26.2,13.9,40.7,31.4,31.7,23.6,28.0,30.2,29.2,21.1,44.0,31.8,23.2,26.8,28.14
756,Anna Wells,38.1,35.4,23.8,44.4,39.6,17.3,29.5,27.9,23.4,24.0,41.6,43.9,17.3,25.1,28.8,22.2,13.6,17.0,27.6,23.6,30.4,24.3,20.6,32.8,29.7,36.3,10.5,21.1,29.6,26.8,33.4,19.8,27.5,22.1,24.0,24.3,24.8,23.2,34.6,30.4,25.3,29.6,15.1,30.8,27.8,10.9,40.6,12.8,40.7,33.0,33.7,34.9,11.2,29.5,28.3,12.7,39.2,40.1,16.4,22.1,28.18
757,Jack Wells,27.0,21.1,41.6,35.0,33.0,35.3,12.9,14.8,10.9,14.9,24.7,12.9,21.3,28.5,25.0,18.6,17.2,36.9,31.1,28.4,28.0,21.8,30.6,42.8,36.4,42.1,23.0,25.0,38.4,35.1,10.4,19.4,10.9,34.9,26.4,32.2,30.2,11.0,43.3,35.8,36.4,14.9,16.7,15.6,18.4,17.5,23.3,38.8,11.9,17.8,24.5,19.4,34.6,18.2,21.4,24.0,17.1,15.2,30.6,25.9,26.54
758,Elena Wells,97.8,70.9,85.0,69.8,75.7,98.7,96.1,60.4,73.6,78.2,92.1,57.7,56.7,94.3,84.1,84.7,86.3,70.7,59.9,68.2,78.0,59.7,68.8,78.5,74.6,95.4,85.9,56.1,85.7,83.1,73.0,78.3,75.0,76.1,75.8,92.8,81.6,62.0,96.7,89.5,65.7,74.2,80.4,60.5,65.7,78.4,56.7,74.1,97.7,86.5,57.0,96.3,71.0,72.8,73.6,58.6,63.4,78.0,80.5,75.0,77.5
759,Carter Wells,66.3,80.1,89.7,74.3,76.1,57.4,75.7,97.8,96.1,88.4,64.5,75.3,67.1,88.1,80.4,59.7,84.2,68.7,76.0,73.9,63.0,97.2,94.0,56.7,67.9,88.3,57.9,69.0,71.6,71.7,56.8,59.6,87.1,55.7,60.6,93.3,61.6,94.7,57.1,67.5,65.6,58.1,71.8,92.1,81.3,70.6,60.0,93.7,70.7,72.3,98.5,58.8,57.0,57.8,63.3,85.9,80.5,61.0,84.9,81.3,73.73
760,Sofia Wells,18.4,29.3,12.2,10.5,14.3,44.8,29.0,34.1,41.7,39.4,11.4,36.9,44.3,33.4,32.4,42.3,10.2,20.2,33.1,29.6,30.7,37.0,43.4,42.5,40.3,24.6,44.3,10.0,27.2,26.8,11.2,42.5,36.7,12.6,19.6,16.1,41.2,13.4,26.1,25.1,15.7,21.9,35.4,30.6,28.1,17.4,19.4,20.4,37.7,30.2,20.7,30.7,19.8,41.6,34.5,37.3,44.1,43.3,18.1,27.5,28.98
761,Dylan Wells,95.5,91.0,61.1,77.3,79.4,92.9,83.3,67.0,79.5,80.1,57.8,79.2,94.8,72.1,74.2,67.5,89.6,78.1,86.2,83.1,63.2,85.5,92.6,73.8,76.5,91.3,85.0,64.3,67.9,72.8,55.9,88.4,60.9,63.5,65.5,85.4,94.7,78.8,97.7,93.1,68.5,88.5,92.9,96.4,91.2,67.7,92.6,71.3,64.6,69.6,62.2,94.5,65.6,99.7,89.5,78.8,58.3,97.6,69.1,72.8,78.98
762,Lily Wells,15.7,13.2,40.5,14.1,17.7,39.1,40.4,29.0,36.4,36.3,20.6,18.2,24.6,41.0,33.1,34.0,32.8,16.5,42.7,36.7,13.8,37.7,15.9,11.7,16.0,17.7,36.6,25.1,38.5,33.7,12.3,34.1,43.0,21.2,24.6,15.6,28.7,27.4,12.3,16.9,35.1,40.4,27.7,41.9,38.9,34.3,24.9,18.6,41.5,35.3,45.0,13.3,31.0,23.9,26.2,19.4,36.6,43.8,13.5,21.4,28.07
763,Adrian Wells,24.7,19.7,30.4,35.1,31.0,29.3,35.9,37.8,34.2,34.3,30.2,22.7,30.4,18.3,22.1,16.9,32.9,24.4,23.3,23.9,34.9,41.7,30.5,27.6,30.8,16.1,35.8,26.7,41.7,35.5,34.0,24.1,25.2,44.6,37.9,20.4,38.5,39.1,31.9,32.2,20.9,29.1,21.2,44.9,36.4,17.3,42.5,42.0,29.5,31.3,14.7,37.6,36.9,28.2,28.8,26.0,10.3,42.3,20.3,22.7,30.57
764,Hannah Wells,32.6,11.8,19.4,30.4,26.7,20.5,25.5,12.3,21.5,20.7,17.3,17.5,26.0,27.7,24.7,14.5,23.9,25.3,35.0,29.5,41.2,43.6,41.7,22.5,30.4,27.9,13.4,17.1,42.3,33.2,31.9,36.2,41.4,39.0,38.0,23.8,23.5,16.1,35.0,29.5,28.0,29.9,44.8,33.7,33.9,14.8,14.2,18.0,44.3,32.8,27.8,44.0,41.8,24.6,29.9,36.4,21.9,31.6,10.2,18.1,28.95
765,Nathan Wells,29.1,35.7,35.9,22.6,27.0,37.8,15.7,27.9,35.6,32.2,36.8,19.9,11.2,28.0,25.9,41.1,43.2,10.8,13.2,20.6,32.4,42.7,41.9,36.0,37.2,36.2,35.3,21.7,17.2,22.7,15.6,40.3,20.7,16.6,20.2,20.9,22.6,35.0,19.9,22.4,44.1,11.8,18.9,35.2,31.1,40.0,14.1,33.2,27.6,28.2,23.7,43.4,44.8,32.4,34.4,22.5,36.7,21.1,29.6,28.5,27.53
766,Claire Wells,33.9,32.2,41.2,12.7,21.9,32.2,40.7,25.1,21.5,26.0,34.0,14.5,29.9,43.5,36.6,39.0,11.9,22.9,12.7,17.5,34.5,21.5,40.1,25.5,28.1,17.1,15.6,14.9,27.8,23.0,43.1,34.3,38.8,22.1,28.8,19.9,21.6,21.4,36.3,30.2,21.0,18.4,33.5,44.1,36.2,38.1,41.0,40.9,28.4,33.0,23.8,13.8,22.7,22.5,21.5,16.5,31.6,14.0,22.4,21.7,27.04
767,Miles Wells,93.7,96.1,64.7,62.8,71.6,62.7,63.9,77.2,87.7,79.8,88.6,84.7,75.0,90.8,87.6,74.4,99.8,70.1,97.3,91.0,91.5,61.1,90.5,79.8,80.3,95.4,78.7,99.8,83.8,86.8,80.4,69.1,71.6,91.7,84.5,91.3,94.0,94.5,85.6,88.7,56.2,84.7,66.8,62.9,65.4,99.5,82.7,78.5,98.1,93.6,65.2,98.3,80.8,84.1,83.0,66.6,61.3,94.0,76.2,75.3,82.3
768,Eva Wells,33.1,18.7,18.4,28.5,26.5,34.8,10.6,27.0,14.3,18.2,36.2,37.3,13.8,24.0,26.0,31.7,27.9,14.5,12.5,17.4,33.8,20.9,20.6,40.6,34.4,43.7,10.5,42.5,22.5,26.4,26.5,15.0,37.0,32.8,30.1,18.1,17.9,20.9,17.3,18.0,42.0,41.0,16.6,14.2,21.8,22.8,24.3,10.9,38.7,31.0,17.8,13.3,11.8,35.5,27.0,15.3,14.6,34.4,33.2,28.5,25.44
769,Cole Wells,94.6,96.4,61.7,55.4,66.9,97.4,83.2,73.7,58.7,69.1,96.5,96.8,55.1,65.9,72.7,81.4,97.8,86.4,64.2,73.9,70.1,60.2,80.2,73.0,71.9,80.7,84.0,88.6,64.9,72.7,79.9,86.7,93.3,60.6,71.0,72.9,90.8,59.8,74.7,74.6,73.6,98.0,78.9,98.6,92.6,57.6,99.1,98.3,94.3,90.6,66.9,98.4,87.0,82.6,83.2,55.3,81.7,58.9,80.2,74.2,76.12
770,Piper Wells,62.0,64.6,87.9,62.7,66.2,56.9,67.9,81.9,77.0,73.8,60.5,77.1,92.2,71.7,73.7,55.9,69.8,79.5,99.6,87.1,79.4,82.7,83.5,81.5,81.6,85.7,86.4,61.7,88.2,84.1,69.3,73.4,82.2,92.4,85.4,95.8,74.2,71.0,60.6,68.5,66.3,68.1,83.3,83.7,79.2,59.3,57.1,87.1,59.9,63.1,62.5,89.6,81.0,92.9,86.8,83.4,99.3,90.8,71.1,79.1,77.38
771,Ezra Wells,78.0,97.8,85.6,57.8,69.5,82.9,80.6,70.3,67.5,71.7,88.6,77.5,99.8,84.0,85.9,84.4,70.3,75.1,55.6,64.0,67.1,96.2,74.4,85.8,83.2,62.9,99.9,97.1,81.5,83.6,92.1,56.1,79.6,69.9,72.3,90.4,91.0,90.7,73.2,80.2,63.8,60.0,73.4,76.8,72.4,81.5,73.9,57.3,86.8,80.4,60.0,63.3,70.9,61.1,62.6,99.8,73.2,71.4,96.5,90.5,76.36
772,Violet Wells,10.7,20.3,18.7,15.6,16.0,26.6,22.9,13.5,39.0,31.8,15.0,35.1,44.0,15.6,21.9,13.5,20.3,15.1,44.3,33.1,28.4,37.6,23.8,23.6,26.1,19.8,40.5,22.3,16.7,21.0,22.6,39.5,10.7,21.5,22.6,41.0,10.2,40.7,18.7,23.5,43.3,35.1,11.1,23.1,25.8,28.5,26.3,30.5,29.7,29.2,23.8,38.4,11.9,21.6,22.8,29.6,21.0,27.5,25.4,25.7,24.96
773,Felix Wells,44.9,26.2,11.8,29.8,28.9,35.8,18.2,27.3,31.8,29.9,36.7,24.5,22.5,34.2,31.7,27.1,31.0,10.4,36.9,31.3,21.2,41.0,19.6,32.8,30.6,12.5,32.8,11.5,32.9,27.3,19.2,14.8,42.8,12.9,18.0,13.9,27.7,44.0,13.8,19.7,24.4,42.2,17.2,17.7,21.8,29.7,32.9,38.6,21.9,26.6,12.9,36.0,36.4,38.3,34.4,12.5,18.4,27.7,37.5,30.3,27.54
774,Iris Wells,31.8,10.7,13.8,35.9,29.0,34.8,32.9,44.0,44.1,41.4,44.4,18.8,33.2,30.7,31.3,42.1,12.9,30.1,11.4,18.2,26.4,11.7,38.4,10.6,16.6,31.3,31.2,14.7,35.0,31.3,21.8,32.7,26.7,21.4,23.7,19.3,19.6,33.0,10.5,15.9,25.2,18.8,19.4,43.3,34.4,10.8,43.3,36.0,24.0,26.4,11.2,29.6,28.4,31.9,28.4,30.3,37.4,34.4,40.1,37.7,27.86
775,Silas Wells,58.4,94.6,60.1,77.9,75.2,88.1,81.8,67.8,87.7,84.3,61.8,58.8,74.4,97.3,84.4,77.2,95.7,85.5,55.8,67.9,77.0,77.9,91.2,72.5,76.3,89.6,84.2,55.1,67.9,71.3,64.5,74.8,61.2,70.7,69.2,74.1,71.1,61.6,58.2,62.5,65.0,83.2,94.2,72.5,75.8,82.1,67.2,58.4,72.9,71.4,89.9,83.8,80.2,71.3,76.6,79.6,92.3,84.0,73.6,78.3,74.43
776,Josie Wells,66.4,92.8,98.4,87.5,86.8,57.5,88.6,90.4,99.1,91.0,75.6,82.9,64.0,61.4,66.5,65.2,93.9,67.6,91.2,84.9,97.7,67.0,84.7,89.9,87.2,96.5,74.3,94.4,79.3,82.9,67.0,55.8,65.4,81.8,74.2,97.9,71.0,98.3,62.8,73.3,81.8,86.1,87.1,62.1,71.3,70.2,98.6,70.7,77.5,78.4,93.9,62.2,77.5,78.3,78.1,70.8,59.4,56.0,69.9,66.8,78.45
777,Milo Wells,22.5,33.4,32.3,35.2,32.9,15.5,34.1,26.9,34.1,30.7,30.5,30.5,37.9,31.5,32.1,33.3,18.8,21.1,12.6,17.3,15.7,26.8,34.1,38.8,33.5,16.2,36.6,38.5,44.7,39.0,10.2,30.6,36.6,39.3,33.9,13.7,32.1,32.5,24.9,25.4,38.9,42.2,17.5,24.3,27.7,26.0,42.1,41.3,36.9,36.7,37.4,26.9,40.0,36.2,35.6,28.3,36.4,16.6,12.8,18.5,30.28
778,Wren Wells,95.6,68.3,94.5,84.8,85.3,74.0,88.1,70.3,86.4,82.8,58.2,66.9,94.2,78.6,76.4,55.2,58.6,92.0,82.3,76.8,99.9,72.6,67.8,55.6,65.4,89.0,82.5,61.4,80.6,79.4,67.6,76.4,83.0,83.9,80.6,98.7,86.1,69.9,66.2,73.7,76.3,56.3,80.9,67.6,69.0,78.1,85.7,77.9,88.9,85.6,94.9,97.7,60.5,56.6,67.7,90.4,62.6,90.3,76.2,78.2,76.74
779,Theo Wells,68.7,62.1,59.0,76.8,71.4,80.2,81.1,57.1,76.5,75.0,74.0,64.7,65.3,61.1,63.9,80.7,88.7,80.4,82.5,82.8,95.0,69.7,74.2,75.3,77.0,97.1,78.5,98.1,64.9,75.4,72.0,70.6,58.9,79.3,74.4,87.8,87.1,93.4,86.4,87.6,72.5,78.5,88.5,75.1,77.0,91.6,91.1,77.9,64.3,73.3,73.0,62.6,66.9,60.3,63.2,60.9,92.1,60.1,58.3,63.4,73.7
780,June Wells,67.2,79.0,55.6,77.6,73.5,71.5,55.2,75.4,96.4,84.8,68.2,92.6,59.1,88.4,82.4,68.6,62.8,99.1,76.2,76.5,68.5,92.0,65.9,78.9,77.5,98.1,66.4,79.1,95.8,90.0,55.5,81.4,96.5,87.4,83.6,79.6,57.9,60.2,74.7,71.2,89.8,89.9,76.9,89.5,87.9,83.8,69.6,86.4,74.3,76.6,57.6,57.2,74.0,61.5,62.1,76.4,74.9,86.5,60.1,67.8,77.83
781,Ava Vaughn,35.8,17.4,41.5,14.4,21.3,42.8,28.4,30.9,18.1,24.5,27.8,21.5,20.2,33.4,29.3,27.9,19.7,35.0,23.0,24.8,18.6,18.4,41.3,19.1,21.9,40.8,24.8,19.4,29.2,28.9,42.2,39.9,30.2,17.5,25.5,14.7,13.9,12.9,26.9,21.7,21.9,11.6,31.6,43.6,34.8,28.0,37.9,39.8,28.7,31.3,21.9,17.7,13.1,20.0,19.0,27.7,31.9,22.6,22.7,24.6,25.63
782,Liam Vaughn,74.9,96.6,65.1,73.8,75.8,78.6,65.1,60.6,55.3,60.4,62.8,78.3,66.7,78.9,75.0,66.5,97.7,82.8,69.5,74.6,68.5,86.6,78.4,99.6,90.9,99.0,87.1,93.3,55.2,70.4,65.6,68.9,83.9,80.1,77.2,99.5,74.2,86.2,91.9,89.8,55.7,60.0,80.7,73.6,70.3,91.7,56.2,87.3,82.9,81.1,55.2,57.2,66.5,89.9,77.8,56.0,55.6,82.1,87.9,78.6,76.83
783,Noah Vaughn,34.2,38.7,34.7,30.9,32.9,10.2,15.7,15.3,40.3,29.7,22.2,10.8,18.8,12.4,14.3,30.9,43.5,31.1,38.8,37.3,20.8,10.4,12.7,22.3,19.2,23.2,22.5,39.0,27.3,27.7,34.6,33.4,33.0,14.6,22.2,19.6,14.3,16.5,34.0,27.1,39.0,22.9,17.1,45.0,37.5,26.8,16.3,39.4,31.7,30.0,24.7,22.2,19.9,27.5,25.4,22.9,11.7,22.6,23.1,21.5,27.07
784,Mia Vaughn,39.6,19.0,18.9,38.0,33.1,11.8,24.8,32.2,35.2,30.3,43.4,24.4,11.2,21.6,23.5,33.7,29.3,16.1,11.8,17.6,17.7,38.0,10.4,39.6,32.6,10.3,19.2,24.7,42.3,32.6,34.1,13.9,11.1,30.4,26.1,13.9,21.8,28.0,13.1,16.4,39.7,27.1,31.3,36.9,35.2,18.4,20.0,25.7,38.9,31.9,36.5,16.4,11.1,32.3,27.9,37.3,22.2,30.3,30.2,30.1,28.11
785,Ethan Vaughn,24.9,35.8,27.9,43.5,37.9,24.4,34.1,17.3,16.0,19.7,18.7,11.0,33.6,35.2,29.6,18.4,27.1,41.7,27.2,27.9,38.5,30.2,15.8,38.8,34.5,30.8,13.1,40.9,34.4,31.9,11.3,39.3,24.5,25.8,25.5,27.3,33.6,24.2,38.7,34.6,36.9,40.4,43.2,30.7,34.5,34.2,31.0,42.8,23.5,28.5,10.8,15.3,30.0,34.3,28.1,17.1,36.8,25.7,22.5,24.1,29.73
786,Ella Vaughn,41.4,36.0,34.1,13.9,23.2,20.2,22.6,30.2,34.6,30.5,13.8,25.5,32.5,37.0,31.8,39.2,44.4,12.3,42.9,38.5,10.5,22.1,10.1,21.4,18.5,18.6,17.5,12.6,10.7,12.9,19.0,36.7,36.7,12.9,20.1,36.2,11.0,39.6,19.3,23.2,32.2,13.1,11.7,15.2,16.7,35.5,25.5,18.7,32.1,29.9,20.8,18.1,22.4,22.5,21.7,28.6,21.5,21.0,31.5,28.4,24.62
787,Lucas Vaughn,42.6,29.8,33.3,28.5,31.2,42.6,18.9,30.2,12.6,19.8,24.6,11.0,26.0,20.3,20.4,37.0,34.6,32.7,30.4,32.1,19.1,33.4,21.9,39.3,33.5,25.7,25.1,27.6,16.5,20.4,12.9,10.8,31.1,40.8,31.8,14.6,44.3,36.5,14.8,21.6,27.6,13.2,40.8,37.4,33.3,22.7,25.1,44.4,19.3,23.9,13.0,27.2,17.3,30.7,26.1,40.0,26.6,13.9,21.8,23.8,26.49
788,Grace Vaughn,37.7,23.6,36.0,38.5,36.1,19.9,15.6,30.4,10.2,14.9,26.8,34.5,20.9,43.7,37.2,39.2,32.2,28.4,30.8,31.8,14.0,19.7,10.5,41.5,30.8,18.2,35.3,12.3,14.8,17.7,30.0,28.6,28.7,16.6,21.6,44.4,30.3,31.9,24.6,29.0,31.7,19.2,38.8,37.2,34.3,30.4,10.4,40.5,17.7,21.5,15.7,36.7,29.5,27.7,27.5,31.3,40.6,40.4,21.8,28.1,27.54
789,Mason Vaughn,55.8,58.8,72.5,88.6,78.1,87.0,94.7,70.5,70.8,76.1,78.0,69.3,59.5,99.1,87.0,62.8,63.4,60.7,76.2,70.6,76.5,57.9,64.4,64.8,65.4,92.6,57.9,87.1,68.9,73.0,75.2,71.1,62.8,79.6,75.6,63.3,56.9,75.4,76.4,71.9,93.4,94.6,90.5,77.5,83.6,68.0,81.3,71.6,91.0,84.1,69.0,81.4,72.9,73.2,73.7,69.5,67.9,79.5,91.8,84.0,76.92
790,Chloe Vaughn,76.4,85.7,75.5,95.0,88.7,74.2,89.3,80.1,59.8,68.4,57.5,94.5,80.2,97.9,89.7,76.0,68.7,66.8,79.5,75.9,62.6,78.7,95.3,65.9,71.1,77.7,98.5,96.0,73.2,80.2,68.3,83.4,75.6,57.1,64.6,56.0,62.5,77.2,75.4,71.3,77.5,65.8,63.9,71.5,70.5,91.3,65.8,59.6,62.0,66.1,90.1,59.5,84.1,70.5,73.5,63.9,77.2,75.1,57.3,63.2,73.6
791,Logan Vaughn,32.6,43.6,40.8,34.0,36.0,42.8,37.7,10.3,40.2,36.2,12.4,44.6,38.7,14.8,21.6,16.5,17.4,26.1,25.9,23.5,33.3,36.2,14.1,23.4,25.2,40.9,11.9,10.1,15.4,17.6,40.3,17.9,10.3,23.0,22.9,15.6,26.7,16.1,29.7,25.6,20.2,37.8,43.4,29.2,31.0,39.0,18.0,28.9,17.7,22.1,31.6,28.0,43.0,22.1,26.9,11.9,22.5,19.5,22.2,20.5,25.76
792,Zoe Vaughn,43.1,16.5,20.2,17.1,20.9,21.5,23.5,21.8,18.6,20.1,15.2,32.8,25.7,26.0,25.4,36.3,19.7,33.4,22.9,25.7,42.2,36.1,19.2,10.5,19.3,41.5,44.7,35.5,26.8,32.3,16.0,28.1,42.7,40.0,35.6,17.9,14.4,22.8,17.9,18.1,43.9,15.7,15.8,18.4,21.1,20.5,29.2,31.8,30.3,29.0,38.6,33.0,16.3,21.9,24.9,25.1,35.8,41.6,44.0,40.1,26.04
793,Henry Vaughn,70.7,64.6,69.6,69.8,69.2,62.7,89.9,81.2,98.8,90.5,95.5,80.3,62.6,66.6,71.7,80.1,85.5,99.1,92.9,91.0,57.5,57.3,63.9,60.2,59.9,82.2,90.3,82.5,65.8,73.5,77.7,81.2,99.0,84.9,85.3,63.9,84.1,75.4,86.6,81.7,55.8,75.8,93.0,61.9,67.1,66.8,99.5,87.4,98.9,93.2,83.9,96.7,89.7,96.7,94.1,58.9,98.4,76.0,60.3,67.3,78.71
794,Layla Vaughn,66.9,96.0,86.5,69.4,74.9,90.0,80.8,83.2,59.9,69.8,59.4,56.2,74.6,61.4,62.2,81.3,88.5,79.2,55.5,66.5,55.0,86.7,75.6,80.2,77.1,86.8,99.6,92.3,71.3,79.9,91.9,72.0,61.9,66.0,69.7,86.1,89.6,89.9,90.0,89.4,78.2,72.3,65.4,60.1,64.8,88.4,95.6,98.9,96.1,95.4,71.7,56.3,97.4,83.8,80.3,91.0,95.7,83.0,81.4,84.8,76.23
795,Owen Vaughn,18.8,35.1,13.1,17.4,19.4,14.2,12.4,22.4,25.0,21.5,41.3,41.7,31.9,21.3,28.1,31.7,30.6,32.4,18.2,23.5,35.8,10.6,35.6,27.4,27.4,22.6,16.1,35.7,31.6,28.9,12.8,36.1,11.9,34.2,28.6,15.9,23.4,15.1,31.8,26.3,13.5,16.0,19.8,29.8,24.5,39.9,14.1,17.9,27.2,25.9,36.2,22.2,20.5,21.1,23.2,12.7,18.6,45.0,33.4,30.2,25.62
796,Nora Vaughn,17.3,33.9,30.2,41.6,35.8,23.6,11.2,21.4,40.8,32.0,10.5,21.9,22.5,18.7,18.5,22.5,22.8,27.4,36.2,31.4,30.7,38.9,36.7,37.7,36.8,14.6,23.6,24.4,21.6,21.3,36.1,41.9,40.9,17.9,26.6,18.5,32.0,10.6,42.8,33.8,38.9,34.7,16.0,31.7,31.0,30.2,13.1,18.6,42.5,33.8,28.3,19.4,13.7,36.7,30.2,29.7,20.5,32.2,11.5,17.9,29.09
797,Wyatt Vaughn,38.7,17.5,41.9,16.3,22.9,17.1,14.2,28.1,19.8,19.8,35.2,11.0,11.1,28.2,24.6,40.1,19.0,38.6,31.0,31.6,32.0,37.6,14.4,21.3,24.0,18.1,16.4,32.2,14.8,17.8,34.4,21.8,34.6,38.2,35.0,26.0,27.3,12.5,31.2,27.5,34.0,38.4,10.2,29.8,28.9,11.4,18.0,42.0,44.5,36.2,27.7,11.9,13.0,36.9,29.2,40.2,21.1,27.9,36.0,33.5,27.58
798,Hazel Vaughn,16.5,40.5,30.9,20.9,24.3,11.5,12.5,44.1,11.5,16.0,38.1,37.3,25.6,43.9,39.8,38.1,24.4,12.0,37.6,32.5,38.9,28.6,11.6,40.3,34.7,13.5,39.6,26.4,14.4,19.2,11.9,11.4,25.7,33.1,26.4,29.2,31.0,25.5,29.7,29.2,15.9,28.7,30.2,10.1,16.0,44.3,35.7,41.5,41.5,41.1,17.2,26.8,24.7,24.7,24.0,11.5,15.1,44.4,30.8,27.9,27.59
799,Julian Vaughn,35.3,39.0,28.4,21.4,26.5,27.5,12.6,12.5,28.4,24.1,16.7,27.5,22.2,10.0,14.9,38.8,35.5,18.7,35.7,33.8,43.9,25.1,27.7,41.4,37.7,44.4,44.0,33.2,37.4,38.7,31.9,23.6,43.1,43.4,39.2,18.3,15.4,27.4,34.9,29.1,24.7,20.7,13.5,42.2,33.2,43.1,27.0,34.5,19.0,25.3,32.6,43.8,23.1,39.1,36.7,20.4,17.5,29.5,10.9,15.5,29.56
800,Aria Vaughn,38.7,15.1,39.7,11.2,19.2,12.8,35.9,24.7,38.5,32.9,38.9,36.6,43.7,19.1,27.4,29.9,14.6,34.2,29.6,28.3,24.1,37.3,35.7,21.6,25.9,28.3,41.8,12.8,22.1,24.3,41.3,25.3,38.0,14.2,22.5,15.7,20.6,23.6,42.7,33.6,29.3,27.7,30.7,38.1,34.6,12.3,11.0,27.9,25.3,22.0,11.7,24.5,43.5,23.2,24.5,19.5,15.2,33.2,31.7,28.1,26.94
801,Levi Vaughn,81.0,74.0,55.4,67.2,68.4,92.0,73.2,57.2,58.8,64.9,85.3,68.3,70.1,81.6,78.8,55.3,68.3,74.3,94.0,82.8,74.3,69.4,64.1,77.9,74.4,56.5,68.5,68.5,66.1,65.5,79.0,70.9,85.7,78.9,78.8,89.8,81.9,73.7,84.3,83.3,95.7,64.7,89.3,60.9,69.8,56.1,70.8,91.9,80.2,77.3,78.8,62.9,94.0,58.6,66.6,67.5,83.8,88.2,70.1,74.0,73.72
802,Ruby Vaughn,37.5,28.9,14.9,16.5,20.7,39.7,22.6,17.8,35.4,31.9,18.1,14.6,23.7,40.3,31.7,39.8,20.2,11.1,37.7,32.1,28.3,10.5,28.1,44.5,35.6,41.7,37.3,42.7,33.6,36.4,36.5,42.3,28.3,30.4,32.5,41.0,24.3,31.1,25.8,28.3,27.2,16.4,12.0,17.3,17.8,10.5,12.5,33.5,27.4,24.0,24.6,38.9,11.0,29.6,27.7,14.9,19.7,34.3,26.4,25.0,28.64
803,Isaac Vaughn,76.6,60.6,62.4,66.2,66.3,71.1,65.5,90.9,56.7,64.4,57.7,61.2,84.9,99.2,86.7,66.7,69.9,65.4,62.4,64.4,97.6,67.1,69.8,92.5,86.8,78.4,67.0,84.3,55.5,63.9,56.8,83.5,80.5,99.7,89.3,58.7,82.5,55.7,55.4,59.5,70.6,58.1,66.3,97.2,84.3,76.2,91.8,91.6,95.6,92.0,58.6,77.8,81.8,96.0,86.7,64.5,76.0,93.0,92.4,86.6,77.58
804,Luna Vaughn,13.5,29.7,25.9,15.7,18.6,18.1,12.4,16.2,22.6,19.8,21.9,17.8,36.0,27.8,26.8,12.5,12.2,41.4,35.0,29.8,36.8,14.2,36.8,33.1,31.6,28.3,15.1,26.4,28.4,26.3,36.8,34.8,35.7,22.1,27.6,12.1,26.9,40.1,25.3,25.7,15.4,11.4,22.8,32.2,25.9,20.8,43.7,28.4,31.6,31.3,35.2,24.7,33.3,14.4,21.1,15.3,19.9,35.8,12.7,17.1,25.13
805,Leo Vaughn,19.4,20.0,14.3,44.6,33.9,40.6,36.1,11.1,23.1,25.6,33.9,36.3,10.6,32.3,30.2,15.7,32.2,27.7,41.5,35.0,25.2,44.3,35.9,15.8,23.5,32.8,14.5,20.5,40.8,33.5,17.0,42.0,42.6,41.5,38.4,24.8,12.4,24.0,26.3,23.9,22.4,42.9,22.3,26.9,27.8,41.0,34.0,20.0,43.6,38.8,37.3,42.6,20.4,44.1,39.8,31.6,32.3,41.6,25.5,29.4,31.65
806,Ivy Vaughn,71.3,84.2,78.3,73.6,75.3,65.0,58.1,63.0,91.9,80.0,83.2,95.9,56.4,89.4,85.0,57.5,85.1,65.0,89.2,81.2,98.0,56.1,84.4,97.0,90.0,58.6,64.0,73.0,63.7,64.3,75.2,73.7,72.6,95.1,86.6,57.0,71.8,85.7,82.9,78.3,66.2,99.0,97.4,55.4,68.3,95.3,80.4,58.9,76.1,76.9,56.9,72.1,70.6,64.4,65.3,60.6,77.7,76.0,81.8,77.7,77.41
807,Elijah Vaughn,84.1,71.5,81.4,65.9,71.1,84.7,81.7,77.3,64.1,71.0,91.0,59.5,64.4,73.9,73.0,71.0,73.0,61.3,94.6,84.1,62.8,73.5,83.1,90.6,83.6,91.3,99.3,99.9,83.1,88.6,85.6,62.4,91.3,81.6,80.9,66.3,74.4,61.9,93.2,82.9,70.4,78.1,96.6,62.2,70.0,56.7,64.1,69.7,72.7,69.0,69.0,97.1,61.7,89.1,83.8,76.3,59.8,69.1,84.9,78.3,78.02
808,Stella Vaughn,67.9,97.8,100.0,73.2,79.3,62.5,98.8,66.2,91.3,85.1,56.8,71.0,58.4,90.0,78.8,63.8,86.1,75.4,89.5,83.7,61.1,58.0,62.1,60.2,60.3,98.8,86.9,95.3,89.5,91.2,78.3,67.4,57.2,82.3,76.4,98.3,56.1,56.3,61.4,64.9,90.5,85.4,78.9,96.6,91.9,72.5,76.2,86.0,97.9,90.0,74.6,78.3,75.3,55.7,63.8,73.2,93.0,57.1,87.7,82.4,78.98
809,Caleb Vaughn,75.8,75.5,73.6,73.7,74.2,84.9,67.2,76.6,60.5,66.8,91.8,66.7,76.3,75.1,76.4,62.0,91.0,90.7,65.5,71.8,67.6,89.7,84.2,58.9,67.5,91.3,69.2,74.8,60.6,67.7,94.0,77.3,74.0,81.6,81.7,84.1,72.4,79.9,62.5,69.0,70.8,82.4,90.8,60.5,68.8,55.3,97.8,88.0,85.7,83.6,71.9,56.8,76.2,77.4,73.8,90.9,70.0,92.6,68.7,75.0,73.02
810,Willow Vaughn,42.1,34.7,18.0,39.5,36.3,16.2,28.5,23.7,38.6,32.3,29.4,37.0,19.0,29.1,28.8,30.9,28.6,26.7,21.9,24.6,38.5,16.3,35.3,16.0,21.6,21.8,25.9,41.5,34.0,32.3,38.7,33.7,15.1,44.2,38.2,10.7,33.4,22.2,14.1,17.3,34.1,34.4,28.6,37.3,35.3,30.1,23.1,34.3,33.0,31.5,32.7,11.6,41.3,27.5,27.9,22.2,44.5,27.0,33.2,32.4,29.88
811,David Vaughn,10.6,34.1,11.8,34.2,28.1,40.0,26.8,11.6,22.4,23.9,25.7,36.0,15.6,11.8,17.4,33.6,33.6,15.2,31.9,30.1,36.7,42.4,32.5,26.5,30.8,18.1,20.5,43.8,12.7,18.6,25.2,39.9,25.4,36.9,34.2,22.6,41.3,39.2,35.0,34.7,17.9,16.7,33.1,39.6,32.8,11.0,42.8,14.1,22.4,22.5,39.7,34.0,11.6,43.3,37.4,23.8,20.7,22.1,16.4,18.7,27.43
812,Maya Vaughn,15.0,36.9,34.9,26.0,27.2,40.6,23.1,32.9,12.9,20.6,31.9,40.2,38.5,12.7,22.4,29.9,17.5,36.0,36.4,33.0,37.9,27.1,28.6,44.1,38.9,17.4,18.6,27.0,30.6,26.8,43.1,29.7,18.7,21.2,24.9,16.3,27.2,28.7,30.4,27.9,27.6,12.1,42.3,10.3,17.1,17.9,21.3,28.9,42.5,34.6,17.9,28.1,11.7,18.3,18.7,12.2,37.9,22.5,36.1,31.3,26.95
813,Gabriel Vaughn,23.9,20.8,19.9,24.2,23.1,36.2,42.1,41.0,24.2,30.4,37.2,32.4,34.8,21.3,26.7,39.3,33.9,33.3,28.4,31.2,44.8,34.9,44.4,39.3,40.1,37.5,33.1,14.5,30.2,29.5,31.8,21.2,41.7,16.7,22.6,10.4,38.4,14.3,21.2,21.1,27.3,43.2,34.3,30.9,32.5,38.7,12.3,10.1,43.4,34.2,36.1,40.1,16.1,24.3,26.9,39.4,10.3,11.7,34.8,29.1,28.95
814,Naomi Vaughn,94.7,61.1,74.4,80.9,79.2,97.2,71.5,63.1,61.3,67.7,78.2,76.5,82.8,68.0,72.5,95.9,70.5,92.9,56.6,68.5,79.3,60.4,87.2,62.9,68.0,75.3,94.7,98.4,98.7,95.0,80.2,82.1,98.9,81.2,83.5,64.3,79.7,62.7,69.8,69.4,96.1,84.9,92.4,57.8,71.1,98.8,64.3,79.7,92.7,88.0,97.8,83.2,90.3,69.9,78.1,62.3,59.7,81.5,75.3,72.3,76.11
815,Samuel Vaughn,12.4,38.1,28.3,21.3,23.3,21.3,15.2,44.6,26.9,27.0,24.3,41.2,38.9,19.2,25.4,20.1,10.3,41.9,43.5,35.7,14.6,39.6,17.0,10.4,15.7,28.8,43.1,30.2,12.1,20.9,20.4,31.9,23.3,24.9,25.0,36.3,44.5,18.6,24.8,28.1,24.7,44.4,24.8,19.7,24.3,42.1,22.8,17.8,31.3,29.8,15.5,35.4,15.0,17.3,19.2,13.1,39.5,41.9,27.6,29.2,25.3
816,Anna Vaughn,11.3,12.6,13.8,28.8,22.3,35.0,24.1,25.5,31.6,30.2,23.3,33.9,29.1,30.3,29.7,40.1,29.5,39.9,42.8,40.3,17.8,12.1,17.0,21.7,19.3,36.2,18.0,27.9,35.0,31.9,30.5,44.5,36.4,32.5,34.4,18.0,40.9,37.9,27.1,29.2,44.4,39.4,16.4,10.9,19.9,10.8,41.1,30.2,19.5,22.6,10.3,31.5,38.6,15.0,19.7,13.3,44.0,41.4,33.4,33.2,27.72
817,Jack Vaughn,95.6,91.2,81.2,70.9,78.3,66.1,66.7,66.2,57.2,60.9,91.9,63.7,98.3,59.8,69.7,91.0,62.7,62.3,81.9,77.9,67.4,98.3,80.9,99.5,92.6,91.8,80.0,68.6,65.1,71.1,94.9,85.1,94.4,92.5,92.1,61.5,71.5,55.6,95.7,82.6,56.2,96.0,69.7,76.6,75.5,67.5,84.2,61.1,58.6,63.5,75.2,82.6,65.4,91.1,84.4,55.3,79.2,69.6,93.0,83.0,77.63
818,Elena Vaughn,67.4,76.0,96.6,57.1,66.3,87.5,93.0,73.4,71.2,76.6,93.5,88.9,89.0,97.9,94.9,79.1,88.9,58.3,58.6,65.3,75.4,75.3,91.3,56.3,66.0,79.0,74.3,68.3,85.1,80.6,70.0,74.2,81.0,58.0,64.8,75.1,62.1,77.3,73.7,72.8,94.2,58.7,73.6,91.0,84.8,67.3,84.3,62.8,85.2,79.7,93.9,68.4,77.4,57.2,66.3,97.4,78.7,94.6,95.6,93.5,75.97
819,Carter Vaughn,93.7,61.8,91.4,69.8,74.8,97.7,82.9,98.6,61.5,74.1,83.3,61.2,63.4,95.8,85.2,87.9,73.0,84.5,77.2,79.0,86.7,60.1,71.5,69.6,70.9,66.1,60.0,83.8,63.7,66.2,74.0,88.4,69.9,64.9,69.9,97.8,73.7,66.1,69.8,73.6,59.8,67.0,85.7,91.7,83.4,65.0,68.4,55.6,77.6,71.8,70.3,76.8,80.6,87.3,82.7,73.3,82.8,72.8,63.8,68.8,75.03
820,Sofia Vaughn,69.7,58.5,59.3,87.2,77.3,77.5,76.9,64.4,79.3,76.8,69.8,88.5,60.0,91.8,84.2,90.0,57.5,77.5,66.1,69.7,67.9,67.6,96.6,86.1,82.6,91.8,70.4,55.2,72.4,72.4,85.9,60.3,67.0,79.5,76.1,89.3,84.9,66.5,78.9,79.4,91.0,95.3,69.5,95.9,91.6,96.1,82.3,95.4,76.1,82.2,68.7,84.5,77.6,92.5,86.3,95.6,68.0,62.3,74.7,74.9,79.46
821,Dylan Vaughn,15.2,24.9,16.4,20.4,19.8,10.4,40.0,38.3,15.3,21.0,18.0,40.0,11.9,36.3,31.1,21.8,26.0,12.8,13.5,16.2,43.6,43.1,37.3,12.3,23.9,16.4,13.9,42.8,17.0,19.9,18.4,29.7,13.3,17.0,18.4,19.4,29.1,23.1,17.0,19.7,13.8,40.0,11.7,39.6,32.5,44.7,42.7,24.2,31.8,34.0,15.8,18.7,11.4,20.1,18.2,10.3,16.3,11.4,26.2,20.8,22.96
822,Lily Vaughn,15.7,35.1,24.2,38.1,32.9,41.2,18.1,38.5,38.8,36.3,19.2,39.9,21.7,15.6,20.1,37.8,14.3,35.1,10.4,17.9,23.9,24.2,42.9,39.5,35.8,33.0,12.2,32.9,18.5,21.5,32.1,35.3,22.3,40.0,36.0,38.7,32.8,32.0,10.5,20.1,33.2,23.7,23.5,26.7,26.7,32.4,41.8,27.2,44.1,40.0,16.1,40.8,24.9,34.8,31.8,31.0,11.9,23.2,39.5,32.5,29.3
823,Adrian Vaughn,18.6,26.0,38.5,18.7,22.3,17.0,18.1,42.8,42.6,35.9,40.0,20.6,27.1,12.0,18.9,43.4,18.6,22.3,13.7,19.5,25.0,36.6,13.2,17.2,20.3,32.7,12.6,22.6,37.8,31.7,24.1,15.8,18.6,12.3,15.2,22.1,37.3,42.1,34.1,34.0,10.1,20.8,31.1,40.1,32.3,25.9,17.2,37.8,19.8,22.7,35.5,13.9,25.1,34.2,30.5,14.4,30.4,29.5,35.3,31.1,26.2
824,Hannah Vaughn,74.1,77.2,73.7,73.3,74.0,87.5,95.0,96.7,61.0,73.8,96.7,78.9,58.2,99.9,91.1,58.1,95.6,76.6,69.8,72.6,61.5,78.8,69.1,61.4,64.8,76.3,95.2,81.1,88.7,86.9,74.9,96.5,67.0,85.6,83.1,93.5,95.5,78.2,93.0,91.4,56.1,74.2,99.8,71.9,73.8,77.9,69.2,60.8,89.1,81.2,67.8,84.6,61.7,80.1,76.6,96.7,93.1,87.3,60.6,73.3,78.55
825,Nathan Vaughn,79.2,89.9,58.3,90.9,84.9,65.8,94.1,82.2,91.4,87.1,74.8,66.4,59.1,71.9,69.8,85.3,61.2,65.8,57.4,62.7,92.9,88.4,66.4,79.1,80.5,58.3,65.1,61.3,91.0,79.2,64.8,72.4,59.4,84.1,76.7,68.1,55.5,66.0,62.7,62.9,98.5,71.5,71.8,94.2,88.8,75.0,91.3,71.6,58.8,67.0,92.4,83.0,56.8,67.9,71.7,63.4,56.6,58.5,69.6,65.6,74.74
826,Claire Vaughn,94.0,63.5,89.6,84.6,83.7,58.2,76.6,77.5,83.7,78.5,89.7,67.0,82.5,75.8,77.4,62.2,57.6,69.6,98.2,84.2,70.8,74.2,85.6,89.4,84.4,96.5,86.8,90.4,66.8,76.6,62.4,58.7,67.4,94.6,81.9,88.7,97.9,94.9,94.7,94.4,65.8,66.7,68.7,95.9,84.4,94.4,66.1,90.3,67.2,73.8,77.2,80.7,93.5,77.8,80.2,60.1,89.2,73.0,84.5,80.3,81.65
827,Miles Vaughn,11.5,17.6,31.7,20.1,20.2,39.1,32.8,44.8,13.0,23.4,21.3,22.7,10.6,41.3,32.1,33.7,23.7,36.7,40.4,36.8,30.5,22.3,13.8,17.8,19.6,26.3,29.1,26.5,29.0,28.3,38.3,21.9,11.4,22.6,23.1,44.6,10.9,17.5,28.9,27.1,15.8,39.5,29.0,11.6,18.2,32.7,10.1,26.5,33.5,29.3,14.6,16.3,25.2,35.8,29.0,16.0,39.0,17.4,38.4,32.7,26.65
828,Eva Vaughn,58.0,57.3,76.3,71.3,68.3,84.9,85.2,98.4,86.6,87.8,62.9,80.0,98.7,69.1,73.7,65.0,62.9,97.6,68.1,70.9,58.8,62.9,81.2,76.4,72.9,87.4,57.1,74.0,89.5,82.8,57.7,67.1,86.3,75.1,73.2,94.5,63.9,64.1,62.2,67.0,55.4,65.7,78.1,82.8,76.2,71.9,76.2,71.9,94.0,85.7,64.2,97.2,65.6,91.0,84.9,60.3,87.1,86.2,85.1,82.2,77.13
829,Cole Vaughn,56.6,99.6,97.4,60.9,70.4,97.4,80.3,96.7,79.1,84.0,79.3,82.9,63.4,98.9,89.4,90.3,64.3,59.2,67.2,68.8,98.6,84.5,81.4,57.6,69.8,96.3,74.0,59.9,88.6,83.9,86.0,73.1,73.5,60.3,67.2,94.4,66.6,66.5,74.3,74.9,90.1,84.2,83.7,71.8,77.5,72.3,78.1,63.0,80.8,76.9,80.7,55.8,87.9,96.7,87.9,55.9,65.2,69.3,98.8,84.7,77.95
830,Piper Vaughn,30.5,40.8,12.1,20.0,23.1,19.8,13.6,26.5,16.4,17.8,25.9,38.1,12.4,36.9,32.3,16.9,40.2,29.5,17.7,22.2,22.4,18.2,23.9,29.8,26.5,14.2,42.8,40.8,21.5,25.9,43.9,28.7,20.8,34.9,33.4,27.5,41.0,20.7,42.1,37.2,34.5,19.2,31.5,31.0,30.0,39.0,21.8,29.4,36.2,33.7,23.4,40.2,16.9,18.9,22.1,40.6,41.7,27.5,12.1,21.9,27.18
831,Ezra Vaughn,44.3,37.6,37.2,42.6,41.4,34.2,16.1,11.1,10.6,14.5,12.6,25.5,10.9,11.8,13.6,14.8,21.0,39.6,44.6,36.8,29.7,27.2,41.9,24.8,28.1,12.1,35.8,43.8,35.0,33.2,31.4,33.2,13.8,44.5,37.2,29.7,31.2,39.3,35.0,34.4,33.6,24.4,16.2,21.1,22.6,28.7,43.9,24.7,31.4,31.8,26.8,42.9,18.4,36.6,33.7,36.2,26.3,12.0,15.8,19.4,28.89
832,Violet Vaughn,62.3,78.7,85.5,78.3,77.2,62.2,73.6,97.7,81.3,79.9,66.3,93.8,98.8,83.2,84.4,90.3,67.4,68.0,95.2,87.2,62.6,64.6,96.0,71.2,72.5,67.7,95.9,84.0,80.4,81.3,85.4,84.8,86.5,94.5,90.9,85.5,63.3,94.1,82.5,81.9,76.5,61.4,79.2,71.5,71.8,76.4,56.0,97.1,72.2,73.9,61.8,81.7,57.8,60.4,63.1,78.1,75.9,88.6,85.0,83.3,78.95
833,Felix Vaughn,13.6,36.9,27.9,26.9,26.6,31.1,42.0,36.5,42.8,40.3,16.6,12.0,27.4,37.8,30.1,42.5,41.0,22.7,43.2,40.1,44.6,28.8,12.5,39.2,35.0,23.5,34.4,15.2,28.6,26.9,18.0,36.5,44.1,10.3,19.3,27.3,36.4,10.5,44.4,36.5,43.9,42.9,31.3,23.3,29.7,17.5,41.5,17.4,35.9,31.7,29.1,44.2,26.9,26.8,29.4,20.9,24.5,10.7,26.2,23.2,30.73
834,Iris Vaughn,29.8,11.9,42.6,42.6,36.8,25.2,16.7,17.8,43.3,33.9,10.2,33.4,17.9,33.5,28.3,22.8,42.9,23.7,21.9,25.1,27.6,12.8,28.6,24.9,24.1,21.9,17.1,15.0,29.7,25.0,33.1,42.3,18.5,19.8,24.4,19.0,12.2,28.3,19.5,19.6,16.2,25.6,11.5,39.9,31.0,30.7,25.4,36.4,37.0,34.5,33.7,22.5,38.9,28.5,29.8,20.8,27.5,41.3,40.5,36.2,29.06
835,Silas Vaughn,41.9,33.0,30.6,16.8,24.1,44.2,25.6,34.1,40.5,38.2,22.1,12.8,20.7,27.4,23.9,28.6,44.8,35.3,29.3,32.1,39.4,43.2,12.2,27.4,29.1,25.0,11.1,43.4,12.1,17.9,17.7,33.2,19.9,43.8,35.7,41.8,18.8,32.3,23.2,26.3,11.7,12.2,39.5,28.1,25.3,25.7,35.8,11.3,13.5,17.8,40.2,10.9,39.9,19.3,23.7,34.9,24.7,25.8,35.3,32.6,27.22
836,Josie Vaughn,88.4,81.7,89.6,60.8,71.1,79.9,96.1,68.4,95.4,89.8,70.9,97.6,79.6,71.7,76.1,55.9,73.4,77.6,98.9,86.9,87.9,86.0,57.1,71.0,73.4,99.9,58.0,89.3,60.4,69.2,79.1,80.0,55.2,56.8,62.7,74.2,79.4,56.4,70.4,70.2,70.5,75.8,60.6,73.1,71.4,87.2,96.4,63.3,66.0,72.5,58.2,93.2,66.4,77.7,75.7,92.6,74.6,55.4,99.0,89.1,75.67
837,Milo Vaughn,22.5,36.6,17.1,40.8,34.6,24.1,32.5,19.6,33.7,30.4,14.4,11.4,18.0,10.7,12.3,28.0,16.0,12.6,42.8,33.2,29.3,30.6,17.9,38.1,33.2,44.2,11.4,17.8,29.1,27.2,31.4,25.2,39.0,16.8,22.8,30.0,27.5,22.6,18.3,21.7,15.0,33.6,16.4,12.7,16.3,13.8,37.5,19.9,21.1,22.2,12.3,18.6,14.9,10.1,12.2,28.2,28.7,26.8,28.0,28.0,24.51
838,Wren Vaughn,94.2,64.8,57.1,96.6,86.8,65.6,95.2,92.1,74.9,78.7,97.3,72.8,65.6,98.4,90.5,92.1,78.3,74.4,55.7,66.1,65.8,62.9,58.1,78.4,71.9,56.4,57.4,56.7,82.9,72.5,61.4,55.8,98.8,96.2,86.5,82.5,72.4,59.1,82.0,77.7,62.6,55.6,83.5,75.0,71.9,72.5,97.3,73.9,83.8,82.8,74.1,93.5,85.9,67.5,74.3,86.5,86.3,60.6,89.0,84.5,78.68
839,Theo Vaughn,15.8,10.6,38.9,10.8,15.2,38.0,14.6,36.5,35.1,32.9,13.7,11.5,40.0,20.4,20.9,10.4,38.7,18.9,10.3,15.2,15.0,18.8,17.3,32.8,26.5,44.8,24.0,29.7,17.9,23.9,37.9,41.1,18.6,25.9,28.6,24.3,20.3,33.1,27.1,26.6,25.0,26.5,17.6,43.8,35.5,42.6,27.6,18.5,20.1,23.9,22.6,39.4,24.0,37.5,34.0,34.1,17.2,39.4,15.4,21.3,25.38
840,June Vaughn,11.2,24.9,39.6,42.8,35.8,32.0,32.4,31.2,20.1,24.8,39.9,38.4,18.5,12.4,20.3,39.8,26.9,39.9,13.9,22.6,31.7,28.1,34.8,17.3,23.0,29.5,21.4,29.0,36.0,32.3,26.2,13.8,16.6,13.4,15.6,10.3,27.5,35.3,30.4,28.0,29.4,27.5,35.8,31.0,31.0,37.6,26.8,36.1,28.2,30.3,38.2,25.3,16.5,25.9,26.2,12.1,22.8,28.5,44.4,35.1,27.08
841,Ava Ward,99.4,66.1,92.0,85.8,85.8,79.3,72.2,61.5,96.7,86.4,59.9,71.5,99.3,94.3,87.3,56.8,88.9,63.6,74.0,72.3,55.4,88.3,83.9,96.3,88.1,92.8,59.3,85.6,91.7,86.7,59.8,92.6,66.7,90.5,83.5,72.2,85.9,72.9,92.5,86.3,80.5,91.1,95.0,97.9,94.3,83.7,69.2,82.4,76.5,77.3,64.7,77.2,59.5,97.3,85.2,69.2,56.3,71.4,59.3,61.8,82.92
842,Liam Ward,36.6,25.4,29.6,12.6,19.8,10.1,15.3,30.7,26.7,23.5,17.4,16.0,22.5,23.8,21.7,30.2,27.8,31.5,35.4,33.2,11.9,37.7,40.1,17.2,22.3,11.3,41.5,14.1,10.1,15.0,13.8,12.7,20.6,24.5,21.0,26.1,17.2,24.1,20.1,21.0,31.6,43.4,27.3,38.4,36.7,36.5,11.9,17.8,40.0,32.8,36.3,29.7,42.3,25.2,29.6,16.2,42.0,29.4,17.6,22.2,24.9
843,Noah Ward,57.6,99.5,80.5,72.8,75.4,74.5,88.5,87.7,62.6,71.0,84.1,59.9,62.1,56.9,61.6,92.9,72.4,63.2,65.2,69.6,86.2,58.4,59.6,69.2,68.7,58.0,87.6,93.1,82.8,81.5,64.0,76.4,72.6,57.4,62.8,61.9,66.4,66.9,83.6,76.2,75.5,78.9,59.8,92.2,83.9,55.2,63.1,90.2,88.7,81.0,80.3,99.9,94.6,84.6,87.4,96.4,92.8,57.4,87.4,85.3,75.37
844,Mia Ward,76.7,83.3,59.8,86.9,81.4,74.6,93.8,73.4,87.7,84.9,82.0,86.5,91.4,66.8,74.7,70.9,94.9,63.2,55.3,63.7,85.7,98.6,86.9,63.1,74.0,64.8,65.8,76.3,85.4,78.8,86.0,81.8,96.8,73.6,79.4,86.1,97.8,98.1,66.2,77.3,79.5,64.4,74.3,88.7,82.3,65.5,77.4,74.8,61.8,66.1,68.8,95.2,61.8,55.4,63.3,56.3,95.0,75.4,74.2,74.7,75.05
845,Ethan Ward,66.6,58.6,61.9,78.9,72.3,56.2,60.5,71.5,59.4,60.7,82.4,99.8,92.5,89.1,90.1,56.2,83.1,95.8,70.5,73.6,85.2,72.2,96.3,90.9,88.4,70.3,91.5,94.5,98.8,93.5,92.7,83.1,60.6,76.9,77.7,76.0,73.2,82.7,92.5,86.4,76.3,69.8,76.7,55.5,63.0,92.8,96.2,89.3,78.9,84.4,91.5,99.8,88.6,65.5,76.6,96.3,97.9,56.0,76.4,79.2,78.83
846,Ella Ward,43.7,42.7,42.0,26.8,33.2,42.9,13.8,19.1,14.4,18.7,19.7,40.2,40.3,19.2,24.9,22.5,13.7,33.1,11.3,16.0,14.3,36.4,14.0,12.2,15.9,15.6,24.7,27.6,34.4,29.7,10.5,33.1,16.9,39.3,31.6,14.7,10.8,23.4,32.6,26.1,24.5,20.2,29.7,30.2,28.0,24.8,13.1,26.1,37.8,31.2,14.3,18.4,32.6,23.7,22.9,24.5,18.5,10.2,35.7,28.5,25.56
847,Lucas Ward,71.0,81.3,91.9,85.6,83.9,67.4,81.7,69.5,88.9,82.5,78.3,73.5,57.1,75.1,72.9,81.3,85.1,98.9,66.7,75.4,67.2,56.5,64.0,92.9,80.8,62.2,76.7,91.4,90.8,85.2,100.0,69.0,55.7,60.5,66.3,59.1,68.4,84.6,91.1,82.9,63.3,92.0,75.4,75.0,75.8,67.3,61.5,72.9,62.6,64.5,88.2,59.8,85.8,73.1,75.0,68.0,64.0,79.6,62.6,65.8,75.92
848,Grace Ward,40.3,12.2,34.4,16.9,21.7,23.6,33.2,14.6,21.1,22.2,44.4,24.3,36.9,36.8,36.2,33.1,16.3,35.4,16.6,21.3,37.7,43.0,28.3,12.5,22.0,17.8,37.4,42.2,22.5,26.5,36.2,29.9,32.2,27.9,29.8,23.8,30.7,35.6,12.9,19.8,28.5,35.1,40.5,27.2,30.2,44.0,29.2,20.6,21.2,25.2,41.7,34.0,11.7,32.0,30.9,30.6,28.7,44.5,30.5,32.1,26.49
849,Mason Ward,10.2,21.0,14.0,34.6,26.8,36.2,21.6,14.0,24.7,24.4,44.5,24.1,29.7,29.4,30.7,39.7,13.0,28.7,33.7,31.1,13.7,31.4,29.6,33.9,30.3,13.1,32.9,37.4,20.7,23.5,41.4,34.4,37.9,10.2,21.3,32.5,15.0,10.2,29.5,25.4,39.4,40.5,35.8,32.3,34.8,24.2,25.4,37.0,17.8,22.2,36.6,17.5,27.0,10.9,17.4,33.2,31.1,16.4,31.0,29.4,26.44
850,Chloe Ward,12.0,15.3,21.1,35.9,28.0,21.1,10.5,33.7,17.4,19.1,15.5,42.8,36.0,24.2,27.1,44.0,12.4,33.1,38.3,34.9,34.2,36.7,29.6,11.0,20.0,13.6,12.4,26.2,29.4,24.6,17.4,25.1,34.9,26.6,26.3,40.3,24.6,31.4,22.8,26.5,22.9,33.5,20.1,15.8,19.7,29.1,33.4,35.6,21.4,25.9,20.7,37.7,11.9,16.3,19.2,39.2,19.7,23.2,40.0,34.9,25.52
851,Logan Ward,37.2,17.0,32.7,26.7,27.6,38.1,10.8,14.7,13.9,16.8,38.9,34.6,11.8,34.5,32.1,28.3,16.1,34.7,40.7,35.0,22.1,23.7,43.8,44.2,38.5,39.4,40.5,13.0,43.1,38.2,13.2,24.1,43.9,35.9,32.4,21.1,31.2,16.9,16.6,19.2,37.0,30.9,38.3,41.2,38.9,24.3,31.6,36.7,24.5,27.0,37.5,17.7,39.4,28.4,29.7,25.8,11.5,31.6,42.8,34.9,30.86
852,Zoe Ward,57.9,95.1,85.7,67.1,72.1,56.3,84.0,58.8,77.8,73.2,58.8,64.8,58.0,96.2,81.9,58.4,68.1,75.0,96.9,85.0,97.2,98.9,57.8,73.8,78.1,99.8,59.8,73.4,89.3,84.6,77.5,65.2,98.8,65.5,71.5,90.1,79.1,73.0,56.1,66.0,87.7,87.6,64.6,99.8,91.9,98.2,70.6,67.5,93.4,87.5,78.1,69.3,56.8,92.7,82.8,84.4,88.2,97.2,59.8,71.9,78.88
853,Henry Ward,91.2,70.3,83.3,67.6,73.2,63.2,85.3,94.3,56.2,66.1,61.6,79.5,84.6,70.9,72.6,93.5,98.2,68.3,65.6,74.0,65.0,90.4,92.0,88.0,85.8,62.5,69.9,90.6,89.3,83.3,55.8,70.7,90.7,87.2,81.3,99.1,96.2,55.1,66.8,73.5,65.3,82.8,96.0,57.0,66.7,99.2,85.1,79.1,76.8,81.2,85.4,69.3,77.1,77.3,77.3,55.3,77.1,71.0,69.4,68.8,75.32
854,Layla Ward,87.2,60.4,93.1,61.8,69.2,74.6,84.4,84.1,99.0,91.8,75.3,90.7,59.6,79.9,78.0,57.1,57.8,80.8,93.8,82.4,70.6,92.0,72.7,64.9,70.3,88.1,84.7,81.1,70.0,75.9,94.9,76.4,67.1,75.8,77.3,81.8,87.5,63.0,68.4,72.0,88.0,72.3,61.3,81.7,78.6,63.7,62.9,88.4,82.4,78.1,95.2,77.0,61.1,92.8,86.8,61.3,83.5,86.9,73.1,74.8,77.93
855,Owen Ward,26.6,29.9,40.4,43.8,39.2,26.6,12.1,18.5,25.8,23.1,44.1,39.1,40.2,28.1,33.3,41.7,17.4,17.8,12.2,17.6,42.1,40.8,40.2,42.4,41.9,22.3,26.4,17.9,28.5,26.0,27.5,35.4,33.8,37.9,35.6,29.1,11.3,20.7,16.2,17.9,29.7,25.3,18.5,39.7,33.6,39.7,12.5,37.2,36.8,34.0,22.5,27.8,26.6,32.5,29.8,44.0,41.6,43.5,43.2,43.1,31.26
856,Nora Ward,68.3,83.8,59.5,81.6,77.2,98.5,98.0,99.7,63.0,77.3,55.3,90.6,58.1,70.6,69.6,75.8,86.2,78.6,68.6,73.2,84.0,65.9,69.5,57.2,63.6,69.4,94.0,89.4,66.9,73.8,77.8,94.1,95.5,71.9,78.8,87.7,76.5,94.9,60.8,71.0,57.5,82.5,81.0,73.6,73.6,92.4,70.4,60.7,68.8,71.1,58.3,63.9,67.3,66.8,65.3,99.3,72.5,82.3,61.1,70.5,72.08
857,Wyatt Ward,32.3,21.0,16.4,12.0,16.5,24.7,40.8,34.7,30.0,31.4,41.8,32.4,43.0,16.1,25.3,37.4,36.3,14.5,38.4,34.8,28.1,36.6,21.9,42.5,37.0,12.8,38.6,41.1,12.8,20.0,17.4,28.4,17.0,27.2,24.7,37.7,36.8,30.1,31.2,32.7,34.8,26.0,37.1,39.9,37.0,35.8,14.3,14.7,24.9,23.6,42.8,18.9,19.0,26.2,26.5,22.5,41.1,24.0,11.9,18.8,27.36
858,Hazel Ward,89.8,55.3,63.1,70.8,70.2,85.0,75.5,73.3,85.2,82.3,91.9,70.7,92.6,63.2,71.9,86.9,68.9,84.2,86.6,84.0,85.8,67.9,91.5,84.8,83.6,67.2,75.1,78.5,61.0,66.0,64.6,95.8,64.3,67.1,70.2,89.6,59.6,78.8,97.1,88.7,63.8,55.5,95.4,99.5,88.3,65.7,60.9,90.1,86.0,80.5,84.0,63.6,65.9,97.3,86.8,70.7,91.9,99.1,61.2,71.6,78.67
859,Julian Ward,41.2,28.9,39.5,34.0,35.0,33.1,12.3,37.4,23.9,25.4,41.5,18.2,21.2,12.6,18.3,26.9,28.6,19.1,14.4,18.6,40.2,30.7,22.4,13.5,20.5,37.5,42.6,20.3,11.1,20.0,35.4,42.3,39.1,33.5,35.7,21.0,29.4,36.8,37.6,34.2,43.7,44.2,25.0,31.5,34.0,25.3,15.9,26.7,14.4,17.7,24.3,35.4,14.7,40.7,34.3,35.7,19.1,12.4,38.4,32.0,27.14
860,Aria Ward,33.4,11.3,20.7,35.7,30.1,31.7,26.9,18.2,24.4,24.9,11.8,40.3,35.4,26.7,27.7,24.1,39.7,36.6,38.2,36.3,24.6,43.5,13.4,28.9,28.2,31.1,37.3,23.2,39.8,36.1,25.7,35.3,39.0,34.7,34.2,41.8,14.9,29.1,34.8,32.3,32.9,13.4,34.9,44.0,37.2,42.2,22.5,22.7,23.5,25.8,26.2,39.2,40.1,10.6,20.4,33.1,41.8,17.3,37.2,34.6,30.65
861,Levi Ward,80.7,85.3,57.3,97.2,88.1,67.3,65.4,61.2,83.2,75.8,96.9,89.4,81.9,73.7,80.0,69.8,85.3,62.4,82.6,78.6,99.4,81.8,69.5,79.4,81.1,70.0,60.7,92.2,57.8,64.4,84.7,62.5,60.9,60.0,63.7,77.8,79.5,64.1,97.1,87.8,71.2,58.3,69.7,75.8,72.0,97.0,82.0,88.1,64.3,74.2,67.1,65.2,89.3,90.9,84.1,93.5,69.3,55.3,88.4,82.1,77.66
862,Ruby Ward,37.7,30.9,30.3,17.0,23.4,29.8,37.7,27.4,39.2,36.2,15.2,14.9,42.8,42.7,35.3,12.6,18.6,15.8,18.9,17.6,20.7,21.8,30.3,27.8,26.4,22.2,12.1,21.9,13.0,15.3,40.5,36.2,13.6,18.8,23.3,27.2,43.5,16.8,13.8,19.9,41.1,38.2,31.7,17.2,25.1,37.0,31.4,41.2,44.5,41.3,41.8,22.9,11.1,42.0,35.3,30.9,26.8,12.6,17.1,19.6,26.56
863,Isaac Ward,23.3,29.5,10.0,40.3,32.6,13.0,20.4,19.2,29.3,24.6,14.4,38.9,27.5,10.1,16.8,38.0,18.9,39.1,19.2,24.3,22.2,44.0,20.8,14.9,20.5,42.5,39.9,12.5,29.4,30.3,42.7,26.7,20.1,10.6,18.3,10.5,42.9,13.5,43.2,34.8,18.4,24.0,38.6,17.3,21.2,34.9,12.4,31.7,34.3,31.1,36.0,30.8,33.4,36.8,35.4,43.0,10.5,34.4,19.6,23.5,26.12
864,Luna Ward,33.5,38.2,19.9,27.4,28.7,29.1,37.5,44.5,39.8,38.7,18.8,18.8,24.1,23.0,22.0,33.3,23.6,22.3,27.4,27.0,14.5,39.3,26.6,29.1,28.2,11.9,23.9,20.0,26.5,23.3,30.8,41.1,32.8,23.4,28.0,22.4,27.8,11.4,11.5,15.1,21.6,38.6,30.8,33.4,32.2,22.5,33.2,29.3,13.1,19.2,34.8,17.9,23.8,31.2,28.9,38.9,35.7,12.7,24.0,26.0,26.44
865,Leo Ward,65.7,67.0,61.9,73.2,69.9,58.7,60.2,70.8,83.0,75.1,97.1,63.6,86.0,74.3,77.5,58.7,85.6,99.8,82.4,82.0,73.2,76.8,65.5,90.3,82.9,64.0,83.7,65.2,86.8,80.5,78.6,62.6,86.2,93.8,86.6,91.5,71.6,84.3,66.9,73.1,71.9,65.3,68.5,99.9,87.4,95.5,56.3,90.6,78.8,79.6,89.3,93.4,67.4,97.0,91.5,70.4,92.3,57.6,75.9,74.9,80.08
866,Ivy Ward,26.9,31.9,19.8,44.3,37.1,30.0,31.0,26.5,24.8,26.5,26.7,42.1,25.3,25.0,27.5,21.4,41.2,13.1,32.5,29.6,37.9,19.7,29.6,25.2,26.7,18.5,36.9,42.1,43.2,38.9,25.1,11.2,30.5,27.4,25.3,13.9,40.2,30.5,43.4,37.3,23.9,17.9,15.6,22.6,21.2,37.3,35.2,44.9,17.9,26.4,11.3,37.3,14.3,20.3,20.6,36.4,18.6,20.9,24.4,24.8,28.49
867,Elijah Ward,68.2,97.5,66.8,57.1,65.3,89.1,89.5,56.8,77.1,77.6,74.5,91.1,60.1,83.4,80.1,77.2,88.5,74.7,61.3,68.8,95.9,72.5,81.8,68.4,74.4,77.8,62.1,81.7,94.5,86.2,85.6,70.1,76.3,69.2,72.5,75.3,90.1,72.8,69.2,73.3,74.5,55.0,92.2,55.2,62.7,61.6,78.5,56.8,86.3,78.0,67.7,70.9,99.1,96.8,89.8,70.6,64.0,70.9,96.6,85.4,76.17
868,Stella Ward,61.7,72.4,71.6,80.3,75.6,84.9,77.1,64.4,57.8,64.9,64.5,88.0,76.5,64.1,69.0,83.9,65.2,61.2,97.1,86.3,67.9,57.3,58.3,71.9,67.6,99.5,68.3,64.7,83.3,81.0,79.6,69.8,56.9,79.2,75.0,58.8,80.7,88.3,82.7,80.0,71.2,66.5,56.9,82.8,75.6,92.9,83.7,81.8,77.8,81.1,69.0,99.8,86.4,55.3,67.2,82.9,98.2,60.0,86.1,83.8,75.59
869,Caleb Ward,38.6,19.1,40.7,38.1,36.0,39.4,15.5,10.9,34.7,29.6,36.8,38.7,40.2,26.6,31.4,33.0,33.2,25.8,21.0,24.9,40.6,30.5,29.4,30.9,31.9,20.6,12.2,22.2,38.2,30.3,15.6,33.0,24.6,18.2,20.7,23.5,11.1,29.4,43.6,34.7,29.9,24.8,35.2,26.4,27.8,33.0,14.3,38.5,19.0,22.8,27.1,35.8,36.1,20.5,25.5,20.2,28.4,15.2,42.0,33.7,29.11
870,Willow Ward,64.1,92.9,61.9,97.3,87.6,85.2,90.4,92.1,91.9,90.8,85.7,69.9,66.7,77.5,76.1,88.1,82.5,70.0,82.3,81.5,89.8,94.5,57.8,57.3,66.7,91.5,77.4,71.9,96.6,90.1,78.9,90.8,86.3,76.1,79.8,85.5,94.4,93.4,77.0,82.6,62.0,55.1,71.2,70.5,67.4,92.9,63.9,57.3,75.3,73.7,67.0,63.1,62.3,90.7,80.1,64.1,61.8,57.8,99.6,84.3,80.06
871,David Ward,35.9,23.0,14.4,18.5,20.9,40.5,34.1,29.0,16.1,23.5,11.1,39.9,42.0,31.2,31.1,36.2,24.1,38.7,27.6,29.8,13.3,14.4,38.9,14.9,17.8,13.1,16.3,24.5,26.5,23.1,15.5,40.3,24.7,15.1,19.8,38.1,14.2,29.9,34.1,31.4,10.8,21.4,18.1,20.4,18.9,22.4,12.0,44.1,14.0,18.9,30.2,36.9,31.8,42.9,38.9,22.8,19.9,15.5,19.1,19.2,24.44
872,Maya Ward,36.0,33.2,31.2,23.1,27.2,14.4,16.4,40.6,42.6,35.1,32.3,41.6,14.2,18.6,22.9,44.6,18.4,30.1,20.7,24.8,44.8,19.7,22.9,28.6,28.8,40.7,39.7,17.8,24.5,27.8,22.4,31.8,29.3,43.0,36.9,34.1,36.9,30.7,10.7,20.0,33.2,10.6,39.6,13.3,19.1,43.3,43.5,21.3,15.4,23.7,17.7,23.1,38.1,25.0,25.5,44.6,24.0,37.2,20.7,26.5,26.53
873,Gabriel Ward,34.8,38.5,23.2,25.4,28.1,19.1,30.4,27.9,40.4,34.6,19.3,13.9,22.3,13.9,15.7,15.9,35.9,14.1,19.6,20.5,13.4,23.8,12.5,13.3,14.6,39.2,34.5,44.5,29.8,33.6,34.5,10.2,18.9,31.9,27.6,14.8,15.3,23.7,39.3,30.8,33.3,43.3,39.0,26.5,31.3,25.4,29.7,13.7,36.1,30.8,25.7,40.6,21.8,23.1,25.6,38.1,16.1,25.3,11.5,17.5,25.89
874,Naomi Ward,68.2,84.5,88.3,75.0,77.1,73.3,96.1,75.9,74.2,77.2,79.0,70.6,81.4,86.7,82.8,62.4,62.4,73.5,87.4,78.9,58.3,84.1,61.5,66.0,66.8,86.8,62.2,83.2,91.8,86.0,83.9,93.6,65.4,56.3,66.2,73.1,98.6,81.4,59.3,69.3,85.9,88.1,76.9,70.6,75.8,82.6,84.1,77.1,85.4,83.7,76.0,67.2,86.3,68.6,71.8,57.2,74.1,91.1,98.9,89.0,77.05
875,Samuel Ward,99.6,68.3,56.6,64.5,68.6,82.8,72.8,86.1,64.1,70.7,61.4,99.0,67.6,67.9,71.1,68.7,70.9,96.2,86.0,83.0,98.8,56.4,95.5,74.0,77.8,83.3,98.0,85.4,77.9,82.3,87.9,76.7,57.3,84.9,80.5,95.3,78.4,70.8,75.0,77.6,86.6,84.3,70.3,68.7,73.4,57.6,99.5,82.4,95.1,89.0,92.4,89.8,83.9,78.5,82.6,92.1,57.6,63.8,92.2,83.8,78.37
876,Anna Ward,27.3,44.1,28.3,22.1,26.6,44.6,18.6,31.5,42.9,38.4,43.9,41.4,16.3,15.5,22.8,33.9,23.2,33.5,22.6,25.6,13.3,29.1,20.1,38.5,31.4,39.9,17.3,29.0,16.2,21.2,21.2,41.9,36.9,29.6,31.1,18.0,37.7,41.2,27.9,29.7,43.0,43.3,20.4,28.5,31.3,40.6,29.6,20.0,14.5,20.7,25.8,31.2,45.0,41.1,38.3,33.0,13.2,32.8,44.6,37.3,29.53
877,Jack Ward,14.8,43.2,35.4,24.6,27.2,30.0,33.1,42.3,44.2,40.6,14.1,20.3,32.6,27.8,25.6,38.6,43.9,41.7,15.0,25.6,25.5,34.5,18.2,34.2,30.9,44.0,20.6,26.2,39.9,36.0,19.4,44.1,26.6,42.6,37.6,23.3,36.6,21.5,33.8,31.1,18.4,16.9,16.6,29.5,24.6,21.2,33.9,34.4,26.6,27.9,12.1,41.5,36.0,39.0,35.3,38.6,37.9,44.2,18.3,27.1,30.79
878,Elena Ward,68.3,56.0,59.9,85.9,76.1,84.8,87.4,92.6,91.4,90.1,75.3,59.9,89.5,63.3,67.9,91.0,57.8,99.9,97.5,91.7,67.6,72.2,73.5,94.6,85.2,71.5,61.1,71.2,71.4,70.0,55.7,96.1,67.2,74.3,73.8,86.6,77.6,98.0,78.0,81.8,61.8,59.7,84.3,77.8,74.1,63.8,58.6,93.7,97.8,87.5,88.5,85.4,93.4,90.4,89.9,76.4,85.6,58.9,85.2,80.6,80.73
879,Carter Ward,69.7,67.0,99.9,86.3,83.3,94.0,96.7,92.2,67.0,77.9,59.1,75.2,59.8,72.1,69.1,85.4,66.2,61.9,69.9,70.4,75.2,70.1,67.6,60.5,64.7,93.8,87.6,59.3,91.2,86.8,59.9,77.0,66.7,63.0,64.9,87.5,94.8,56.9,97.9,90.6,96.1,72.8,97.4,92.9,91.2,88.1,59.5,87.7,78.6,78.5,81.1,86.4,71.4,86.1,83.5,67.5,92.7,61.6,78.4,76.6,78.12
880,Sofia Ward,36.8,43.3,37.2,27.6,32.2,41.1,36.3,27.0,43.6,40.1,17.3,22.1,30.7,18.1,20.2,13.1,28.4,36.9,40.2,34.6,27.5,42.9,23.5,26.4,28.4,39.8,20.2,11.5,41.5,34.4,16.6,21.8,30.8,37.6,31.8,39.4,44.1,40.0,10.7,22.9,27.3,42.9,44.2,15.1,24.3,12.0,22.8,36.1,42.4,34.9,29.7,26.5,23.1,27.3,27.0,24.4,18.0,44.8,31.1,30.3,30.09
881,Dylan Ward,93.0,66.7,65.3,87.9,82.7,87.2,75.2,55.2,60.2,65.1,73.5,99.8,91.7,69.5,77.0,85.4,59.4,70.2,86.7,80.7,74.0,63.8,96.6,88.7,84.5,65.4,60.3,78.2,63.3,65.2,63.3,74.5,62.2,56.5,60.6,65.9,76.3,80.4,59.0,65.1,94.0,76.6,68.2,77.9,78.6,71.9,83.5,65.1,61.2,66.1,72.6,58.9,82.2,58.8,63.8,89.5,56.2,64.6,98.4,87.1,73.04
882,Lily Ward,24.4,29.7,34.7,17.7,22.5,22.7,15.7,36.3,19.9,21.9,44.6,23.6,28.7,32.9,32.7,13.1,41.5,17.3,16.2,19.3,34.9,26.2,41.5,25.2,28.8,33.4,25.4,12.2,44.8,36.3,35.8,35.7,12.1,17.4,21.6,21.6,20.2,40.6,10.9,17.5,37.6,15.0,11.5,43.1,34.4,31.3,33.4,33.2,29.7,30.9,38.5,39.4,14.0,42.9,38.0,10.1,12.7,37.6,25.0,23.1,27.25
883,Adrian Ward,75.7,60.7,72.5,65.6,67.2,93.5,95.0,73.9,90.5,89.3,96.7,69.4,95.8,76.0,80.5,91.3,60.9,77.1,80.6,78.9,93.0,67.2,77.2,91.2,86.4,71.7,94.9,76.7,96.7,90.5,68.2,90.7,62.4,67.8,70.2,97.0,87.0,61.9,87.4,85.2,94.2,62.1,87.9,87.6,85.1,90.5,97.9,74.6,98.0,93.9,62.2,56.9,97.2,84.5,79.5,85.0,68.1,81.2,98.9,90.6,83.11
884,Hannah Ward,16.2,32.2,30.3,42.5,36.0,11.5,24.6,27.3,14.3,17.0,41.4,35.4,44.2,23.8,30.4,35.1,21.9,12.6,15.8,18.8,34.7,41.0,27.9,43.4,39.9,42.3,12.8,14.7,31.0,27.9,13.4,17.2,23.8,22.2,20.6,21.3,13.3,29.3,14.2,17.0,22.7,43.5,30.0,25.6,28.2,23.0,32.6,28.7,37.7,33.9,31.8,19.7,30.0,27.3,27.2,21.2,41.2,18.9,32.0,30.0,27.24
885,Nathan Ward,56.0,57.4,64.6,96.8,81.8,72.6,62.5,84.7,87.2,81.6,67.8,89.0,64.9,76.6,75.5,89.3,62.7,92.1,71.3,75.3,68.8,73.7,57.7,69.2,68.2,85.9,96.8,75.0,70.5,76.7,71.9,98.8,77.9,65.7,72.6,67.5,71.6,99.5,63.8,70.1,98.3,86.5,84.9,65.6,75.3,77.4,58.0,99.5,77.2,77.6,72.4,67.4,99.1,64.4,70.5,87.6,56.0,96.6,90.6,86.4,75.97
886,Claire Ward,25.0,25.3,11.4,19.4,19.9,11.2,10.1,34.6,33.6,27.6,15.5,14.4,23.9,43.4,33.2,32.4,17.2,19.7,37.2,31.6,34.6,44.8,18.8,44.6,39.9,23.4,20.9,34.8,28.3,27.5,13.7,37.5,43.1,29.9,30.5,19.1,21.9,22.0,18.8,19.7,31.0,25.2,41.1,13.0,20.8,29.9,10.1,19.5,12.5,15.4,42.6,35.5,14.4,42.2,37.7,10.4,38.3,29.8,33.1,30.3,27.84
887,Miles Ward,20.4,23.5,32.9,22.6,23.8,40.6,12.2,35.1,19.1,23.2,32.9,30.2,38.8,41.2,38.3,42.0,39.1,45.0,38.1,39.7,12.4,42.1,30.3,42.4,36.7,35.5,31.4,16.3,38.2,34.0,24.1,26.4,33.6,42.3,36.6,12.3,24.5,28.7,20.8,21.2,21.7,13.2,25.5,43.1,33.9,11.1,24.1,36.3,39.2,33.1,30.1,42.3,43.2,40.5,39.7,39.9,37.3,14.2,28.1,29.0,32.43
888,Eva Ward,72.1,91.4,87.9,76.9,79.7,74.5,56.4,59.3,78.0,72.2,75.7,86.1,71.0,88.8,84.3,95.3,81.5,55.8,77.8,77.7,99.1,73.2,64.1,73.8,75.8,95.1,80.8,71.7,73.8,77.3,58.4,63.4,89.9,91.6,83.2,70.0,94.7,57.8,73.5,73.8,90.9,61.9,69.2,90.8,84.1,83.3,70.0,94.9,63.9,71.4,79.5,88.6,99.6,91.4,90.5,73.5,72.4,92.2,81.0,80.3,79.19
889,Cole Ward,65.1,97.9,95.8,56.6,68.5,93.4,93.9,68.8,71.2,76.9,76.5,83.2,56.3,91.4,83.6,82.2,86.3,76.8,61.8,69.8,98.1,67.8,74.7,77.4,78.5,70.1,79.3,64.4,97.3,86.9,64.3,58.2,85.8,67.6,68.3,79.5,96.6,87.9,64.9,74.1,86.6,84.5,98.3,84.9,86.9,79.1,55.3,62.6,76.0,71.9,85.8,79.8,90.8,68.0,75.0,88.9,90.2,91.1,71.4,78.9,76.61
890,Piper Ward,44.6,39.1,39.1,13.2,24.3,32.3,37.1,33.7,16.7,23.8,25.0,14.7,27.8,36.1,30.7,25.6,30.2,25.0,22.8,24.5,40.7,39.7,11.5,19.2,23.8,36.9,26.8,31.9,21.6,25.7,25.3,41.4,32.4,13.4,21.3,14.0,12.8,28.2,33.9,27.7,18.6,36.5,30.5,33.8,31.7,41.3,27.2,32.5,16.3,23.2,29.0,24.2,20.6,15.8,19.3,37.3,17.8,18.4,21.2,22.5,24.88
891,Ezra Ward,69.7,67.9,95.0,89.3,84.6,82.1,65.7,78.0,69.8,72.0,96.3,91.2,78.2,93.6,91.6,90.0,59.6,70.8,56.8,63.5,58.6,59.4,88.7,63.9,65.9,97.2,73.6,93.2,87.6,87.8,70.3,59.2,89.3,61.2,65.9,56.7,75.8,67.1,66.4,66.5,92.3,96.2,83.9,56.5,70.2,83.4,96.1,76.9,68.9,75.5,76.5,67.4,66.6,83.4,78.1,70.9,81.7,61.3,67.6,69.1,74.23
892,Violet Ward,90.2,92.0,87.7,70.3,78.2,60.6,89.0,82.8,73.8,75.3,84.7,63.2,67.7,67.5,69.2,57.7,86.7,94.8,97.4,90.3,85.0,59.7,77.2,90.5,83.9,91.9,67.8,91.4,66.6,73.4,67.1,78.9,56.2,63.3,64.9,86.3,93.7,94.9,83.6,86.8,92.0,90.4,73.5,63.4,72.2,84.4,82.1,85.0,61.2,70.3,99.2,84.5,57.9,62.4,69.7,97.9,76.5,96.3,70.6,78.5,76.06
893,Felix Ward,43.4,10.9,42.6,36.8,35.0,43.1,27.8,31.1,20.0,25.6,43.9,26.5,14.4,27.1,27.6,28.8,19.9,26.9,14.8,19.0,23.1,24.6,35.8,31.2,29.9,10.3,32.3,42.2,32.5,30.8,43.2,12.3,32.1,39.7,35.5,29.3,40.4,26.2,31.5,31.7,38.2,10.8,28.1,19.6,22.0,20.5,44.4,31.1,30.6,31.2,19.2,34.5,28.3,28.7,28.2,28.7,12.6,41.2,31.0,29.6,28.84
894,Iris Ward,19.5,41.6,33.5,15.6,22.0,20.6,10.7,18.8,20.6,19.0,35.6,40.8,22.4,22.1,26.4,29.7,29.9,12.5,21.5,22.5,26.9,28.5,25.1,18.1,21.6,33.1,37.0,33.8,27.0,30.1,27.8,11.1,29.3,26.8,25.2,27.5,34.4,25.8,36.5,33.6,18.2,14.1,35.1,37.0,31.2,33.0,13.6,20.1,26.4,24.7,21.4,19.4,26.8,30.7,27.4,42.1,17.9,21.6,25.6,26.2,25.82
895,Silas Ward,91.9,79.0,76.7,70.4,75.3,73.3,63.3,99.3,77.3,77.8,94.3,65.9,96.3,77.4,80.6,57.2,58.2,98.9,82.1,77.8,97.6,60.7,79.7,62.6,69.3,89.9,80.2,61.5,59.8,66.8,73.1,79.9,76.1,97.1,88.8,95.6,81.0,90.5,68.4,76.7,90.9,58.8,57.6,85.6,79.0,64.9,82.9,58.6,95.3,84.7,62.9,92.8,86.8,68.3,73.3,74.8,80.2,62.1,87.6,81.5,77.63
896,Josie Ward,32.1,13.4,36.2,27.1,27.2,21.3,27.8,10.6,40.8,32.4,19.1,15.2,23.2,10.5,14.0,28.1,37.9,40.9,31.7,33.3,30.2,27.2,38.4,30.0,30.8,32.6,39.6,17.4,41.8,37.0,17.9,15.9,16.0,39.1,30.1,44.9,37.1,34.6,31.1,34.2,24.4,45.0,22.2,29.8,30.1,15.6,43.8,11.8,17.1,19.8,41.5,36.0,21.2,11.7,20.2,42.4,12.7,43.9,12.7,20.8,27.49
897,Milo Ward,56.9,91.7,70.6,74.3,73.8,65.8,64.2,67.5,60.2,62.5,55.0,94.9,74.6,84.4,80.6,90.3,98.0,63.0,65.7,72.9,55.5,89.7,88.7,89.1,84.6,59.2,84.5,99.9,72.0,75.7,72.1,67.3,93.8,64.6,69.9,88.9,76.6,87.2,71.8,76.8,67.3,83.9,56.6,63.7,65.9,93.2,74.0,72.9,62.8,69.7,63.5,55.2,78.5,65.1,65.4,67.2,68.4,86.2,72.9,73.3,72.59
898,Wren Ward,86.5,78.2,85.7,87.6,85.9,75.6,81.1,93.5,87.9,86.1,63.1,68.9,88.0,66.9,69.5,99.6,81.5,99.5,55.2,70.5,73.8,71.2,81.8,98.0,89.0,56.9,79.6,81.3,72.3,72.4,72.6,76.7,85.9,99.2,90.9,84.5,91.5,58.2,73.7,75.4,97.9,76.6,88.9,64.5,73.8,66.2,68.6,84.0,58.3,64.2,60.7,65.7,91.8,61.5,66.0,59.5,87.4,59.9,88.3,80.6,77.02
899,Theo Ward,35.6,27.8,23.3,27.4,28.0,27.5,24.2,35.5,23.0,25.4,26.5,21.6,13.9,40.0,32.3,16.3,34.7,28.0,43.5,36.6,33.3,24.8,26.6,30.3,29.5,19.4,38.7,24.7,16.4,20.9,27.8,10.5,25.5,41.3,33.3,39.3,21.9,19.7,44.9,37.7,39.4,31.6,12.3,21.0,23.7,32.4,33.7,37.4,29.1,31.3,39.4,33.3,44.6,22.6,29.2,11.8,31.3,40.4,38.8,34.4,30.19
900,June Ward,16.3,36.6,33.7,39.5,35.2,20.2,41.8,23.2,43.1,37.2,11.9,37.2,20.2,22.1,22.5,20.8,12.1,12.4,23.8,20.3,11.0,21.7,40.1,10.9,16.2,41.7,26.4,30.3,40.8,37.6,32.6,29.2,39.1,14.3,22.0,35.7,19.9,42.0,38.9,36.4,35.9,34.8,44.4,32.9,35.1,12.5,26.2,37.7,17.6,20.7,11.6,29.4,19.9,21.5,21.0,14.4,24.8,23.2,16.7,18.3,26.88
901,Ava West,67.4,82.1,56.0,61.8,64.5,67.8,77.3,82.2,59.0,65.7,58.0,78.1,85.3,97.6,88.1,88.9,85.7,87.5,82.8,84.6,55.5,82.6,97.6,99.4,91.1,67.8,60.3,90.4,63.8,67.4,55.0,90.8,66.3,61.0,64.9,95.7,65.7,82.1,60.3,68.6,61.9,82.6,89.4,66.3,71.0,57.4,86.2,93.5,97.2,89.9,70.6,86.9,59.2,67.1,69.2,77.0,85.0,59.3,78.8,76.8,75.15
902,Liam West,58.6,88.9,69.6,93.6,85.1,80.0,69.4,75.7,97.6,88.6,86.3,65.8,76.5,95.4,87.7,62.6,72.5,59.5,84.5,76.6,96.7,68.6,99.0,92.3,90.6,90.8,81.4,61.7,71.9,74.3,94.4,72.8,99.2,89.4,89.2,86.2,74.0,65.5,64.7,68.9,79.5,69.8,65.1,61.1,65.2,84.6,96.3,85.6,66.1,75.2,85.8,78.4,68.5,83.8,81.3,79.0,67.9,70.7,74.1,73.5,79.68
903,Noah West,15.8,22.1,12.2,38.4,29.7,41.8,28.3,12.5,41.9,36.2,22.8,30.8,38.6,44.1,38.8,19.0,17.2,11.6,13.7,14.6,32.0,18.8,38.1,35.1,32.9,15.8,41.6,36.6,12.9,20.3,23.8,28.6,42.0,23.8,26.9,21.6,14.8,17.1,12.2,14.5,15.5,32.4,20.3,43.5,35.2,12.2,19.5,19.2,40.3,31.0,33.4,19.1,11.6,29.0,25.9,32.1,33.7,18.1,36.8,33.3,28.28
904,Mia West,10.3,43.6,22.3,43.2,36.1,24.4,17.4,32.0,37.6,32.4,18.8,29.5,42.7,20.7,24.6,22.5,35.2,38.2,30.3,31.0,20.6,32.5,13.2,30.3,27.0,41.2,31.1,37.1,41.5,39.5,11.6,15.3,28.9,29.8,25.3,32.8,20.7,21.7,14.8,18.9,28.1,27.8,41.6,11.0,19.6,21.9,13.9,27.7,40.9,33.0,35.1,13.0,21.8,38.1,32.2,18.0,41.4,36.8,42.3,38.2,29.82
905,Ethan West,39.2,41.0,18.9,43.4,39.3,38.2,43.1,16.0,25.2,28.1,17.7,37.4,44.6,42.5,38.8,32.6,16.1,35.9,27.4,27.7,42.2,35.7,12.2,41.1,36.7,11.8,16.8,26.9,17.7,18.0,44.9,32.5,13.2,26.7,28.1,22.5,14.6,29.0,11.7,15.8,33.9,20.1,42.0,33.1,32.7,21.1,26.2,34.5,14.9,19.8,41.8,43.7,36.8,30.2,34.4,39.1,12.4,28.0,23.0,24.4,28.65
906,Ella West,40.2,11.1,27.9,19.0,22.0,24.0,35.1,26.2,42.2,36.7,13.4,36.1,39.8,44.7,38.7,17.9,41.1,19.1,30.0,28.4,34.4,15.4,36.4,23.1,25.4,29.8,17.1,16.4,27.4,24.9,41.6,11.0,43.4,12.2,20.1,43.9,22.0,26.4,10.9,18.8,25.5,42.7,44.5,33.2,34.9,40.4,28.9,36.1,33.0,33.9,26.7,34.1,25.0,11.9,18.6,14.1,31.8,17.2,13.1,16.3,26.56
907,Lucas West,82.9,65.9,56.9,65.2,66.5,78.2,80.6,97.4,74.7,79.0,64.2,72.5,60.8,55.8,59.8,76.3,69.8,75.7,64.3,68.2,56.9,80.1,56.9,75.9,71.4,97.5,97.3,92.8,68.0,79.1,66.4,76.7,84.7,71.3,73.2,68.7,75.4,62.2,69.3,69.1,90.8,62.0,70.4,67.3,70.1,71.5,83.9,81.6,81.7,80.6,64.1,79.5,97.3,56.6,66.1,92.6,61.9,89.7,69.9,74.5,71.47
908,Grace West,33.0,14.6,25.2,18.5,20.8,25.2,37.1,24.7,13.9,19.9,39.3,12.6,34.1,42.4,36.9,11.4,40.8,40.4,25.8,27.8,34.9,27.1,38.5,24.0,27.8,22.5,30.9,33.0,29.8,29.4,20.7,21.7,19.0,19.7,20.0,15.7,31.6,16.1,21.7,21.5,44.1,28.8,10.6,38.2,34.1,18.8,29.8,39.0,32.0,30.9,25.9,20.0,16.5,10.7,14.7,41.1,16.6,12.8,21.5,22.3,25.51
909,Mason West,35.0,40.4,36.5,28.5,32.0,28.0,28.1,44.3,25.7,28.8,42.4,13.8,44.5,29.7,31.2,34.8,20.9,27.7,27.3,27.5,10.4,11.3,35.1,41.4,32.4,38.3,20.9,13.1,40.3,33.8,39.1,16.0,16.0,26.5,25.4,37.4,21.6,37.8,28.0,29.7,32.4,13.1,17.0,28.1,25.2,40.9,11.1,43.9,36.0,34.4,44.9,43.3,39.4,32.3,36.4,18.0,31.2,24.3,13.5,17.9,29.56
910,Chloe West,68.9,65.5,73.3,59.1,63.2,78.3,93.0,63.0,78.3,78.2,71.2,74.8,57.3,77.7,73.7,86.1,61.2,94.1,96.9,90.3,83.6,91.0,86.8,92.3,90.2,92.2,63.5,72.7,97.4,88.9,57.9,99.8,75.3,89.0,84.5,56.5,61.8,68.8,98.7,84.2,60.9,87.5,65.5,87.2,80.8,60.4,99.1,63.4,99.3,89.3,86.8,63.4,84.0,68.2,72.1,83.7,89.6,84.7,93.3,90.4,82.15
911,Logan West,14.3,23.3,31.8,42.9,35.0,16.9,40.7,10.3,15.1,18.1,32.0,35.9,36.4,25.1,29.0,36.1,15.5,23.9,29.6,27.8,44.3,20.8,44.6,18.8,25.9,28.6,13.8,28.0,22.6,22.9,28.7,12.5,33.9,11.4,16.9,18.9,37.9,14.1,32.5,29.0,41.4,27.1,23.8,42.2,37.6,15.7,11.6,35.8,28.5,25.5,34.9,36.9,25.4,32.8,32.6,24.4,34.0,28.8,43.2,37.5,28.15
912,Zoe West,32.8,23.2,20.6,28.8,27.5,18.4,17.3,14.7,16.0,16.3,15.6,19.9,21.1,18.3,18.5,36.0,21.6,44.0,28.7,30.8,11.5,31.6,30.9,25.8,25.3,41.0,19.1,15.7,20.6,22.5,24.9,18.3,20.2,10.1,14.5,34.4,12.0,24.1,44.0,35.8,38.2,39.6,40.0,10.1,21.8,33.8,39.4,34.7,21.5,27.3,34.2,19.0,37.7,12.4,19.6,41.3,14.2,40.8,15.8,22.3,23.52
913,Henry West,67.6,86.6,57.8,66.5,68.2,89.9,62.4,60.5,56.1,62.0,85.5,58.4,57.5,76.4,72.7,55.8,80.0,91.2,69.4,71.9,56.7,80.4,72.5,72.5,71.4,86.6,76.1,56.4,97.9,88.0,62.2,97.9,78.3,82.7,81.4,55.1,55.8,97.4,60.1,63.8,68.7,68.8,64.1,61.3,63.7,82.6,81.0,96.0,75.7,80.0,98.5,65.1,89.5,59.8,69.6,91.6,96.1,89.8,99.4,96.6,74.11
914,Layla West,63.8,84.4,69.5,96.8,87.1,57.5,80.8,79.2,72.3,72.4,96.9,91.8,82.0,61.1,72.8,88.0,84.1,95.2,82.4,85.1,75.8,66.1,86.7,72.3,73.9,83.7,60.3,95.1,95.4,89.1,86.0,80.3,82.9,65.0,72.2,97.6,98.6,94.3,84.4,89.4,61.6,62.9,75.0,98.9,85.9,74.0,70.9,94.1,56.2,65.6,90.0,68.1,86.7,98.7,91.9,56.0,60.5,56.2,82.7,72.6,79.83
915,Owen West,82.0,96.3,77.8,70.1,76.2,92.0,63.0,61.7,94.8,85.8,94.8,84.0,98.6,76.1,82.6,82.3,91.5,93.2,79.3,83.2,91.3,68.6,65.8,92.3,85.5,85.3,87.9,63.7,64.5,70.3,55.9,95.9,65.0,86.6,80.9,65.7,74.0,80.5,78.2,76.3,83.8,76.9,55.4,86.8,80.9,84.6,60.2,64.9,99.4,87.6,77.5,97.2,60.3,59.6,67.1,73.2,83.8,55.0,62.1,65.5,78.49
916,Nora West,98.1,72.9,74.6,97.8,91.4,93.6,74.0,78.7,73.1,76.7,83.9,62.6,94.9,69.8,74.1,66.0,62.3,93.6,62.9,67.3,94.9,95.4,79.9,56.7,70.0,58.3,61.5,80.8,91.0,81.3,57.0,82.8,58.0,73.6,70.5,99.7,82.0,87.3,65.5,75.2,69.6,69.4,98.8,96.7,89.7,59.9,66.8,92.2,62.5,66.7,57.8,75.0,75.2,93.9,84.1,67.6,70.3,89.4,71.5,73.2,76.68
917,Wyatt West,18.4,38.5,28.8,33.0,31.2,27.3,40.2,12.1,10.8,17.1,30.6,28.4,11.3,21.6,22.3,36.4,30.0,18.2,22.0,24.5,12.9,13.8,23.4,17.5,17.2,39.9,41.6,30.5,15.3,24.1,22.0,43.6,10.9,26.2,25.9,38.8,38.5,16.2,39.5,36.2,41.7,19.6,15.9,30.6,28.7,36.1,32.7,21.0,38.6,35.1,17.1,39.9,34.7,17.8,22.9,22.1,21.0,42.9,19.5,23.2,25.7
918,Hazel West,25.8,28.3,17.5,25.1,24.6,28.1,44.3,17.9,27.3,28.4,21.6,14.2,11.7,36.4,28.2,40.8,15.4,14.9,11.3,16.3,15.1,42.7,16.3,37.9,32.6,18.5,27.3,10.3,15.0,16.5,39.7,21.6,17.4,44.8,37.4,14.0,42.4,36.8,30.5,30.7,44.9,24.3,21.6,29.4,29.7,35.9,23.4,22.8,43.3,36.9,38.9,13.6,35.7,21.2,24.5,40.6,14.7,26.1,25.4,26.1,27.66
919,Julian West,14.1,11.3,35.1,19.2,19.6,36.3,12.3,24.2,14.4,18.3,35.1,32.5,26.6,37.9,35.3,42.4,27.9,15.8,27.0,27.7,26.4,40.7,34.1,11.3,20.3,23.1,36.6,18.0,36.0,32.0,10.5,30.8,44.4,43.1,37.3,17.1,38.5,32.3,15.1,20.8,26.1,16.0,24.1,20.2,20.9,14.4,11.7,11.3,29.4,22.6,22.3,43.5,19.4,27.5,27.9,35.9,20.1,29.8,40.6,35.8,26.54
920,Aria West,71.7,84.5,86.5,84.0,82.8,81.1,84.4,91.4,79.1,81.7,70.0,99.6,88.8,70.5,76.8,98.1,87.3,74.7,56.3,68.5,96.2,93.3,98.0,97.4,96.8,87.9,65.5,96.7,59.4,69.0,67.2,77.2,63.5,96.9,85.9,59.2,86.2,86.8,80.0,79.0,62.9,60.1,85.7,95.2,84.9,76.1,68.7,98.3,69.5,74.1,62.5,97.3,76.3,64.4,70.1,76.0,90.4,66.7,94.9,88.0,79.8
921,Levi West,35.4,36.3,34.3,43.7,40.4,37.2,34.1,44.5,33.0,35.2,27.5,37.4,38.3,25.7,29.2,25.0,25.5,38.5,38.4,34.9,28.6,37.2,42.2,33.6,34.6,20.9,23.7,24.9,17.3,19.6,43.8,24.8,28.6,13.7,21.2,37.0,41.2,35.9,42.1,40.5,41.2,31.3,31.2,37.1,36.1,38.1,17.8,25.8,38.1,33.8,13.8,13.7,28.4,23.2,21.4,25.1,12.9,42.2,33.3,30.7,31.47
922,Ruby West,39.1,37.8,35.7,36.3,36.8,22.1,13.5,37.6,30.0,27.8,25.8,43.7,16.5,39.6,35.2,44.0,11.7,13.8,34.3,29.8,30.1,32.7,21.2,10.3,17.4,22.4,26.8,36.2,17.5,21.9,34.9,20.1,11.4,15.9,18.4,10.1,39.9,41.2,31.3,30.9,35.0,39.3,27.4,43.9,39.9,32.8,32.1,14.3,10.9,17.1,14.8,37.1,32.6,16.9,21.4,36.1,41.7,35.4,15.8,24.6,26.77
923,Isaac West,27.6,34.4,44.4,13.4,22.2,37.8,24.7,17.6,43.3,36.7,27.4,22.7,21.3,21.4,22.4,15.6,28.0,39.5,32.6,30.6,16.0,31.0,11.1,14.5,16.4,19.4,21.5,22.4,20.1,20.5,12.2,11.5,11.4,43.5,30.8,40.7,42.9,13.8,22.9,26.7,41.3,10.2,19.3,43.2,35.4,19.2,42.4,12.6,20.9,22.4,32.3,26.2,31.9,20.5,24.4,38.4,14.7,20.2,16.4,19.6,25.68
924,Luna West,66.7,71.0,88.2,57.3,64.5,74.9,57.9,63.3,96.9,84.3,56.2,57.7,80.9,64.0,64.4,55.5,78.0,91.0,72.9,73.7,94.5,84.7,90.9,61.7,73.0,71.4,82.6,86.4,87.4,84.5,99.2,58.6,85.7,75.6,77.8,84.1,74.9,66.2,98.3,89.0,68.0,62.3,80.7,61.4,65.0,74.6,62.2,83.7,57.8,64.1,58.2,67.7,82.4,81.2,76.5,68.3,81.2,79.0,85.9,82.0,74.9
925,Leo West,27.9,29.8,13.3,13.4,17.5,27.1,16.1,12.1,27.7,24.0,23.8,20.5,28.5,14.7,18.5,31.3,31.0,13.6,37.4,32.6,13.7,12.7,33.1,24.1,22.4,44.9,34.4,42.4,40.1,40.3,15.4,22.1,29.2,24.8,23.8,21.4,39.0,44.8,31.8,33.1,37.9,34.0,33.3,12.2,21.3,33.4,38.3,14.2,10.4,17.7,27.0,26.2,18.6,44.4,36.2,33.3,44.0,37.5,12.1,22.6,25.83
926,Ivy West,12.1,38.5,13.7,21.2,21.3,27.7,39.2,12.6,30.0,28.6,36.0,12.4,20.9,15.5,18.5,13.2,26.9,40.6,36.3,32.5,16.1,29.8,28.8,23.7,24.2,38.8,19.6,11.3,29.7,27.1,40.5,28.3,12.3,31.5,29.7,44.6,17.5,31.2,24.9,27.4,19.9,17.4,17.8,20.8,19.8,11.8,44.8,34.0,36.6,34.0,35.2,40.2,16.2,44.3,38.8,27.4,21.7,43.6,40.6,36.7,28.22
927,Elijah West,11.2,29.1,43.5,44.7,38.0,39.2,29.5,20.7,29.5,29.6,14.0,15.8,37.5,39.7,32.8,31.7,12.8,37.0,20.4,23.1,22.3,21.8,27.6,35.3,30.7,26.9,28.1,43.9,45.0,40.2,19.5,27.3,28.3,25.9,25.6,14.6,34.6,25.9,35.7,31.4,25.0,42.4,13.7,32.4,30.3,34.2,27.7,23.1,14.5,20.0,16.3,19.4,40.3,24.2,24.7,41.6,13.2,24.8,21.4,23.5,29.16
928,Stella West,20.3,28.9,25.6,24.0,24.4,19.8,37.8,34.4,24.0,26.7,29.9,23.8,34.5,27.9,28.5,13.2,39.2,26.0,15.2,19.6,32.8,19.6,21.1,21.3,22.6,24.3,31.2,31.6,40.2,35.7,19.5,28.9,20.7,26.6,25.2,25.2,42.2,33.7,34.8,34.4,38.4,16.6,31.0,35.4,32.7,29.2,41.7,35.0,26.4,30.0,32.0,20.2,26.3,30.2,28.6,40.3,43.8,24.9,13.0,22.3,27.56
929,Caleb West,55.1,57.5,57.8,95.0,79.7,66.5,62.9,56.5,85.1,75.8,63.8,71.3,59.0,90.2,80.0,84.2,56.4,59.5,57.1,60.9,60.7,94.1,71.5,58.8,65.5,80.3,95.3,64.7,76.3,77.8,76.4,81.2,68.3,88.1,83.0,60.0,86.5,92.6,77.1,78.1,57.9,97.7,78.4,95.1,88.3,80.0,60.0,87.4,87.3,82.7,98.6,55.4,60.0,88.3,81.5,77.3,64.7,93.0,84.9,82.3,77.97
930,Willow West,40.1,10.9,44.6,33.0,32.5,37.4,28.0,29.3,33.5,32.7,17.9,10.9,29.7,20.6,20.2,31.9,18.9,40.7,20.0,24.2,22.7,13.5,21.4,28.4,24.7,26.9,39.4,24.9,27.2,28.5,20.2,19.0,23.1,43.2,34.2,19.9,22.8,43.9,33.9,31.9,37.7,18.5,12.1,38.9,32.4,32.3,36.1,17.2,44.6,38.2,12.7,32.7,33.2,34.7,31.3,39.7,38.9,14.7,23.1,26.3,29.76
931,David West,97.3,70.8,69.9,55.9,65.3,83.3,57.0,95.8,57.6,66.0,94.8,82.0,85.4,59.3,70.5,56.6,85.9,89.9,71.6,73.9,77.2,66.4,96.4,56.8,66.1,56.6,71.7,63.2,73.9,69.9,56.9,64.2,96.3,73.4,73.0,79.3,59.4,74.2,90.1,82.4,72.4,78.3,97.2,60.4,69.3,99.8,60.3,91.8,73.5,77.7,72.7,92.3,89.0,59.0,69.3,82.4,97.0,68.6,58.8,68.3,70.98
932,Maya West,41.7,44.5,31.8,29.6,33.5,39.9,40.2,14.4,33.9,32.9,22.2,10.8,35.0,17.9,19.8,40.6,30.3,22.3,12.9,20.2,27.4,13.8,32.5,15.5,19.1,39.4,22.8,18.7,25.0,25.8,19.5,37.5,10.3,44.0,35.4,38.0,28.2,23.5,32.9,31.7,40.0,28.8,13.9,23.9,25.4,35.4,22.4,23.3,33.8,31.1,32.7,26.2,19.6,39.1,33.9,15.2,15.7,28.8,32.4,27.4,28.02
933,Gabriel West,25.8,14.4,22.9,14.1,16.9,11.1,10.2,20.7,19.5,17.3,22.5,18.2,26.9,29.9,27.0,40.7,39.9,11.5,18.8,23.6,41.1,21.4,29.5,30.5,30.6,35.0,17.5,15.5,12.3,16.4,44.3,35.0,41.3,22.2,29.4,40.7,40.6,23.9,18.9,25.4,12.7,15.5,29.0,38.7,30.8,20.7,14.9,23.9,29.9,25.9,12.0,19.6,29.7,11.1,14.8,38.0,32.2,29.9,15.7,22.8,23.41
934,Naomi West,78.6,80.7,61.5,65.1,68.5,55.7,91.3,94.8,65.9,71.8,64.5,87.1,56.3,93.7,83.9,73.7,61.3,70.4,72.6,70.9,92.6,61.4,87.4,68.9,73.5,67.6,88.3,86.1,84.6,83.0,58.1,79.4,91.3,87.4,82.9,80.0,61.9,62.7,66.1,66.9,73.3,87.7,62.5,79.0,77.2,73.9,74.6,64.7,57.0,62.6,77.4,91.7,66.7,86.4,83.3,81.8,74.1,73.9,77.9,77.4,75.16
935,Samuel West,16.5,17.4,31.9,43.8,35.1,16.4,36.5,14.1,39.9,32.9,37.8,14.3,14.1,32.1,28.1,33.7,16.7,31.7,29.8,28.8,26.1,15.4,34.6,24.7,25.0,41.2,31.4,41.2,22.4,28.6,31.4,22.5,34.7,43.2,37.7,21.0,33.6,24.2,23.0,24.3,13.8,17.4,40.6,35.5,30.9,14.0,39.6,38.1,14.2,20.7,34.9,21.2,12.4,25.9,24.7,35.2,33.3,30.0,17.6,23.7,28.38
936,Anna West,94.8,61.1,84.6,61.0,68.7,77.9,92.4,98.8,92.6,91.4,84.4,92.9,85.2,68.4,76.0,55.6,75.2,63.7,86.1,77.6,91.6,71.9,61.3,98.5,89.1,74.0,72.9,82.0,62.3,67.9,62.5,96.1,85.1,98.0,91.3,87.2,83.5,56.4,58.8,65.6,91.5,87.9,72.1,61.3,70.3,92.8,60.1,76.2,98.1,89.4,87.6,87.8,55.9,97.4,89.3,95.1,67.0,92.3,64.0,72.3,79.08
937,Jack West,37.4,44.1,16.6,30.3,31.3,31.3,33.9,25.8,32.0,31.3,14.4,24.8,25.7,20.0,20.7,10.7,31.0,22.7,30.4,26.8,24.6,41.0,17.8,10.8,17.6,12.5,20.9,44.9,15.5,19.7,16.5,12.0,20.6,15.9,16.1,37.9,22.4,19.4,18.6,21.8,33.4,41.4,11.9,26.8,27.6,13.2,20.3,36.7,40.7,33.8,44.5,17.8,40.6,37.8,36.4,43.4,40.7,37.0,25.0,31.1,26.18
938,Elena West,34.5,14.6,37.3,25.8,27.0,41.2,44.3,16.5,16.6,23.6,20.1,32.3,41.1,38.6,35.6,19.8,22.9,18.8,34.2,28.7,42.3,35.7,24.2,39.7,37.4,26.3,41.4,25.8,17.5,23.0,17.9,35.1,19.2,37.6,32.2,30.4,28.5,37.3,35.3,34.0,19.0,35.0,14.7,28.9,26.5,16.1,25.4,30.6,31.0,28.2,42.9,20.6,43.0,12.2,21.5,27.9,36.7,15.0,15.8,20.1,28.15
939,Carter West,96.5,83.4,61.1,61.9,69.3,95.9,64.7,76.3,73.8,75.9,67.0,64.8,87.2,85.6,80.6,96.8,99.2,79.8,78.9,84.1,60.1,74.5,60.4,73.9,70.3,73.7,56.8,74.0,73.1,71.1,63.5,77.3,81.0,74.3,74.2,93.9,99.9,69.1,96.5,93.0,79.3,66.5,63.5,91.9,83.0,68.4,85.7,96.1,59.3,68.9,62.1,83.7,95.9,70.9,74.8,86.4,75.2,73.7,74.8,76.3,76.79
940,Sofia West,71.1,84.8,92.3,76.1,78.8,69.8,75.7,88.7,61.4,68.1,68.6,70.0,56.3,72.2,69.3,66.7,89.8,70.9,61.4,67.2,76.2,60.7,76.3,93.9,84.8,82.3,58.7,63.6,88.0,80.1,99.0,94.7,91.2,65.9,77.5,62.3,88.5,88.3,90.9,86.4,63.0,95.3,86.5,89.0,86.0,90.9,69.6,81.7,85.3,83.5,74.0,98.3,66.6,95.7,89.3,67.5,77.0,83.3,65.3,69.6,78.38
941,Dylan West,20.1,21.4,41.4,32.9,30.8,31.4,25.0,15.5,12.5,17.1,25.2,42.0,32.5,37.5,35.8,43.7,17.6,22.9,35.3,32.4,29.1,16.1,25.8,11.8,16.5,31.5,34.4,26.0,21.5,25.2,13.5,15.7,30.8,28.5,25.1,21.7,43.8,17.6,23.9,25.4,33.6,29.4,18.9,27.1,27.2,14.3,40.1,28.0,25.8,26.5,37.2,20.8,11.0,26.6,25.2,23.6,44.3,28.7,22.4,26.3,26.12
942,Lily West,26.3,30.3,26.1,44.3,37.6,31.5,30.5,24.1,27.4,27.9,38.6,10.8,14.1,41.9,33.6,20.9,11.0,43.1,18.4,21.0,16.9,13.1,28.9,29.3,25.4,16.9,31.3,29.2,13.3,18.3,34.0,24.8,18.4,34.5,31.0,20.7,18.7,29.0,22.5,22.6,26.1,12.4,29.9,31.9,28.3,18.6,29.6,12.5,23.7,22.3,20.3,30.8,11.2,22.1,21.6,30.9,39.4,39.3,18.1,25.5,26.26
943,Adrian West,27.6,19.8,44.3,39.2,35.7,24.6,11.6,23.5,38.5,31.1,25.5,23.6,20.5,19.8,21.2,16.5,34.6,43.9,24.2,27.2,29.7,25.6,12.3,19.3,20.6,29.4,25.4,10.4,35.4,29.9,26.1,11.6,23.9,20.5,20.5,21.9,40.0,13.8,40.5,34.4,28.1,28.0,16.5,17.8,20.4,25.4,42.3,37.2,27.4,30.4,44.4,16.1,15.6,41.4,35.0,15.9,13.3,19.2,33.3,26.4,27.73
944,Hannah West,38.1,31.5,41.1,15.8,24.2,21.6,25.8,24.4,43.1,35.4,44.4,25.7,20.8,20.8,24.6,33.2,27.7,31.9,26.8,28.5,41.2,18.6,16.2,22.3,23.5,17.0,33.1,19.8,33.7,29.5,34.1,10.4,37.9,18.5,22.1,36.8,43.9,37.3,25.6,31.1,28.1,24.9,20.9,11.9,17.0,18.3,33.6,37.2,18.9,23.2,37.1,30.1,21.9,34.2,32.4,12.4,24.8,10.4,12.0,13.5,25.42
945,Nathan West,57.2,57.8,72.5,87.1,77.3,89.1,74.4,91.1,56.8,68.0,69.3,65.7,86.8,60.4,65.8,58.2,99.5,79.1,76.6,77.5,91.3,64.5,69.3,90.7,84.4,78.1,60.6,80.5,58.9,64.6,80.2,66.1,83.5,75.0,75.6,97.8,72.9,81.7,99.4,93.3,57.2,94.0,57.5,98.9,87.2,69.0,56.1,57.6,94.4,81.0,87.4,55.2,60.1,81.3,75.8,67.6,92.6,59.6,55.3,62.5,76.08
946,Claire West,16.3,31.2,41.4,41.8,36.9,16.8,44.4,17.4,31.8,29.6,18.4,15.7,14.0,26.0,22.0,22.7,11.7,42.3,38.7,33.4,13.1,41.1,40.5,34.9,33.6,35.7,24.0,19.0,41.9,35.6,44.7,36.5,17.4,16.7,23.2,39.2,36.4,27.9,34.4,34.4,17.9,22.6,30.0,37.6,32.0,24.2,40.1,44.2,43.8,40.7,19.2,17.5,34.6,11.5,16.4,22.7,25.7,36.3,19.9,23.2,30.08
947,Miles West,38.4,21.3,11.6,30.8,28.0,27.7,36.8,12.1,28.2,27.1,36.0,17.6,20.2,23.7,24.1,26.0,40.2,16.5,31.4,29.9,25.9,28.0,28.1,30.1,29.0,17.7,35.4,13.7,15.1,18.0,35.1,23.4,22.1,13.6,18.9,15.5,38.6,31.8,30.5,29.8,29.3,13.9,13.0,14.3,16.1,45.0,43.1,13.8,12.9,21.3,40.3,34.2,31.0,33.0,33.9,19.9,12.0,39.8,32.7,29.2,25.44
948,Eva West,99.1,95.4,64.6,55.2,67.7,69.8,56.0,63.9,60.8,61.8,89.7,87.5,56.3,100.0,91.1,77.8,96.9,65.4,71.9,75.2,83.7,80.8,76.9,86.6,84.1,88.0,99.4,85.5,79.5,84.1,64.9,82.6,68.4,60.4,65.0,97.8,75.6,72.8,66.7,72.8,74.2,77.2,65.2,90.6,83.2,85.1,59.6,94.3,73.4,75.9,82.3,59.1,77.6,88.9,82.5,99.6,77.3,83.5,94.0,91.1,77.88
949,Cole West,31.4,33.8,33.4,34.8,34.0,37.1,37.6,13.8,44.8,38.7,37.3,42.6,31.3,37.1,37.1,35.4,35.5,19.9,30.3,30.3,10.8,21.8,10.5,14.3,14.3,22.4,41.4,40.5,33.0,33.7,25.8,14.1,14.6,32.5,26.8,38.5,16.0,33.5,28.6,28.9,41.9,13.0,13.1,16.6,19.0,27.1,22.0,18.8,38.9,32.4,24.8,40.0,32.5,29.4,30.6,18.5,16.5,28.8,38.1,31.4,29.77
950,Piper West,36.2,11.3,19.1,30.4,27.1,21.1,24.1,29.4,29.6,27.7,34.2,31.5,30.2,25.0,27.8,13.6,33.9,26.5,11.2,16.6,20.4,12.5,17.5,29.1,24.2,39.9,44.1,16.9,21.0,26.1,40.3,17.1,36.7,13.6,20.7,13.3,38.0,38.1,11.9,19.1,15.4,12.6,43.2,27.3,25.9,26.0,43.7,23.5,17.4,22.9,34.1,10.3,19.5,18.6,19.7,30.8,27.8,22.2,34.7,31.6,24.12
951,Ezra West,39.9,12.1,35.5,30.0,29.7,36.7,14.4,21.6,23.4,23.7,40.8,17.6,29.7,11.2,18.5,36.5,22.4,39.3,44.5,39.8,23.4,35.2,37.7,44.2,39.4,40.2,41.4,13.4,32.6,32.2,14.7,31.5,27.2,24.0,24.2,43.8,30.7,34.7,33.0,34.4,26.4,12.3,27.6,28.6,26.0,36.4,38.3,21.2,22.8,26.5,16.5,10.8,38.6,19.0,20.2,38.5,25.2,37.2,39.4,37.1,29.31
952,Violet West,79.5,68.7,94.2,60.2,68.4,59.0,87.0,89.1,82.8,81.0,72.3,82.7,64.5,79.1,76.7,68.2,56.1,87.8,96.0,85.9,87.6,89.6,90.1,71.3,78.4,96.8,93.1,85.7,75.5,82.0,59.0,77.0,81.8,62.2,66.4,79.7,67.5,73.2,75.8,74.9,74.2,60.9,79.2,69.3,70.2,62.3,84.5,84.6,56.8,64.9,66.3,87.4,94.6,94.8,90.0,88.8,59.6,97.2,69.7,74.6,76.12
953,Felix West,66.9,70.2,93.7,80.6,79.1,92.8,68.0,61.3,81.1,78.3,98.7,57.7,75.6,59.2,66.5,89.1,88.5,67.1,100.0,92.6,58.8,63.9,56.1,71.9,67.0,94.8,87.8,70.6,67.1,74.0,95.6,57.4,68.2,85.2,80.6,83.1,87.5,71.4,72.9,76.0,88.9,68.1,86.2,97.6,91.0,68.6,84.2,58.7,70.4,70.4,98.1,61.4,76.7,97.3,89.9,70.3,93.2,93.1,83.6,84.4,79.15
954,Iris West,20.5,38.7,38.8,18.1,23.9,44.3,16.8,16.5,13.1,18.2,27.2,36.6,32.8,14.6,21.6,41.6,13.1,13.0,43.6,35.2,33.9,29.0,39.0,23.0,27.4,24.7,15.7,41.3,22.6,24.5,27.2,15.4,43.8,26.6,27.5,34.7,11.0,16.3,10.6,14.6,30.3,11.1,23.8,24.7,23.5,12.2,15.4,12.4,30.1,23.4,23.6,32.5,20.4,34.2,30.7,30.4,34.2,21.8,41.7,36.5,25.58
955,Silas West,20.6,34.7,34.1,11.9,19.1,29.4,44.2,37.8,14.2,23.4,16.9,41.3,17.7,44.2,36.6,24.2,23.0,16.6,17.3,18.9,27.2,43.9,25.7,42.9,38.6,36.7,33.2,14.7,42.4,36.7,31.8,39.7,12.0,27.0,27.3,44.7,37.1,31.9,32.7,34.8,29.1,13.0,10.7,20.5,19.3,30.7,38.6,15.6,27.3,27.7,32.2,12.0,23.1,40.3,33.2,15.7,39.4,42.4,18.1,23.9,28.29
956,Josie West,76.9,69.3,88.0,98.0,90.0,57.7,80.1,75.8,92.8,84.2,91.4,66.5,93.4,71.1,76.2,75.2,69.6,90.7,69.2,72.9,60.1,62.1,60.1,66.8,64.4,64.7,74.1,63.5,75.7,72.4,73.9,76.3,60.6,84.0,78.5,96.1,76.7,76.5,59.3,68.8,74.5,91.0,56.6,92.5,85.1,87.6,60.2,57.2,80.5,75.6,55.5,84.9,94.2,65.9,70.8,95.9,92.0,58.0,65.6,72.1,75.92
957,Milo West,12.9,14.9,43.5,13.5,17.6,33.7,44.4,13.0,18.8,23.4,19.8,16.8,19.4,43.8,33.7,15.0,27.5,32.0,39.2,33.5,31.7,34.2,25.2,40.2,36.3,26.9,11.0,13.5,12.6,14.4,16.3,26.1,13.6,39.5,31.2,24.9,16.3,41.8,37.1,33.3,23.8,36.0,18.7,24.2,25.0,32.2,40.2,30.1,15.9,23.2,25.7,25.0,33.8,36.1,32.9,20.5,29.8,36.4,37.9,34.3,28.23
958,Wren West,42.2,11.8,29.6,21.4,24.0,44.4,41.0,27.0,33.2,34.9,31.1,26.9,23.4,37.8,33.5,29.6,32.6,25.7,17.0,21.9,33.4,43.4,20.8,37.4,35.5,24.0,30.0,31.6,22.9,25.2,27.3,32.6,13.7,30.5,28.1,24.6,37.6,23.5,44.5,38.1,29.5,44.9,12.3,17.4,22.0,41.7,23.5,14.0,41.6,35.5,16.7,37.7,33.8,26.9,27.9,41.7,12.9,32.4,26.6,27.6,29.52
959,Theo West,58.9,75.9,80.5,60.7,65.1,75.9,76.7,96.2,59.6,68.9,64.6,56.8,81.0,86.4,78.8,96.0,92.1,66.8,91.6,88.9,55.5,96.2,72.3,71.2,72.6,59.7,60.7,64.0,87.2,76.9,92.9,85.5,59.4,67.9,72.4,58.7,87.7,83.7,76.7,76.7,65.8,70.3,76.2,99.5,88.0,73.4,94.3,92.9,62.1,72.0,93.4,60.9,67.6,91.5,84.5,82.2,71.9,88.9,58.4,67.4,76.02
960,June West,91.7,56.9,73.0,80.4,77.8,88.4,55.7,81.6,78.9,77.4,66.9,69.4,56.3,94.0,82.1,61.3,98.4,64.7,87.9,82.7,89.1,95.9,61.9,71.3,75.7,65.6,87.9,79.6,56.3,64.9,64.8,73.1,72.8,87.0,80.3,69.2,97.1,55.8,85.6,81.0,62.7,95.5,86.0,92.8,88.2,55.8,71.5,84.6,71.0,70.9,77.1,89.9,61.8,58.9,65.8,98.7,59.8,56.3,83.0,78.4,77.1
961,Ava Burke,16.4,15.1,11.8,31.7,24.8,32.9,39.9,14.9,23.1,25.6,20.4,41.2,26.1,31.7,30.7,11.0,31.8,43.1,24.3,26.0,21.5,31.3,12.7,26.9,24.9,17.1,27.8,24.3,36.9,31.4,31.9,14.4,43.7,33.2,31.9,42.1,27.1,44.9,43.6,41.4,31.2,42.5,27.5,23.1,27.4,40.8,19.6,25.4,26.0,27.0,38.4,19.8,17.1,22.8,23.7,43.4,21.4,40.8,43.1,39.9,29.56
962,Liam Burke,37.1,17.4,38.4,19.8,24.3,24.5,19.7,17.9,29.7,26.1,20.6,18.1,13.2,26.7,22.9,40.8,40.5,24.2,36.8,36.1,27.7,17.0,25.2,41.2,34.0,44.4,37.8,28.8,30.8,33.3,36.8,35.1,19.8,28.5,29.3,24.9,38.9,42.3,43.1,40.0,38.9,14.1,38.0,17.0,22.3,13.1,26.2,35.6,36.4,31.8,22.8,36.1,16.0,39.8,33.9,11.9,18.5,32.7,32.8,28.1,30.18
963,Noah Burke,41.8,18.9,26.7,43.4,37.7,22.7,34.8,38.6,23.9,27.2,29.3,33.4,20.6,41.8,36.2,44.9,37.8,25.1,24.2,28.9,25.5,25.2,26.1,27.9,27.0,26.4,21.9,13.6,32.9,28.0,12.6,42.1,28.6,41.9,36.2,21.2,44.6,41.4,43.1,40.2,44.4,16.2,39.2,26.3,29.1,13.1,17.2,39.9,35.9,30.9,43.5,26.5,18.2,34.6,32.5,10.2,22.4,24.7,17.5,18.1,31.0
964,Mia Burke,36.3,15.3,13.4,44.0,35.1,40.6,24.1,13.4,16.1,20.1,42.5,36.0,35.5,35.8,36.7,43.2,31.3,19.5,18.4,23.6,31.8,13.6,23.3,39.6,32.9,40.7,41.8,37.2,43.0,41.8,26.3,31.0,39.9,35.2,34.1,16.4,40.0,14.7,16.1,19.1,38.9,13.2,41.7,13.0,20.3,34.1,33.7,27.9,13.7,21.0,35.8,44.2,24.4,19.2,25.4,38.0,16.2,41.8,22.2,26.1,28.02
965,Ethan Burke,75.9,87.4,75.3,72.6,75.4,81.0,99.6,62.4,56.0,66.0,94.2,61.5,95.2,80.7,81.9,72.1,58.8,77.7,93.6,84.0,63.6,88.6,87.1,94.2,88.4,80.1,76.1,79.9,89.8,85.4,67.7,75.0,90.4,71.8,74.2,73.3,73.9,64.3,82.3,77.6,79.1,58.1,61.6,80.4,74.7,82.6,76.8,69.2,84.3,81.1,89.7,65.1,70.1,70.6,72.3,85.5,61.1,79.0,58.9,65.4,77.2
966,Ella Burke,39.9,30.5,27.1,22.7,26.6,38.2,40.6,25.7,41.1,38.6,37.0,39.1,27.6,17.5,24.3,12.9,18.7,32.5,43.1,34.4,40.6,43.0,39.3,39.9,40.3,22.8,19.4,44.6,15.8,21.1,17.4,18.3,40.8,42.7,35.8,13.5,25.9,32.9,12.6,17.2,37.1,26.7,26.3,17.0,22.2,23.7,15.5,25.2,33.1,28.4,16.9,42.9,22.2,21.1,23.6,12.7,44.9,41.6,18.7,24.4,28.07
967,Lucas Burke,90.7,98.9,82.3,96.9,94.4,73.8,75.0,91.8,82.4,81.5,66.0,96.3,61.2,99.3,89.4,73.0,72.2,68.3,74.5,73.2,60.9,56.3,79.5,78.3,73.2,65.6,92.5,57.8,88.5,81.9,79.2,70.9,80.3,99.2,90.2,67.7,61.3,77.8,86.4,79.4,89.7,61.0,76.2,79.7,78.1,99.4,60.6,75.8,61.9,68.6,56.0,85.2,56.7,66.3,66.2,69.4,97.9,56.6,66.7,69.9,78.83
968,Grace Burke,30.5,28.9,33.2,11.2,19.1,18.5,34.3,11.9,37.1,30.9,20.0,13.0,27.3,22.9,21.8,22.0,15.2,11.6,24.3,21.1,10.8,28.5,38.4,29.3,27.9,10.8,18.0,40.0,41.7,34.2,21.2,44.7,12.0,40.0,34.4,32.2,20.1,30.1,12.6,18.5,15.8,21.1,34.2,19.3,21.1,17.3,16.2,40.4,40.9,34.4,20.3,36.2,12.7,16.3,19.0,25.3,37.0,25.2,42.5,37.2,26.63
969,Mason Burke,38.9,42.0,28.3,15.4,23.8,27.0,38.9,24.6,41.8,37.1,18.8,12.5,38.3,41.6,34.2,30.4,11.9,12.7,30.7,25.8,36.0,25.7,43.3,34.7,34.8,44.9,42.4,14.9,34.5,34.3,42.6,27.6,25.7,27.8,29.5,34.7,13.3,37.7,22.7,25.0,22.0,25.9,44.2,36.9,34.4,44.2,41.3,44.7,44.3,43.9,37.0,42.7,20.7,25.7,28.8,33.6,22.9,38.5,21.8,25.7,31.44
970,Chloe Burke,18.2,15.4,40.1,37.4,32.3,37.9,41.9,20.7,23.0,27.2,11.0,28.1,11.3,40.4,31.0,16.2,29.1,41.5,14.9,20.5,23.1,18.7,25.2,12.3,16.3,19.9,29.8,10.2,30.7,26.4,22.6,17.4,38.5,43.1,36.3,26.2,19.4,36.6,11.2,17.7,42.9,34.7,38.5,16.4,25.3,34.0,14.8,24.2,31.0,28.3,41.0,37.9,10.3,24.4,26.5,15.9,19.0,25.3,12.6,15.6,25.28
971,Logan Burke,31.2,27.2,16.3,32.8,29.6,26.7,38.5,24.6,38.0,34.8,13.5,31.8,24.6,43.0,35.1,22.8,32.0,25.1,14.3,19.2,17.9,17.6,32.5,15.1,18.1,13.4,22.6,36.5,41.5,34.6,32.7,34.2,28.8,16.0,22.4,18.8,22.6,17.2,16.0,17.4,13.6,44.7,34.7,29.8,30.3,27.6,42.7,41.8,28.6,32.1,10.3,33.7,32.7,37.6,32.8,32.8,35.7,20.9,30.8,30.4,28.07
972,Zoe Burke,25.7,37.6,29.9,28.6,29.6,24.1,25.8,36.4,10.6,17.9,40.5,24.5,25.6,26.2,27.8,22.2,28.9,15.6,23.6,23.1,41.6,14.5,18.2,19.5,21.6,24.2,29.0,35.9,20.8,24.4,29.8,25.8,32.0,43.4,37.7,10.1,11.7,11.9,10.2,10.6,33.2,31.8,13.7,21.4,23.3,44.8,38.2,40.6,16.4,26.3,14.8,37.8,40.8,25.3,27.6,23.1,27.4,25.3,15.1,19.2,24.09
973,Henry Burke,92.7,96.4,67.1,65.8,73.6,57.8,83.4,88.8,67.0,70.9,65.7,85.3,72.2,76.3,75.5,80.9,81.3,77.4,99.8,91.8,84.1,74.2,94.3,56.0,67.3,59.4,67.0,80.8,64.8,66.5,77.2,96.7,81.9,99.0,93.5,96.7,67.4,56.4,62.7,67.0,58.5,96.1,94.7,61.0,69.8,72.4,91.4,56.8,72.0,72.6,79.2,71.3,58.2,80.2,75.9,83.4,56.5,59.0,63.5,64.6,74.08
974,Layla Burke,18.3,16.2,28.4,26.8,24.5,17.0,17.1,33.1,12.3,16.3,32.9,35.8,13.9,39.3,34.6,36.1,27.3,38.7,38.9,37.0,34.5,39.8,21.8,20.8,25.3,32.8,14.9,10.9,30.2,25.9,37.8,42.9,30.6,10.9,21.4,26.5,38.2,34.7,44.0,39.7,37.6,31.6,44.6,42.5,40.7,17.3,41.1,21.0,37.8,33.3,31.0,38.7,44.9,19.0,26.7,34.3,35.3,30.8,41.5,38.3,30.31
975,Owen Burke,57.3,63.1,56.1,55.9,57.1,64.5,75.9,82.4,79.9,77.6,86.6,79.5,89.0,93.3,90.0,65.1,94.5,97.4,96.8,92.3,95.3,56.5,77.0,57.4,64.9,59.9,56.6,63.8,71.0,66.6,73.1,76.3,95.4,74.8,77.5,92.1,93.5,91.3,96.6,94.9,71.7,72.7,69.8,68.7,69.8,73.1,61.1,79.5,74.2,73.0,70.9,58.9,68.1,72.7,70.0,94.3,91.8,61.2,95.1,90.0,76.98
976,Nora Burke,77.4,92.0,67.7,98.9,91.0,65.3,67.1,67.7,78.3,73.7,75.1,62.7,99.9,84.9,82.6,91.5,99.5,89.8,73.3,81.4,58.6,64.3,75.6,83.2,76.4,81.1,80.5,82.5,75.7,78.0,86.2,61.4,81.5,85.7,82.0,77.0,62.4,82.8,97.3,88.0,82.8,91.0,88.5,88.5,88.1,65.2,68.2,82.3,60.6,65.1,74.7,83.6,81.9,59.2,67.5,58.5,74.3,55.3,82.7,74.7,79.04
977,Wyatt Burke,11.1,27.5,32.7,22.2,22.8,13.6,34.4,29.8,20.0,22.4,11.8,21.0,29.1,14.9,17.2,40.5,20.1,20.6,12.3,18.2,36.6,33.9,36.7,20.6,26.7,35.3,10.6,34.6,38.6,33.9,36.4,12.6,28.0,26.7,26.3,40.6,38.4,17.9,42.1,38.2,18.2,31.6,14.8,35.6,30.0,38.3,37.5,22.8,38.2,36.1,29.9,45.0,32.2,38.3,37.3,26.1,44.1,40.1,36.2,36.4,28.79
978,Hazel Burke,63.8,84.4,72.2,89.8,83.3,99.9,91.1,64.3,60.6,70.4,69.2,95.8,86.8,58.3,68.6,75.0,95.6,85.6,86.5,86.1,90.5,55.9,89.1,68.6,72.6,72.0,57.2,84.0,69.2,69.9,67.4,84.4,95.6,70.0,75.0,85.6,84.3,75.8,67.5,73.3,100.0,87.5,66.1,65.2,72.9,89.4,74.1,86.9,82.7,83.0,85.1,93.9,64.6,85.3,83.7,68.8,74.0,64.4,59.0,63.0,75.15
979,Julian Burke,29.9,18.6,11.1,14.5,16.6,20.8,42.5,44.5,21.0,27.0,14.1,27.6,34.8,17.8,20.9,41.2,28.2,34.2,37.1,36.1,26.4,22.4,32.0,37.5,33.3,37.1,33.6,30.4,13.6,21.6,41.5,31.8,27.9,31.3,32.3,25.9,12.3,21.8,13.4,16.0,38.5,22.8,24.9,20.1,23.6,15.2,19.2,31.6,14.9,17.7,44.3,11.0,20.5,26.4,25.9,37.1,31.9,12.3,35.0,31.8,25.23
980,Aria Burke,84.6,96.7,81.0,75.9,80.5,97.9,59.9,67.0,96.1,87.6,79.9,55.1,81.6,97.0,87.1,94.9,86.0,87.2,64.2,74.3,93.1,81.4,81.0,57.4,68.5,55.9,83.3,66.5,81.5,76.3,84.4,91.7,88.7,82.8,85.0,74.2,57.3,69.5,78.2,73.7,86.8,67.1,61.6,74.1,73.2,60.2,99.5,61.0,96.4,87.3,66.0,73.9,66.3,90.3,81.7,90.4,98.9,93.7,76.7,83.8,79.92
981,Levi Burke,34.7,30.1,20.9,18.9,22.8,21.3,43.6,10.4,22.8,23.7,10.9,33.7,10.7,40.1,31.4,26.5,26.1,44.5,40.6,37.3,19.4,27.4,28.5,28.1,26.9,42.3,22.3,18.6,15.2,20.2,41.1,39.5,43.1,17.1,26.8,20.0,44.9,24.3,15.9,21.4,28.1,27.0,16.8,28.3,26.6,34.9,43.2,27.8,32.6,33.7,19.3,34.9,23.0,32.7,29.9,27.6,44.3,32.2,19.0,25.3,27.17
982,Ruby Burke,94.5,83.7,78.2,65.0,73.2,78.8,58.4,74.1,87.8,80.9,75.8,74.0,84.4,66.8,71.3,80.1,96.9,83.1,70.0,76.7,75.8,57.2,74.3,97.2,86.0,93.9,79.4,78.9,79.0,81.0,90.9,57.2,88.3,61.0,68.1,70.2,58.4,76.5,84.1,77.8,74.4,71.7,84.5,59.5,66.4,57.8,91.0,62.0,58.2,63.0,65.9,73.0,59.4,75.5,71.7,98.3,56.1,76.3,75.9,76.3,74.37
983,Isaac Burke,25.0,26.0,17.1,10.1,15.1,44.3,26.4,15.0,36.6,33.4,31.0,25.2,32.3,11.6,18.8,33.7,41.7,15.1,16.8,22.1,33.1,16.1,20.6,38.1,32.2,39.2,44.6,28.9,34.9,36.0,29.9,42.8,23.9,13.3,20.9,11.1,23.2,25.0,16.1,17.6,11.3,23.7,13.4,13.5,14.6,15.7,28.2,21.1,28.6,25.8,24.3,42.1,23.6,44.6,38.8,23.1,35.2,39.5,21.1,25.7,25.08
984,Luna Burke,24.4,42.3,33.2,13.6,21.5,44.4,22.5,42.1,42.8,40.2,40.5,20.5,41.2,20.9,26.2,20.6,40.7,34.8,13.7,21.0,10.3,21.0,33.0,42.5,34.1,18.4,27.0,31.9,20.5,22.6,20.1,24.7,42.3,27.3,28.0,23.9,33.3,20.2,35.2,31.4,30.9,43.3,34.1,27.6,31.0,31.5,10.7,12.1,11.2,14.0,32.1,37.8,34.5,32.0,33.1,23.9,15.5,14.8,13.4,15.3,26.53
985,Leo Burke,35.7,20.1,29.0,17.1,21.6,31.2,33.0,28.1,28.0,29.1,29.4,27.3,37.1,10.0,18.5,40.3,25.0,31.7,11.5,19.8,14.7,18.6,37.5,40.2,33.6,23.3,34.8,21.9,13.5,18.8,37.4,11.1,18.4,22.3,22.3,12.5,37.6,33.2,42.5,36.6,29.2,25.2,19.6,36.2,31.6,35.7,41.0,19.0,37.7,35.4,39.9,33.5,18.9,34.1,32.8,44.2,12.7,19.1,40.3,34.3,27.87
986,Ivy Burke,89.6,74.6,66.9,62.2,68.1,74.0,67.9,63.7,91.6,82.4,89.5,80.2,66.4,80.8,80.0,70.3,69.3,78.8,87.2,81.4,70.0,74.9,59.8,84.9,78.2,61.0,72.5,56.8,55.1,58.4,88.2,94.9,67.8,98.7,92.7,94.1,63.2,90.2,88.8,86.3,65.7,93.3,67.2,99.0,89.6,79.2,58.8,94.0,93.1,86.8,61.7,79.9,87.2,75.9,76.0,63.8,90.7,67.2,64.4,68.2,79.01
987,Elijah Burke,63.2,96.5,58.8,93.1,85.0,76.9,89.3,78.2,66.8,72.7,70.0,59.7,69.7,68.5,67.7,75.7,73.8,84.2,81.2,79.9,87.6,82.7,69.8,89.0,85.4,91.7,69.3,55.2,73.6,73.0,80.2,73.0,73.6,72.8,73.9,76.7,63.2,87.3,79.9,78.2,65.2,84.8,92.8,88.4,85.4,69.3,62.2,84.3,90.0,82.8,86.5,73.0,90.1,87.7,85.9,69.8,93.1,78.3,71.0,74.8,78.73
988,Stella Burke,36.9,39.0,17.6,14.7,21.3,32.6,28.6,39.4,41.0,38.0,21.5,16.1,11.5,10.3,12.7,11.7,25.4,35.4,24.4,24.3,44.5,41.7,40.3,38.9,40.2,26.8,19.6,30.4,40.4,34.5,42.6,30.0,30.9,19.7,25.6,40.6,23.0,39.6,32.4,33.2,37.2,40.5,21.0,38.4,36.2,39.8,41.8,29.3,40.9,39.3,42.0,24.3,43.8,13.3,22.7,15.4,25.2,36.2,12.6,17.8,28.82
989,Caleb Burke,75.4,95.3,72.4,56.4,66.3,61.1,64.4,61.0,70.1,66.9,77.3,85.0,59.9,92.1,84.9,62.3,92.4,67.4,87.1,81.9,94.5,92.8,76.9,73.5,79.3,70.9,56.7,55.7,63.2,62.4,71.2,88.2,62.6,88.5,82.7,99.8,95.7,70.7,62.2,72.8,67.4,92.4,56.8,77.2,75.2,77.6,66.3,60.9,60.4,63.5,81.2,63.9,79.5,96.1,87.6,79.9,96.9,66.9,92.4,87.9,75.95
990,Willow Burke,10.8,25.9,37.8,19.0,21.3,29.4,20.9,40.5,15.1,21.2,25.4,41.1,17.5,17.7,21.8,24.0,31.5,20.5,22.0,23.3,12.6,34.5,24.9,15.0,18.6,16.5,25.8,41.0,39.7,34.9,41.8,28.0,15.8,14.8,20.3,16.8,17.2,23.2,11.5,14.5,27.2,44.4,35.9,11.7,21.4,37.0,13.2,20.8,44.8,36.3,27.5,30.9,15.4,23.3,23.8,33.0,38.7,20.4,42.4,37.7,24.59
991,David Burke,38.6,11.5,25.3,28.7,27.3,34.3,10.5,21.6,33.8,29.1,43.5,38.8,16.6,37.0,35.4,17.7,19.3,33.4,11.1,16.0,42.7,21.1,20.9,11.3,18.1,25.9,44.1,42.3,30.8,33.5,10.2,34.4,26.9,29.1,27.0,41.2,17.0,23.2,34.0,31.3,24.1,15.8,22.3,10.5,14.6,32.8,31.9,38.0,18.5,24.8,22.3,44.2,43.5,18.9,26.0,35.2,44.6,35.3,43.9,41.7,27.07
992,Maya Burke,90.5,59.8,70.9,66.5,69.4,57.3,98.5,81.9,97.8,90.4,94.8,70.5,58.6,77.6,76.4,90.2,78.7,60.8,63.5,68.7,70.9,96.2,80.5,79.1,80.5,70.4,79.2,97.1,76.1,78.6,88.0,89.8,72.9,68.0,74.2,62.8,64.6,96.1,86.1,81.5,66.5,98.5,64.8,75.5,75.9,76.1,62.3,63.5,76.8,73.0,82.0,84.1,73.2,66.7,71.9,71.8,70.0,98.2,76.0,77.6,76.51
993,Gabriel Burke,21.2,14.6,17.9,15.1,16.2,27.0,35.4,31.5,40.5,36.8,34.7,40.4,26.0,30.4,31.7,19.1,23.8,32.8,12.9,17.8,29.1,39.5,32.3,32.6,33.0,33.7,44.2,17.8,42.5,38.3,44.1,15.6,13.7,14.6,18.5,36.7,24.0,10.6,18.8,20.8,35.7,26.6,30.9,38.9,35.8,15.7,41.1,33.2,10.8,18.5,26.8,38.6,15.1,10.2,16.9,19.5,40.7,19.1,27.0,26.8,25.92
994,Naomi Burke,91.3,64.9,87.7,65.1,71.6,80.7,91.8,76.9,78.7,80.5,93.6,84.3,80.8,68.5,75.6,70.2,91.1,66.7,68.1,71.3,69.9,93.3,97.1,86.4,86.5,95.7,96.7,66.4,69.2,76.0,75.0,96.9,66.6,80.9,80.3,57.6,59.1,55.9,99.8,82.9,97.0,96.2,76.9,95.2,93.1,93.0,86.9,72.8,81.3,82.5,69.0,60.8,61.1,64.5,64.2,79.3,63.8,64.1,59.3,63.2,77.31
995,Samuel Burke,67.2,76.2,80.6,81.7,78.9,57.8,91.4,55.4,75.3,72.5,96.3,97.4,99.7,83.0,88.9,60.3,76.0,55.8,99.1,85.1,75.8,85.9,60.4,95.5,86.9,68.0,77.5,73.0,62.0,66.3,61.4,61.8,94.6,75.8,74.5,86.7,89.5,55.9,86.4,82.8,77.3,99.9,83.3,66.8,74.8,90.8,59.1,68.7,59.3,64.7,75.5,83.3,93.9,98.0,92.5,56.0,84.6,68.3,78.7,75.1,78.58
996,Anna Burke,29.7,30.8,29.9,14.3,20.6,44.2,44.9,19.3,30.0,32.5,16.6,44.4,14.8,40.3,34.3,38.5,37.8,28.5,39.8,37.9,14.4,17.7,19.6,39.7,30.7,21.6,29.7,35.1,37.3,33.9,12.4,20.6,19.3,34.0,27.4,19.5,25.0,31.6,20.2,22.3,32.1,25.0,14.7,26.2,25.3,14.7,19.0,13.8,31.0,24.9,26.7,12.0,21.7,11.4,14.9,11.1,35.0,14.8,23.5,22.2,27.24
997,Jack Burke,93.8,68.8,80.6,99.3,92.0,76.9,57.5,86.0,85.5,80.7,64.8,59.5,69.5,88.5,78.9,83.2,73.4,71.2,75.8,75.9,71.6,58.0,88.0,56.1,62.7,61.0,99.3,97.6,94.2,90.9,94.5,88.3,72.7,80.4,82.3,80.9,65.1,93.4,83.6,82.1,83.7,92.2,99.6,73.7,81.0,58.9,79.0,89.2,78.1,77.1,70.2,89.0,70.8,61.1,67.3,97.0,61.4,97.9,86.1,85.8,79.73
998,Elena Burke,58.7,76.4,56.3,93.4,81.6,71.2,64.0,63.1,63.8,64.7,73.0,92.5,77.5,89.5,86.1,82.3,80.5,63.9,93.8,86.5,85.7,100.0,88.6,86.0,88.2,61.6,73.2,65.8,77.4,73.2,74.1,56.7,67.3,75.5,71.7,82.3,74.6,79.6,98.1,90.4,88.9,74.6,66.7,70.5,73.0,93.6,92.1,79.3,79.8,83.2,90.5,99.2,94.8,99.1,97.4,67.4,84.7,78.7,76.4,76.6,81.05
999,Carter Burke,77.4,82.0,68.8,74.5,75.1,89.3,90.3,69.2,96.0,90.8,67.4,69.3,73.3,85.6,79.4,80.1,56.1,75.7,83.3,78.2,73.8,60.7,87.8,82.7,79.3,64.1,69.9,65.0,73.7,70.8,86.7,56.2,84.5,93.5,86.4,93.8,81.3,67.4,73.8,76.6,68.7,96.0,55.1,95.4,86.5,85.1,74.5,97.8,98.4,93.4,76.9,85.2,90.3,75.3,78.8,60.9,90.4,73.3,82.1,79.2,81.21
1000,Sofia Burke,85.6,83.0,62.0,71.6,73.7,87.5,80.8,61.3,73.6,74.8,59.7,96.3,73.1,87.2,82.9,87.1,92.4,75.9,79.1,81.5,56.3,78.6,91.7,82.4,79.7,78.3,93.4,96.0,95.2,92.8,95.2,73.1,65.6,83.6,81.3,58.0,55.9,77.5,84.8,76.4,96.9,80.2,60.1,91.9,86.8,91.8,83.5,93.9,77.0,82.1,70.0,75.2,89.2,80.0,79.3,72.0,90.9,99.0,60.1,71.0,80.19
